SnapshotDate;SnapshotTime;Arbetsgivare;Plats;Arbetstagare;Kommun;DetailURL;PageNumber;RawText
2026-09-28;08:20:44+0000;Wayss & Freytag Ingenieurbau AG;Svartövägen 22 97437 Luleå;3;Luleå;https://www.av.se/arbetsmiljoarbete-och-inspektioner/e-tjanster-och-blanketter/sok-utstationering/?id=1d922af8-dfb6-422d-69f7-08de96bb1da4&E=System.String[];1;Wayss & Freytag Ingenieurbau AG | Svartövägen 22 97437 Luleå | 3 | Läs mer
2026-09-28;08:20:44+0000;Vaseliinimonni Holding Oy;Kärrviolgatan 3 97636 Luleå;9;Luleå;https://www.av.se/arbetsmiljoarbete-och-inspektioner/e-tjanster-och-blanketter/sok-utstationering/?id=b271556e-9b41-4cfd-f728-08df07e709c2&E=System.String[];1;Vaseliinimonni Holding Oy | Kärrviolgatan 3 97636 Luleå | 9 | Läs mer
2026-09-28;08:20:44+0000;UAB Izolitas;Strömörvägen 2C 97437 Luleå;4;Luleå;https://www.av.se/arbetsmiljoarbete-och-inspektioner/e-tjanster-och-blanketter/sok-utstationering/?id=b60d675d-202d-4ade-6465-08def82f4ed9&E=System.String[];1;UAB Izolitas | Strömörvägen 2C 97437 Luleå | 4 | Läs mer
2026-09-28;08:20:44+0000;UAB IGMABALT;Svartövägen 22 97437 Luleå;4;Luleå;https://www.av.se/arbetsmiljoarbete-och-inspektioner/e-tjanster-och-blanketter/sok-utstationering/?id=08adbd9b-c0d3-4454-4c28-08de571a37cb&E=System.String[];1;UAB IGMABALT | Svartövägen 22 97437 Luleå | 4 | Läs mer
2026-09-28;08:20:44+0000;UAB ESP Projects;Svartövägen 22 97437 Luleå;2;Luleå;https://www.av.se/arbetsmiljoarbete-och-inspektioner/e-tjanster-och-blanketter/sok-utstationering/?id=aa06e5c9-3cf5-4c30-d22e-08de9c40cdc8&E=System.String[];1;UAB ESP Projects | Svartövägen 22 97437 Luleå | 2 | Läs mer
2026-09-28;08:20:44+0000;UAB Cebeco grupe;Torpslingan 23A 97347 Luleå;12;Luleå;https://www.av.se/arbetsmiljoarbete-och-inspektioner/e-tjanster-och-blanketter/sok-utstationering/?id=90763578-0938-4a34-7ee1-08deac0005ec&E=System.String[];1;UAB Cebeco grupe | Torpslingan 23A 97347 Luleå | 12 | Läs mer
2026-09-28;08:20:44+0000;UAB Cebeco grupe;Torpslingan 19A 97347 Luleå;13;Luleå;https://www.av.se/arbetsmiljoarbete-och-inspektioner/e-tjanster-och-blanketter/sok-utstationering/?id=e7b6d759-43d7-4f84-7573-08deb17c1a5b&E=System.String[];1;UAB Cebeco grupe | Torpslingan 19A 97347 Luleå | 13 | Läs mer
2026-09-28;08:20:44+0000;UAB Cebeco grupe;Torpslingan 25A 97347 Luleå;12;Luleå;https://www.av.se/arbetsmiljoarbete-och-inspektioner/e-tjanster-och-blanketter/sok-utstationering/?id=9ba6fbb7-d710-4414-2a40-08deb561d804&E=System.String[];1;UAB Cebeco grupe | Torpslingan 25A 97347 Luleå | 12 | Läs mer
2026-09-28;08:20:44+0000;UAB Cebeco grupe;Magasinsgatan 13A 97241 Luleå;12;Luleå;https://www.av.se/arbetsmiljoarbete-och-inspektioner/e-tjanster-och-blanketter/sok-utstationering/?id=3d2d9563-7a82-4dae-701b-08dee7b829f5&E=System.String[];1;UAB Cebeco grupe | Magasinsgatan 13A 97241 Luleå | 12 | Läs mer
2026-09-28;08:20:44+0000;"UAB ""Strele logistics""";Bodenvägen 405 95442 Södra Sunderbyn;2;Luleå;https://www.av.se/arbetsmiljoarbete-och-inspektioner/e-tjanster-och-blanketter/sok-utstationering/?id=f0c81e1c-8af2-41e6-7880-08de25980a98&E=System.String[];1;"UAB ""Strele logistics"" | Bodenvägen 405 95442 Södra Sunderbyn | 2 | Läs mer"
2026-09-28;08:20:44+0000;Turun Nostopalvelu Oy;Svartövägen 22 97437 Luleå;24;Luleå;https://www.av.se/arbetsmiljoarbete-och-inspektioner/e-tjanster-och-blanketter/sok-utstationering/?id=c24154f7-6049-4fa6-4ddf-08dec7d735a1&E=System.String[];1;Turun Nostopalvelu Oy | Svartövägen 22 97437 Luleå | 24 | Läs mer
2026-09-28;08:20:44+0000;Trondecom OÜ;Svartövägen 20 97437 Luleå;1;Luleå;https://www.av.se/arbetsmiljoarbete-och-inspektioner/e-tjanster-och-blanketter/sok-utstationering/?id=acb2a0c3-70a2-4a1c-0fa6-08de95274a1e&E=System.String[];1;Trondecom OÜ | Svartövägen 20 97437 Luleå | 1 | Läs mer
2026-09-28;08:20:44+0000;Trondecom OÜ;Svartövägen 22 97437 Luleå;1;Luleå;https://www.av.se/arbetsmiljoarbete-och-inspektioner/e-tjanster-och-blanketter/sok-utstationering/?id=b236b410-62e6-4894-0fac-08de95274a1e&E=System.String[];1;Trondecom OÜ | Svartövägen 22 97437 Luleå | 1 | Läs mer
2026-09-28;08:20:44+0000;Sweco Polska Sp.z o.o.;Västra Varvsgatan 11 97236 Luleå;2;Luleå;https://www.av.se/arbetsmiljoarbete-och-inspektioner/e-tjanster-och-blanketter/sok-utstationering/?id=5ed6c50a-0715-40b0-fd56-08dc79536504&E=System.String[];1;Sweco Polska Sp.z o.o. | Västra Varvsgatan 11 97236 Luleå | 2 | Läs mer
2026-09-28;08:20:44+0000;Sweco Polska Sp.z o.o.;Svartövägen 22 97437 Luleå;6;Luleå;https://www.av.se/arbetsmiljoarbete-och-inspektioner/e-tjanster-och-blanketter/sok-utstationering/?id=8579ff33-e953-4e00-a72e-08de781a88b3&E=System.String[];1;Sweco Polska Sp.z o.o. | Svartövägen 22 97437 Luleå | 6 | Läs mer
2026-09-28;08:20:44+0000;SSAB Europe Oy;Svartövägen 22 97437 Luleå;28;Luleå;https://www.av.se/arbetsmiljoarbete-och-inspektioner/e-tjanster-och-blanketter/sok-utstationering/?id=46ad4a98-f1fe-4e26-c9c5-08de6799644f&E=System.String[];1;SSAB Europe Oy | Svartövägen 22 97437 Luleå | 28 | Läs mer
2026-09-28;08:20:44+0000;SprayPro OY;Betongvägen 34 97345 Luleå;1;Luleå;https://www.av.se/arbetsmiljoarbete-och-inspektioner/e-tjanster-och-blanketter/sok-utstationering/?id=2d501cad-1a42-4d7f-e1c8-08dea67520c8&E=System.String[];1;SprayPro OY | Betongvägen 34 97345 Luleå | 1 | Läs mer
2026-09-28;08:20:44+0000;SCANEST OU;Svartövägen 20 97437 Luleå;4;Luleå;https://www.av.se/arbetsmiljoarbete-och-inspektioner/e-tjanster-och-blanketter/sok-utstationering/?id=7f85787e-f520-474d-98b1-08d944f46adb&E=System.String[];1;SCANEST OU | Svartövägen 20 97437 Luleå | 4 | Läs mer
2026-09-28;08:20:44+0000;Scaff-Tech Maja Laskowska;Maskinvägen 16 97254 Luleå;6;Luleå;https://www.av.se/arbetsmiljoarbete-och-inspektioner/e-tjanster-och-blanketter/sok-utstationering/?id=461a4b6d-a3ee-42ba-c7af-08ddad63622e&E=System.String[];1;Scaff-Tech Maja Laskowska | Maskinvägen 16 97254 Luleå | 6 | Läs mer
2026-09-28;08:20:44+0000;SBS MANAGEMENT SP. Z O.O.;Småbåtsgatan 1 97235 Luleå;19;Luleå;https://www.av.se/arbetsmiljoarbete-och-inspektioner/e-tjanster-och-blanketter/sok-utstationering/?id=a52db6cf-1b51-4053-5477-08de4ce56eeb&E=System.String[];1;SBS MANAGEMENT SP. Z O.O. | Småbåtsgatan 1 97235 Luleå | 19 | Läs mer
2026-09-28;08:20:44+0000;RSK NORD;Handelsvägen 19 97345 Luleå;2;Luleå;https://www.av.se/arbetsmiljoarbete-och-inspektioner/e-tjanster-och-blanketter/sok-utstationering/?id=6afc0d3d-aac5-4796-83e5-08de12bfcc0c&E=System.String[];1;RSK NORD | Handelsvägen 19 97345 Luleå | 2 | Läs mer
2026-09-28;08:20:44+0000;Restak Tornio Oy;Lejdevägen 10 97596 Luleå;18;Luleå;https://www.av.se/arbetsmiljoarbete-och-inspektioner/e-tjanster-och-blanketter/sok-utstationering/?id=b873d361-6104-4b81-9bd3-08df0f60d3d1&E=System.String[];1;Restak Tornio Oy | Lejdevägen 10 97596 Luleå | 18 | Läs mer
2026-09-28;08:20:44+0000;Restak Tornio Oy;Holmarvägen 153 97598 Luleå;18;Luleå;https://www.av.se/arbetsmiljoarbete-och-inspektioner/e-tjanster-och-blanketter/sok-utstationering/?id=fb6d2424-c199-4b1b-63e4-08df13a80524&E=System.String[];1;Restak Tornio Oy | Holmarvägen 153 97598 Luleå | 18 | Läs mer
2026-09-28;08:20:44+0000;Restak Tornio Oy;Siktgatan 3 97441 Luleå;18;Luleå;https://www.av.se/arbetsmiljoarbete-och-inspektioner/e-tjanster-och-blanketter/sok-utstationering/?id=5f9e1b01-b70b-45bb-9bd4-08df0f60d3d1&E=System.String[];1;Restak Tornio Oy | Siktgatan 3 97441 Luleå | 18 | Läs mer
2026-09-28;08:20:44+0000;Restak Tornio Oy;Långnäsvägen 30 97593 Luleå;18;Luleå;https://www.av.se/arbetsmiljoarbete-och-inspektioner/e-tjanster-och-blanketter/sok-utstationering/?id=bf84580b-ac01-4387-63e6-08df13a80524&E=System.String[];1;Restak Tornio Oy | Långnäsvägen 30 97593 Luleå | 18 | Läs mer
2026-09-28;08:20:44+0000;Rejlers Finland Oy;Svartövägen 22 97437 Luleå;1;Luleå;https://www.av.se/arbetsmiljoarbete-och-inspektioner/e-tjanster-och-blanketter/sok-utstationering/?id=cd98fb1a-a7be-4699-3f0c-08de7f357c80&E=System.String[];1;Rejlers Finland Oy | Svartövägen 22 97437 Luleå | 1 | Läs mer
2026-09-28;08:20:44+0000;RBTEAM SP Z O.O;Svartövägen 22 97437 Luleå;4;Luleå;https://www.av.se/arbetsmiljoarbete-och-inspektioner/e-tjanster-och-blanketter/sok-utstationering/?id=3606adfc-1511-481f-74a6-08de00565b6e&E=System.String[];1;RBTEAM SP Z O.O | Svartövägen 22 97437 Luleå | 4 | Läs mer
2026-09-28;08:20:44+0000;QSI Consulting Ltd;Svartövägen 20 97437 Luleå;5;Luleå;https://www.av.se/arbetsmiljoarbete-och-inspektioner/e-tjanster-och-blanketter/sok-utstationering/?id=a20c4128-07a7-4afc-c18a-08de715aebcf&E=System.String[];1;QSI Consulting Ltd | Svartövägen 20 97437 Luleå | 5 | Läs mer
2026-09-28;08:20:44+0000;Proside OÜ;Teknikens hus väg 2 97754 Luleå;6;Luleå;https://www.av.se/arbetsmiljoarbete-och-inspektioner/e-tjanster-och-blanketter/sok-utstationering/?id=9dd5c854-dbe5-45ad-da40-08df03347e6c&E=System.String[];1;Proside OÜ | Teknikens hus väg 2 97754 Luleå | 6 | Läs mer
2026-09-28;08:20:44+0000;ProPiling Oy;Nordkalottvägen 3 97254 Luleå;2;Luleå;https://www.av.se/arbetsmiljoarbete-och-inspektioner/e-tjanster-och-blanketter/sok-utstationering/?id=0392b34b-d4ef-4d0a-09a0-08deeb94af0b&E=System.String[];1;ProPiling Oy | Nordkalottvägen 3 97254 Luleå | 2 | Läs mer
2026-09-28;08:20:44+0000;ProPiling Oy;Svartövägen 22 97437 Luleå;11;Luleå;https://www.av.se/arbetsmiljoarbete-och-inspektioner/e-tjanster-och-blanketter/sok-utstationering/?id=3482cb1e-e747-4fea-09a2-08deeb94af0b&E=System.String[];1;ProPiling Oy | Svartövägen 22 97437 Luleå | 11 | Läs mer
2026-09-28;08:20:44+0000;ProPiling oy;Svartövägen 22 97437 Luleå;5;Luleå;https://www.av.se/arbetsmiljoarbete-och-inspektioner/e-tjanster-och-blanketter/sok-utstationering/?id=36d7cee9-73fc-463c-e037-08dea5ad07be&E=System.String[];1;ProPiling oy | Svartövägen 22 97437 Luleå | 5 | Läs mer
2026-09-28;08:20:44+0000;PROACTS s.à.r.l.;Svartövägen 20 97437 Luleå;2;Luleå;https://www.av.se/arbetsmiljoarbete-och-inspektioner/e-tjanster-och-blanketter/sok-utstationering/?id=47e09487-8d0d-42f0-9e7c-08de57ecfe68&E=System.String[];1;PROACTS s.à.r.l. | Svartövägen 20 97437 Luleå | 2 | Läs mer
2026-09-28;08:20:44+0000;PHS-Tech GmbH;Teknikvägen 1 97347 Luleå;2;Luleå;https://www.av.se/arbetsmiljoarbete-och-inspektioner/e-tjanster-och-blanketter/sok-utstationering/?id=871704ba-3490-46ec-ff8e-08dc9b7efe0c&E=System.String[];1;PHS-Tech GmbH | Teknikvägen 1 97347 Luleå | 2 | Läs mer
2026-09-28;08:20:44+0000;OÜ Moodul Ekspert;Teknikens hus väg 2 97754 Luleå;19;Luleå;https://www.av.se/arbetsmiljoarbete-och-inspektioner/e-tjanster-och-blanketter/sok-utstationering/?id=7bb40a20-f9f8-4926-3db5-08defc0ccd4d&E=System.String[];1;OÜ Moodul Ekspert | Teknikens hus väg 2 97754 Luleå | 19 | Läs mer
2026-09-28;08:20:44+0000;OÜ Moodul Ekspert;Haparandavägen 300 97596 Luleå;11;Luleå;https://www.av.se/arbetsmiljoarbete-och-inspektioner/e-tjanster-och-blanketter/sok-utstationering/?id=19e7cbcb-78e7-4db0-708a-08deaf089016&E=System.String[];1;OÜ Moodul Ekspert | Haparandavägen 300 97596 Luleå | 11 | Läs mer
2026-09-28;08:20:44+0000;Osterlunds Jordbyggnad;Svartövägen 22 97437 Luleå;3;Luleå;https://www.av.se/arbetsmiljoarbete-och-inspektioner/e-tjanster-och-blanketter/sok-utstationering/?id=4bad3d26-6b61-49b8-5278-08de8fa033d3&E=System.String[];1;Osterlunds Jordbyggnad | Svartövägen 22 97437 Luleå | 3 | Läs mer
2026-09-28;08:20:44+0000;NORD KRAFT COMPANY;Hantverksvägen 8 95433 Gammelstad;2;Luleå;https://www.av.se/arbetsmiljoarbete-och-inspektioner/e-tjanster-och-blanketter/sok-utstationering/?id=1b1ae553-c568-4273-83e3-08deba1a6b82&E=System.String[];1;NORD KRAFT COMPANY | Hantverksvägen 8 95433 Gammelstad | 2 | Läs mer
2026-09-28;08:20:44+0000;Niskasen Maansiirto Oy;Svartövägen 22 97437 Luleå;14;Luleå;https://www.av.se/arbetsmiljoarbete-och-inspektioner/e-tjanster-och-blanketter/sok-utstationering/?id=e7cb19fa-daae-4093-708c-08deaf089016&E=System.String[];1;Niskasen Maansiirto Oy | Svartövägen 22 97437 Luleå | 14 | Läs mer
2026-09-28;08:20:44+0000;Mitta Oy;Svartövägen 22 97437 Luleå;4;Luleå;https://www.av.se/arbetsmiljoarbete-och-inspektioner/e-tjanster-och-blanketter/sok-utstationering/?id=1a073ab4-af30-47c9-4172-08dea4148c97&E=System.String[];1;Mitta Oy | Svartövägen 22 97437 Luleå | 4 | Läs mer
2026-09-28;08:20:44+0000;Mercury Engineering Limited;Datavägen 10 97754 Luleå;1;Luleå;https://www.av.se/arbetsmiljoarbete-och-inspektioner/e-tjanster-och-blanketter/sok-utstationering/?id=a6a2c592-2d41-4215-a9bb-08de387cb537&E=System.String[];1;Mercury Engineering Limited | Datavägen 10 97754 Luleå | 1 | Läs mer
2026-09-28;08:20:44+0000;KLM Ehitus OÜ;Haparandavägen 300 97596 Luleå;11;Luleå;https://www.av.se/arbetsmiljoarbete-och-inspektioner/e-tjanster-och-blanketter/sok-utstationering/?id=c8357ab5-ee0d-4f1b-70a1-08deaf089016&E=System.String[];1;KLM Ehitus OÜ | Haparandavägen 300 97596 Luleå | 11 | Läs mer
2026-09-28;08:20:44+0000;K-LAGAN ESPAÑA, S.L.U.;Svartövägen 22 97437 Luleå;1;Luleå;https://www.av.se/arbetsmiljoarbete-och-inspektioner/e-tjanster-och-blanketter/sok-utstationering/?id=45bbe1db-54ee-4e31-4bec-08dedb16682e&E=System.String[];1;K-LAGAN ESPAÑA, S.L.U. | Svartövägen 22 97437 Luleå | 1 | Läs mer
2026-09-28;08:20:44+0000;K-LAGAN ESPAÑA, S.L.U.;Svartövägen 22 97437 Luleå;1;Luleå;https://www.av.se/arbetsmiljoarbete-och-inspektioner/e-tjanster-och-blanketter/sok-utstationering/?id=d9d54db4-c6d7-48b0-00ca-08df097a13d5&E=System.String[];1;K-LAGAN ESPAÑA, S.L.U. | Svartövägen 22 97437 Luleå | 1 | Läs mer
2026-09-28;08:20:44+0000;KINTEC RECRUITMENT LIMITED;Svartövägen 22 97437 Luleå;6;Luleå;https://www.av.se/arbetsmiljoarbete-och-inspektioner/e-tjanster-och-blanketter/sok-utstationering/?id=07f55b79-68ef-4e17-3fa8-08de5ef121a2&E=System.String[];1;KINTEC RECRUITMENT LIMITED | Svartövägen 22 97437 Luleå | 6 | Läs mer
2026-09-28;08:20:44+0000;KGS Keller Geräte & Service GmbH;Svartövägen 22 97437 Luleå;3;Luleå;https://www.av.se/arbetsmiljoarbete-och-inspektioner/e-tjanster-och-blanketter/sok-utstationering/?id=35ecf3ea-781d-4c93-e827-08de75bfad34&E=System.String[];1;KGS Keller Geräte & Service GmbH | Svartövägen 22 97437 Luleå | 3 | Läs mer
2026-09-28;08:20:44+0000;Keller Grundbau GmbH;Svartövägen 22 97437 Luleå;6;Luleå;https://www.av.se/arbetsmiljoarbete-och-inspektioner/e-tjanster-och-blanketter/sok-utstationering/?id=56434c09-8b8d-480f-485b-08de7d9afff4&E=System.String[];1;Keller Grundbau GmbH | Svartövägen 22 97437 Luleå | 6 | Läs mer
2026-09-28;08:20:44+0000;Keller Group Plc;Svartövägen 22 97437 Luleå;3;Luleå;https://www.av.se/arbetsmiljoarbete-och-inspektioner/e-tjanster-och-blanketter/sok-utstationering/?id=ff9b6f87-6b62-454a-897a-08dea1bee328&E=System.String[];1;Keller Group Plc | Svartövägen 22 97437 Luleå | 3 | Läs mer
2026-09-28;08:20:44+0000;Keller Group Plc;Svartövägen 22 97437 Luleå;1;Luleå;https://www.av.se/arbetsmiljoarbete-och-inspektioner/e-tjanster-och-blanketter/sok-utstationering/?id=cd75e774-1a2c-4034-8a14-08df19f7e3f2&E=System.String[];1;Keller Group Plc | Svartövägen 22 97437 Luleå | 1 | Läs mer
2026-09-28;08:20:44+0000;Keller Fondazioni SRL;Svartövägen 22 97437 Luleå;1;Luleå;https://www.av.se/arbetsmiljoarbete-och-inspektioner/e-tjanster-och-blanketter/sok-utstationering/?id=52c36e9c-187a-4d19-4ab2-08df146b5fd2&E=System.String[];1;Keller Fondazioni SRL | Svartövägen 22 97437 Luleå | 1 | Läs mer
2026-09-28;08:20:44+0000;JIS-Urakointi Oy;Svartövägen 22 97437 Luleå;2;Luleå;https://www.av.se/arbetsmiljoarbete-och-inspektioner/e-tjanster-och-blanketter/sok-utstationering/?id=cede075b-c96e-4af0-5fe2-08df179bc8c0&E=System.String[];2;JIS-Urakointi Oy | Svartövägen 22 97437 Luleå | 2 | Läs mer
2026-09-28;08:20:44+0000;IDOM ENGENHARIA - SERVIÇOS DE ENGENHARIA E CONSULTORIA, LDA;Svartövägen 22 97437 Luleå;1;Luleå;https://www.av.se/arbetsmiljoarbete-och-inspektioner/e-tjanster-och-blanketter/sok-utstationering/?id=05b93bae-f42b-4dff-e5e6-08de6475ef08&E=System.String[];2;IDOM ENGENHARIA - SERVIÇOS DE ENGENHARIA E CONSULTORIA, LDA | Svartövägen 22 97437 Luleå | 1 | Läs mer
2026-09-28;08:20:44+0000;IDOM CONSULTING ENGINEERING ARCHITECTURE SAU;Svartövägen 22 97437 Luleå;13;Luleå;https://www.av.se/arbetsmiljoarbete-och-inspektioner/e-tjanster-och-blanketter/sok-utstationering/?id=e13d76b4-d889-475b-c1c3-08de51987b9a&E=System.String[];2;IDOM CONSULTING ENGINEERING ARCHITECTURE SAU | Svartövägen 22 97437 Luleå | 13 | Läs mer
2026-09-28;08:20:44+0000;Geosystems s.r.o.;Svartövägen 22 97437 Luleå;6;Luleå;https://www.av.se/arbetsmiljoarbete-och-inspektioner/e-tjanster-och-blanketter/sok-utstationering/?id=33d5e7d2-ec0b-42c2-5ed6-08de4c2495f0&E=System.String[];2;Geosystems s.r.o. | Svartövägen 22 97437 Luleå | 6 | Läs mer
2026-09-28;08:20:44+0000;GEO Fundamentering & Bergboring AS;Svartövägen 22 97437 Luleå;5;Luleå;https://www.av.se/arbetsmiljoarbete-och-inspektioner/e-tjanster-och-blanketter/sok-utstationering/?id=a9ca633f-9c04-4ac2-eb5c-08dec83892d0&E=System.String[];2;GEO Fundamentering & Bergboring AS | Svartövägen 22 97437 Luleå | 5 | Läs mer
2026-09-28;08:20:44+0000;Fortis Associates Ltd;Svartövägen 22 97437 Luleå;8;Luleå;https://www.av.se/arbetsmiljoarbete-och-inspektioner/e-tjanster-och-blanketter/sok-utstationering/?id=10512d5c-4473-4a2a-0938-08de290aab5b&E=System.String[];2;Fortis Associates Ltd | Svartövägen 22 97437 Luleå | 8 | Läs mer
2026-09-28;08:20:44+0000;FIRESCUE ApS;Betongvägen 15 97345 Luleå;1;Luleå;https://www.av.se/arbetsmiljoarbete-och-inspektioner/e-tjanster-och-blanketter/sok-utstationering/?id=0ca5632c-b60e-4695-dd2e-08de6c86c4d3&E=System.String[];2;FIRESCUE ApS | Betongvägen 15 97345 Luleå | 1 | Läs mer
2026-09-28;08:20:44+0000;Fimpec PMO Oy;Svartövägen 20 97437 Luleå;1;Luleå;https://www.av.se/arbetsmiljoarbete-och-inspektioner/e-tjanster-och-blanketter/sok-utstationering/?id=50245ce8-de92-4dcc-8150-08de7e5e8497&E=System.String[];2;Fimpec PMO Oy | Svartövägen 20 97437 Luleå | 1 | Läs mer
2026-09-28;08:20:44+0000;Fimpec PMO Oy;Svartövägen 22 97437 Luleå;1;Luleå;https://www.av.se/arbetsmiljoarbete-och-inspektioner/e-tjanster-och-blanketter/sok-utstationering/?id=65473ec7-2c4c-4acd-8152-08de7e5e8497&E=System.String[];2;Fimpec PMO Oy | Svartövägen 22 97437 Luleå | 1 | Läs mer
2026-09-28;08:20:44+0000;Emerald Core Construction Trading as The Advantage Ireland;Uddebovägen 1 97437 Luleå;1;Luleå;https://www.av.se/arbetsmiljoarbete-och-inspektioner/e-tjanster-och-blanketter/sok-utstationering/?id=8da4f1e2-e554-43df-4c02-08de704829f1&E=System.String[];2;Emerald Core Construction Trading as The Advantage Ireland | Uddebovägen 1 97437 Luleå | 1 | Läs mer
2026-09-28;08:20:44+0000;Emerald Core Construction Trading as The Advantage Ireland;Svartövägen 22 97437 Luleå;2;Luleå;https://www.av.se/arbetsmiljoarbete-och-inspektioner/e-tjanster-och-blanketter/sok-utstationering/?id=ffa85eb9-183a-4ef6-4d6d-08de75022dc1&E=System.String[];2;Emerald Core Construction Trading as The Advantage Ireland | Svartövägen 22 97437 Luleå | 2 | Läs mer
2026-09-28;08:20:44+0000;Destia Oy;Svartövägen 22 97437 Luleå;5;Luleå;https://www.av.se/arbetsmiljoarbete-och-inspektioner/e-tjanster-och-blanketter/sok-utstationering/?id=c5b78ca9-993c-4e1e-2a3f-08deb561d804&E=System.String[];2;Destia Oy | Svartövägen 22 97437 Luleå | 5 | Läs mer
2026-09-28;08:20:44+0000;Destia Oy;Svartövägen 22 97437 Luleå;3;Luleå;https://www.av.se/arbetsmiljoarbete-och-inspektioner/e-tjanster-och-blanketter/sok-utstationering/?id=ebb0e441-f609-4cb0-098c-08deeb94af0b&E=System.String[];2;Destia Oy | Svartövägen 22 97437 Luleå | 3 | Läs mer
2026-09-28;08:20:44+0000;Destia Oy;Svartövägen 22 97437 Luleå;8;Luleå;https://www.av.se/arbetsmiljoarbete-och-inspektioner/e-tjanster-och-blanketter/sok-utstationering/?id=aa7f1251-1cb3-4dcd-2a4b-08deb561d804&E=System.String[];2;Destia Oy | Svartövägen 22 97437 Luleå | 8 | Läs mer
2026-09-28;08:20:44+0000;Deel Germany GmbH;Svartövägen 22 97437 Luleå;1;Luleå;https://www.av.se/arbetsmiljoarbete-och-inspektioner/e-tjanster-och-blanketter/sok-utstationering/?id=a23b74c0-cb77-46fa-4ab1-08df146b5fd2&E=System.String[];2;Deel Germany GmbH | Svartövägen 22 97437 Luleå | 1 | Läs mer
2026-09-28;08:20:44+0000;Crane Norway Midt-Norge AS;Svartövägen 22 97437 Luleå;3;Luleå;https://www.av.se/arbetsmiljoarbete-och-inspektioner/e-tjanster-och-blanketter/sok-utstationering/?id=53e4169d-601b-4770-e036-08de5c97ab07&E=System.String[];2;Crane Norway Midt-Norge AS | Svartövägen 22 97437 Luleå | 3 | Läs mer
2026-09-28;08:20:44+0000;Construction Solutions sp. z o.o;Maskinvägen 16 97254 Luleå;6;Luleå;https://www.av.se/arbetsmiljoarbete-och-inspektioner/e-tjanster-och-blanketter/sok-utstationering/?id=7cc83e20-8146-4367-86b6-08dec6a966a4&E=System.String[];2;Construction Solutions sp. z o.o | Maskinvägen 16 97254 Luleå | 6 | Läs mer
2026-09-28;08:20:44+0000;Construction Solutions sp. z o.o;Långbackavägen 10 97595 Luleå;1;Luleå;https://www.av.se/arbetsmiljoarbete-och-inspektioner/e-tjanster-och-blanketter/sok-utstationering/?id=e817cf90-3d8a-4168-6007-08df179bc8c0&E=System.String[];2;Construction Solutions sp. z o.o | Långbackavägen 10 97595 Luleå | 1 | Läs mer
2026-09-28;08:20:44+0000;Carina Solutions Oy;Svartövägen 22 97437 Luleå;7;Luleå;https://www.av.se/arbetsmiljoarbete-och-inspektioner/e-tjanster-och-blanketter/sok-utstationering/?id=a1d3e2df-bebc-451a-4fe5-08de10608a63&E=System.String[];2;Carina Solutions Oy | Svartövägen 22 97437 Luleå | 7 | Läs mer
2026-09-28;08:20:44+0000;Binks Overseas Nordics ApS;Svartövägen 22 97437 Luleå;1;Luleå;https://www.av.se/arbetsmiljoarbete-och-inspektioner/e-tjanster-och-blanketter/sok-utstationering/?id=1d7a6c55-6e6b-4f90-9cd3-08decc209259&E=System.String[];2;Binks Overseas Nordics ApS | Svartövägen 22 97437 Luleå | 1 | Läs mer
2026-09-28;08:20:44+0000;AFRY Finland Oy;Svartövägen 22 97437 Luleå;42;Luleå;https://www.av.se/arbetsmiljoarbete-och-inspektioner/e-tjanster-och-blanketter/sok-utstationering/?id=af9de40e-42f9-434b-4bf2-08de704829f1&E=System.String[];2;AFRY Finland Oy | Svartövägen 22 97437 Luleå | 42 | Läs mer
2026-09-28;08:20:44+0000;AETHERIZE SYSTEMS, SL;Svartövägen 22 97437 Luleå;1;Luleå;https://www.av.se/arbetsmiljoarbete-och-inspektioner/e-tjanster-och-blanketter/sok-utstationering/?id=029c27a3-c841-497a-4f3a-08de8bc612a9&E=System.String[];2;AETHERIZE SYSTEMS, SL | Svartövägen 22 97437 Luleå | 1 | Läs mer
2026-09-28;08:20:44+0000;AETHERIZE SL;Svartövägen 22 97437 Luleå;1;Luleå;https://www.av.se/arbetsmiljoarbete-och-inspektioner/e-tjanster-och-blanketter/sok-utstationering/?id=75b3150c-bc29-4a74-3dae-08defc0ccd4d&E=System.String[];2;AETHERIZE SL | Svartövägen 22 97437 Luleå | 1 | Läs mer
2026-09-28;08:20:44+0000;"ZAKLAD OBSLUGI HOLDINGU ""ZOH"" Sp. z o.o.";Stålverket 20 96140 Boden;5;Boden;https://www.av.se/arbetsmiljoarbete-och-inspektioner/e-tjanster-och-blanketter/sok-utstationering/?id=2da14d0f-e6bf-461c-9bd1-08df0f60d3d1&E=System.String[];1;"ZAKLAD OBSLUGI HOLDINGU ""ZOH"" Sp. z o.o. | Stålverket 20 96140 Boden | 5 | Läs mer"
2026-09-28;08:20:44+0000;Vt & Kumpp. Construction Oy;Stålverket 20 96140 Boden;5;Boden;https://www.av.se/arbetsmiljoarbete-och-inspektioner/e-tjanster-och-blanketter/sok-utstationering/?id=0afa0d93-eb69-4aa6-15f5-08ddb209085d&E=System.String[];1;Vt & Kumpp. Construction Oy | Stålverket 20 96140 Boden | 5 | Läs mer
2026-09-28;08:20:44+0000;WQ Master oy;Stålverket 20 96140 Boden;1;Boden;https://www.av.se/arbetsmiljoarbete-och-inspektioner/e-tjanster-och-blanketter/sok-utstationering/?id=b557ee5f-ea4e-451c-13e3-08ddeb728b8d&E=System.String[];1;WQ Master oy | Stålverket 20 96140 Boden | 1 | Läs mer
2026-09-28;08:20:44+0000;WPI pro service;Bullerleden 5 96167 Boden;2;Boden;https://www.av.se/arbetsmiljoarbete-och-inspektioner/e-tjanster-och-blanketter/sok-utstationering/?id=62af04e0-2969-49f4-5ec5-08def11eb407&E=System.String[];1;WPI pro service | Bullerleden 5 96167 Boden | 2 | Läs mer
2026-09-28;08:20:44+0000;Workforsa Nord OÜ;Stålverket 20 96140 Boden;48;Boden;https://www.av.se/arbetsmiljoarbete-och-inspektioner/e-tjanster-och-blanketter/sok-utstationering/?id=35b2d0f3-a8b4-486f-c3ad-08def7577433&E=System.String[];1;Workforsa Nord OÜ | Stålverket 20 96140 Boden | 48 | Läs mer
2026-09-28;08:20:44+0000;Volvo Construction Equipment Finland Oy;Stålverket 20 96140 Boden;3;Boden;https://www.av.se/arbetsmiljoarbete-och-inspektioner/e-tjanster-och-blanketter/sok-utstationering/?id=d4d1045c-c60e-43a6-7c89-08dc53ebc584&E=System.String[];1;Volvo Construction Equipment Finland Oy | Stålverket 20 96140 Boden | 3 | Läs mer
2026-09-28;08:20:44+0000;VMAT CONSTRUCTION;Stålverket 20 96140 Boden;4;Boden;https://www.av.se/arbetsmiljoarbete-och-inspektioner/e-tjanster-och-blanketter/sok-utstationering/?id=b679b740-95ed-4079-8977-08dea1bee328&E=System.String[];1;VMAT CONSTRUCTION | Stålverket 20 96140 Boden | 4 | Läs mer
2026-09-28;08:20:44+0000;VLAVI Resurss;Stålverket 20 96140 Boden;13;Boden;https://www.av.se/arbetsmiljoarbete-och-inspektioner/e-tjanster-och-blanketter/sok-utstationering/?id=d2d420fb-85d3-43b6-e4fb-08df1ac5a792&E=System.String[];1;VLAVI Resurss | Stålverket 20 96140 Boden | 13 | Läs mer
2026-09-28;08:20:44+0000;Viorenicom SRL;Stålverket 20 96140 Boden;88;Boden;https://www.av.se/arbetsmiljoarbete-och-inspektioner/e-tjanster-och-blanketter/sok-utstationering/?id=00c4be3b-357f-4ed5-4bd7-08dedb16682e&E=System.String[];1;Viorenicom SRL | Stålverket 20 96140 Boden | 88 | Läs mer
2026-09-28;08:20:44+0000;Viorenicom SRL;Abramsvägen 40 96196 Boden;19;Boden;https://www.av.se/arbetsmiljoarbete-och-inspektioner/e-tjanster-och-blanketter/sok-utstationering/?id=ee626b08-338a-44d0-1ff6-08ded738b3ad&E=System.String[];1;Viorenicom SRL | Abramsvägen 40 96196 Boden | 19 | Läs mer
2026-09-28;08:20:44+0000;Welado Oy;Stålverket 20 96140 Boden;1;Boden;https://www.av.se/arbetsmiljoarbete-och-inspektioner/e-tjanster-och-blanketter/sok-utstationering/?id=8cb16077-4e3d-4fda-ac54-08de6eb16eb1&E=System.String[];1;Welado Oy | Stålverket 20 96140 Boden | 1 | Läs mer
2026-09-28;08:20:44+0000;VecTrance;Stålverket 20 96140 Boden;2;Boden;https://www.av.se/arbetsmiljoarbete-och-inspektioner/e-tjanster-och-blanketter/sok-utstationering/?id=5944e763-f927-4b70-b44f-08de1cfb8be1&E=System.String[];1;VecTrance | Stålverket 20 96140 Boden | 2 | Läs mer
2026-09-28;08:20:44+0000;Vaseliinimonni Holding Oy;Stålverket 20 96140 Boden;16;Boden;https://www.av.se/arbetsmiljoarbete-och-inspektioner/e-tjanster-och-blanketter/sok-utstationering/?id=694fc050-9a26-4c04-ce8c-08de8ee214d5&E=System.String[];1;Vaseliinimonni Holding Oy | Stålverket 20 96140 Boden | 16 | Läs mer
2026-09-28;08:20:44+0000;Vara-Ville oy;Stålverket 20 96140 Boden;1;Boden;https://www.av.se/arbetsmiljoarbete-och-inspektioner/e-tjanster-och-blanketter/sok-utstationering/?id=a2fb6c00-cebc-4bf0-5f63-08dd9370e1bd&E=System.String[];1;Vara-Ville oy | Stålverket 20 96140 Boden | 1 | Läs mer
2026-09-28;08:20:44+0000;UAB/JSC WELDWORK;Stålverket 20 96140 Boden;1;Boden;https://www.av.se/arbetsmiljoarbete-och-inspektioner/e-tjanster-och-blanketter/sok-utstationering/?id=d0ac8163-c1cc-4ba4-bf32-08df12e5d714&E=System.String[];1;UAB/JSC WELDWORK | Stålverket 20 96140 Boden | 1 | Läs mer
2026-09-28;08:20:44+0000;UAB Vaibloka;Bullerleden 5 96167 Boden;6;Boden;https://www.av.se/arbetsmiljoarbete-och-inspektioner/e-tjanster-och-blanketter/sok-utstationering/?id=f5860d99-4df4-44ce-5fce-08ddc4f010f9&E=System.String[];1;UAB Vaibloka | Bullerleden 5 96167 Boden | 6 | Läs mer
2026-09-28;08:20:44+0000;UAB NORDMONTA;Stålverket 20 96140 Boden;47;Boden;https://www.av.se/arbetsmiljoarbete-och-inspektioner/e-tjanster-och-blanketter/sok-utstationering/?id=30588316-2efb-4b5e-4369-08dd968d3614&E=System.String[];1;UAB NORDMONTA | Stålverket 20 96140 Boden | 47 | Läs mer
2026-09-28;08:20:44+0000;UAB NDT POWER;Stålverket 20 96140 Boden;4;Boden;https://www.av.se/arbetsmiljoarbete-och-inspektioner/e-tjanster-och-blanketter/sok-utstationering/?id=f5564993-fd6c-4be6-68bf-08de8964fe7e&E=System.String[];1;UAB NDT POWER | Stålverket 20 96140 Boden | 4 | Läs mer
2026-09-28;08:20:44+0000;UAB NDT POWER;Stålverket 20 96140 Boden;6;Boden;https://www.av.se/arbetsmiljoarbete-och-inspektioner/e-tjanster-och-blanketter/sok-utstationering/?id=2555f7ab-5efe-4ce2-9e2e-08de99e7e689&E=System.String[];1;UAB NDT POWER | Stålverket 20 96140 Boden | 6 | Läs mer
2026-09-28;08:20:44+0000;UAB MARINO GRUPE;Bullerleden 5 96167 Boden;3;Boden;https://www.av.se/arbetsmiljoarbete-och-inspektioner/e-tjanster-och-blanketter/sok-utstationering/?id=7facc5b6-576e-497d-75ea-08ded0e3a0e2&E=System.String[];1;UAB MARINO GRUPE | Bullerleden 5 96167 Boden | 3 | Läs mer
2026-09-28;08:20:44+0000;UAB LITLAFTAS;Brogatan 32 96164 Boden;2;Boden;https://www.av.se/arbetsmiljoarbete-och-inspektioner/e-tjanster-och-blanketter/sok-utstationering/?id=5fec89f1-5f1c-4332-3dc6-08defc0ccd4d&E=System.String[];1;UAB LITLAFTAS | Brogatan 32 96164 Boden | 2 | Läs mer
2026-09-28;08:20:44+0000;UAB ESP Projects;Stålverket 20 96140 Boden;8;Boden;https://www.av.se/arbetsmiljoarbete-och-inspektioner/e-tjanster-och-blanketter/sok-utstationering/?id=3e180d4a-9313-40e6-e0cd-08de857c7a9f&E=System.String[];1;UAB ESP Projects | Stålverket 20 96140 Boden | 8 | Läs mer
2026-09-28;08:20:44+0000;UAB Co-techna;Stålverket 20 96140 Boden;2;Boden;https://www.av.se/arbetsmiljoarbete-och-inspektioner/e-tjanster-och-blanketter/sok-utstationering/?id=fcd1454c-e713-41fb-f620-08ded59cff7c&E=System.String[];1;UAB Co-techna | Stålverket 20 96140 Boden | 2 | Läs mer
2026-09-28;08:20:44+0000;UAB Cebeco grupe;Stålverket 20 96140 Boden;6;Boden;https://www.av.se/arbetsmiljoarbete-och-inspektioner/e-tjanster-och-blanketter/sok-utstationering/?id=40adaca7-ccf6-4664-099f-08deeb94af0b&E=System.String[];1;UAB Cebeco grupe | Stålverket 20 96140 Boden | 6 | Läs mer
2026-09-28;08:20:44+0000;UAB BSW Engineering;Stålverket 20 96140 Boden;5;Boden;https://www.av.se/arbetsmiljoarbete-och-inspektioner/e-tjanster-och-blanketter/sok-utstationering/?id=f0e8927c-dd09-4ba4-4be2-08dd7bdd3c23&E=System.String[];1;UAB BSW Engineering | Stålverket 20 96140 Boden | 5 | Läs mer
2026-09-28;08:20:44+0000;Turun Nostopalvelu Oy;Stålverket 20 96140 Boden;1;Boden;https://www.av.se/arbetsmiljoarbete-och-inspektioner/e-tjanster-och-blanketter/sok-utstationering/?id=bf61e8f1-2de7-48ba-052c-08de8b01447d&E=System.String[];1;Turun Nostopalvelu Oy | Stålverket 20 96140 Boden | 1 | Läs mer
2026-09-28;08:20:44+0000;Turun Nostopalvelu Oy;Stålverket 20 96140 Boden;25;Boden;https://www.av.se/arbetsmiljoarbete-och-inspektioner/e-tjanster-och-blanketter/sok-utstationering/?id=6b507b8d-98e4-4eca-c586-08dcd5acc077&E=System.String[];1;Turun Nostopalvelu Oy | Stålverket 20 96140 Boden | 25 | Läs mer
2026-09-28;08:20:44+0000;TSN GROUP OÜ;Stålverket 20 96140 Boden;13;Boden;https://www.av.se/arbetsmiljoarbete-och-inspektioner/e-tjanster-och-blanketter/sok-utstationering/?id=833d2055-7ba0-4355-b9e7-08de112f3026&E=System.String[];1;TSN GROUP OÜ | Stålverket 20 96140 Boden | 13 | Läs mer
2026-09-28;08:20:44+0000;TSN GROUP OÜ;Stålverket 20 96140 Boden;24;Boden;https://www.av.se/arbetsmiljoarbete-och-inspektioner/e-tjanster-och-blanketter/sok-utstationering/?id=30dec422-8166-4811-33de-08de11ef3b7e&E=System.String[];1;TSN GROUP OÜ | Stålverket 20 96140 Boden | 24 | Läs mer
2026-09-28;08:20:44+0000;Transhouse Viitala Oy;Stålverket 20 96140 Boden;1;Boden;https://www.av.se/arbetsmiljoarbete-och-inspektioner/e-tjanster-och-blanketter/sok-utstationering/?id=03f142b3-be88-4b0d-def0-08de95f55368&E=System.String[];1;Transhouse Viitala Oy | Stålverket 20 96140 Boden | 1 | Läs mer
2026-09-28;08:20:44+0000;Tornion Harjateräs Oy;Stålverket 20 96140 Boden;58;Boden;https://www.av.se/arbetsmiljoarbete-och-inspektioner/e-tjanster-och-blanketter/sok-utstationering/?id=2634f3b6-ee87-4b47-768a-08ded3402585&E=System.String[];1;Tornion Harjateräs Oy | Stålverket 20 96140 Boden | 58 | Läs mer
2026-09-28;08:20:44+0000;Tornion Harjateräs Oy;Flarkenvägen 15 Boden;13;Boden;https://www.av.se/arbetsmiljoarbete-och-inspektioner/e-tjanster-och-blanketter/sok-utstationering/?id=653e4db3-0ec6-43c6-7696-08ded3402585&E=System.String[];1;Tornion Harjateräs Oy | Flarkenvägen 15 Boden | 13 | Läs mer
2026-09-28;08:20:44+0000;Tornion Harjateräs Oy;Råbäcken 1 96193 Boden;14;Boden;https://www.av.se/arbetsmiljoarbete-och-inspektioner/e-tjanster-och-blanketter/sok-utstationering/?id=8de227a1-c7be-4a66-3e1e-08def373c9dd&E=System.String[];1;Tornion Harjateräs Oy | Råbäcken 1 96193 Boden | 14 | Läs mer
2026-09-28;08:20:44+0000;Tornion Harjateräs Oy;Flarkenvägen 15 Boden;5;Boden;https://www.av.se/arbetsmiljoarbete-och-inspektioner/e-tjanster-och-blanketter/sok-utstationering/?id=c79f1013-33f9-422e-e1de-08dea67520c8&E=System.String[];1;Tornion Harjateräs Oy | Flarkenvägen 15 Boden | 5 | Läs mer
2026-09-28;08:20:44+0000;TM Kran AS;Stålverket 20 96140 Boden;2;Boden;https://www.av.se/arbetsmiljoarbete-och-inspektioner/e-tjanster-och-blanketter/sok-utstationering/?id=b1c68657-fb37-4408-8f87-08dca08e048d&E=System.String[];1;TM Kran AS | Stålverket 20 96140 Boden | 2 | Läs mer
2026-09-28;08:20:44+0000;thyssenkrupp nucera Italy s.r.l.;Stålverket 20 96140 Boden;3;Boden;https://www.av.se/arbetsmiljoarbete-och-inspektioner/e-tjanster-och-blanketter/sok-utstationering/?id=ca9f1cbf-fd51-47bb-d325-08dd99b4d4cf&E=System.String[];1;thyssenkrupp nucera Italy s.r.l. | Stålverket 20 96140 Boden | 3 | Läs mer
2026-09-28;08:20:44+0000;thyssenkrupp nucera AG & Co. KGaA;Stålverket 20 96140 Boden;1;Boden;https://www.av.se/arbetsmiljoarbete-och-inspektioner/e-tjanster-och-blanketter/sok-utstationering/?id=0d80cd20-aee4-4864-d348-08dd99b4d4cf&E=System.String[];1;thyssenkrupp nucera AG & Co. KGaA | Stålverket 20 96140 Boden | 1 | Läs mer
2026-09-28;08:20:44+0000;thyssenkrupp nucera AG & Co. KGaA;Stålverket 20 96140 Boden;1;Boden;https://www.av.se/arbetsmiljoarbete-och-inspektioner/e-tjanster-och-blanketter/sok-utstationering/?id=90b7064a-58cc-4204-40a2-08dd9dae5d32&E=System.String[];1;thyssenkrupp nucera AG & Co. KGaA | Stålverket 20 96140 Boden | 1 | Läs mer
2026-09-28;08:20:44+0000;Techno Services SRL;Stålverket 20 96140 Boden;1;Boden;https://www.av.se/arbetsmiljoarbete-och-inspektioner/e-tjanster-och-blanketter/sok-utstationering/?id=d60acdb3-66bd-4837-fdfc-08dd68421f52&E=System.String[];1;Techno Services SRL | Stålverket 20 96140 Boden | 1 | Läs mer
2026-09-28;08:20:44+0000;TECH ENGINEERING SERVICE PROVIDER SRL;Stålverket 20 96140 Boden;1;Boden;https://www.av.se/arbetsmiljoarbete-och-inspektioner/e-tjanster-och-blanketter/sok-utstationering/?id=a85b6afd-9906-403b-dad3-08deca9bf7a7&E=System.String[];1;TECH ENGINEERING SERVICE PROVIDER SRL | Stålverket 20 96140 Boden | 1 | Läs mer
2026-09-28;08:20:44+0000;TECH ENGINEERING SERVICE PROVIDER S.R.L.;Sturegatan 5A 96173 Boden;1;Boden;https://www.av.se/arbetsmiljoarbete-och-inspektioner/e-tjanster-och-blanketter/sok-utstationering/?id=5d69b68e-287a-45bf-1216-08debf98a1d5&E=System.String[];1;TECH ENGINEERING SERVICE PROVIDER S.R.L. | Sturegatan 5A 96173 Boden | 1 | Läs mer
2026-09-28;08:20:44+0000;team jussila oy;Stålverket 20 96140 Boden;6;Boden;https://www.av.se/arbetsmiljoarbete-och-inspektioner/e-tjanster-och-blanketter/sok-utstationering/?id=66b34f87-c588-4b29-1dfb-08dc46d18999&E=System.String[];1;team jussila oy | Stålverket 20 96140 Boden | 6 | Läs mer
2026-09-28;08:20:44+0000;Sähköpalvelu Juha Palonen oy;Stålverket 20 96140 Boden;1;Boden;https://www.av.se/arbetsmiljoarbete-och-inspektioner/e-tjanster-och-blanketter/sok-utstationering/?id=3f97d986-f838-43c8-1565-08ddb62845f9&E=System.String[];1;Sähköpalvelu Juha Palonen oy | Stålverket 20 96140 Boden | 1 | Läs mer
2026-09-28;08:20:44+0000;Sweco Polska Sp.z o.o.;Stålverket 20 96140 Boden;9;Boden;https://www.av.se/arbetsmiljoarbete-och-inspektioner/e-tjanster-och-blanketter/sok-utstationering/?id=3bf3827e-70fb-4160-fd53-08dc79536504&E=System.String[];1;Sweco Polska Sp.z o.o. | Stålverket 20 96140 Boden | 9 | Läs mer
2026-09-28;08:20:44+0000;STS SOCIETE TRAVAUX SPECIAUX ALPES;Stålverket 20 96140 Boden;6;Boden;https://www.av.se/arbetsmiljoarbete-och-inspektioner/e-tjanster-och-blanketter/sok-utstationering/?id=d25a3c06-50f4-42bd-2ebc-08de26697691&E=System.String[];1;STS SOCIETE TRAVAUX SPECIAUX ALPES | Stålverket 20 96140 Boden | 6 | Läs mer
2026-09-28;08:20:44+0000;Streams;Teknikvägen 3 96150 Boden;1;Boden;https://www.av.se/arbetsmiljoarbete-och-inspektioner/e-tjanster-och-blanketter/sok-utstationering/?id=b5f531b4-8cb6-423d-3ed2-08de763cb9a9&E=System.String[];1;Streams | Teknikvägen 3 96150 Boden | 1 | Läs mer
2026-09-28;08:20:44+0000;Specialist Technical Services;Stålverket 20 96140 Boden;1;Boden;https://www.av.se/arbetsmiljoarbete-och-inspektioner/e-tjanster-och-blanketter/sok-utstationering/?id=225e13be-acfa-4cdc-a8dd-08de177be62c&E=System.String[];1;Specialist Technical Services | Stålverket 20 96140 Boden | 1 | Läs mer
2026-09-28;08:20:44+0000;Sorox Oy;Stålverket 20 96140 Boden;4;Boden;https://www.av.se/arbetsmiljoarbete-och-inspektioner/e-tjanster-och-blanketter/sok-utstationering/?id=74444fd6-79d8-48c1-6e40-08dde45e170a&E=System.String[];1;Sorox Oy | Stålverket 20 96140 Boden | 4 | Läs mer
2026-09-28;08:20:44+0000;SMS Group GmbH;Stålverket 20 96140 Boden;26;Boden;https://www.av.se/arbetsmiljoarbete-och-inspektioner/e-tjanster-och-blanketter/sok-utstationering/?id=4c91875e-a0a0-4ea2-f8b3-08dd0d0e1d83&E=System.String[];1;SMS Group GmbH | Stålverket 20 96140 Boden | 26 | Läs mer
2026-09-28;08:20:44+0000;SMS group GmbH;Stålverket 20 96140 Boden;1;Boden;https://www.av.se/arbetsmiljoarbete-och-inspektioner/e-tjanster-och-blanketter/sok-utstationering/?id=44e8114b-f080-435f-3699-08de8a2e6bd7&E=System.String[];1;SMS group GmbH | Stålverket 20 96140 Boden | 1 | Läs mer
2026-09-28;08:20:44+0000;SMS group GmbH;Stålverket 20 96140 Boden;16;Boden;https://www.av.se/arbetsmiljoarbete-och-inspektioner/e-tjanster-och-blanketter/sok-utstationering/?id=e2f5c957-c880-4e72-5c58-08deb4955a23&E=System.String[];2;SMS group GmbH | Stålverket 20 96140 Boden | 16 | Läs mer
2026-09-28;08:20:44+0000;SMART GLOBAL ENERGY SRL;Stålverket 20 96140 Boden;103;Boden;https://www.av.se/arbetsmiljoarbete-och-inspektioner/e-tjanster-och-blanketter/sok-utstationering/?id=9089c6be-164c-473e-59ea-08dd9827acca&E=System.String[];2;SMART GLOBAL ENERGY SRL | Stålverket 20 96140 Boden | 103 | Läs mer
2026-09-28;08:20:44+0000;Skanska SK a.s.;Lavettvägen 1 96143 Boden;26;Boden;https://www.av.se/arbetsmiljoarbete-och-inspektioner/e-tjanster-och-blanketter/sok-utstationering/?id=724834dc-1645-441e-69e2-08de96bb1da4&E=System.String[];2;Skanska SK a.s. | Lavettvägen 1 96143 Boden | 26 | Läs mer
2026-09-28;08:20:44+0000;Sisärakenne Kukkola Oy;Stålverket 20 96140 Boden;2;Boden;https://www.av.se/arbetsmiljoarbete-och-inspektioner/e-tjanster-och-blanketter/sok-utstationering/?id=4e0cb3a9-d576-47fd-5ffe-08df179bc8c0&E=System.String[];2;Sisärakenne Kukkola Oy | Stålverket 20 96140 Boden | 2 | Läs mer
2026-09-28;08:20:44+0000;Silverback Staffing Ltd;Stålverket 20 96140 Boden;1;Boden;https://www.av.se/arbetsmiljoarbete-och-inspektioner/e-tjanster-och-blanketter/sok-utstationering/?id=19c11394-1426-4f9d-7519-08ddae2a7822&E=System.String[];2;Silverback Staffing Ltd | Stålverket 20 96140 Boden | 1 | Läs mer
2026-09-28;08:20:44+0000;Silverback Staffing Ltd;Stålverket 20 96140 Boden;2;Boden;https://www.av.se/arbetsmiljoarbete-och-inspektioner/e-tjanster-och-blanketter/sok-utstationering/?id=a471c6b7-d3e3-4f6e-e1c5-08dea67520c8&E=System.String[];2;Silverback Staffing Ltd | Stålverket 20 96140 Boden | 2 | Läs mer
2026-09-28;08:20:44+0000;sigma3D GmbH;Stålverket 20 96140 Boden;2;Boden;https://www.av.se/arbetsmiljoarbete-och-inspektioner/e-tjanster-och-blanketter/sok-utstationering/?id=bf40b732-b75e-4755-85e1-08ded1b3d552&E=System.String[];2;sigma3D GmbH | Stålverket 20 96140 Boden | 2 | Läs mer
2026-09-28;08:20:44+0000;Sibecamontagens Lda;Stålverket 20 96140 Boden;9;Boden;https://www.av.se/arbetsmiljoarbete-och-inspektioner/e-tjanster-och-blanketter/sok-utstationering/?id=19d061c3-de02-4f17-03ae-08df07151491&E=System.String[];2;Sibecamontagens Lda | Stålverket 20 96140 Boden | 9 | Läs mer
2026-09-28;08:20:44+0000;SIA VLAVI RESURSS;Stålverket 20 96140 Boden;13;Boden;https://www.av.se/arbetsmiljoarbete-och-inspektioner/e-tjanster-och-blanketter/sok-utstationering/?id=546e29d0-63d5-4d79-bccd-08ded8b936ef&E=System.String[];2;SIA VLAVI RESURSS | Stålverket 20 96140 Boden | 13 | Läs mer
2026-09-28;08:20:44+0000;"SIA ""FN-SERVISS""";Stålverket 20 96140 Boden;5;Boden;https://www.av.se/arbetsmiljoarbete-och-inspektioner/e-tjanster-och-blanketter/sok-utstationering/?id=ba7e49ea-90cc-4085-18f3-08deb22eb7a0&E=System.String[];2;"SIA ""FN-SERVISS"" | Stålverket 20 96140 Boden | 5 | Läs mer"
2026-09-28;08:20:44+0000;SERVICE POMPAGE FIXE;Stålverket 20 96140 Boden;5;Boden;https://www.av.se/arbetsmiljoarbete-och-inspektioner/e-tjanster-och-blanketter/sok-utstationering/?id=dfa65381-d226-4a0c-aed8-08de322b74da&E=System.String[];2;SERVICE POMPAGE FIXE | Stålverket 20 96140 Boden | 5 | Läs mer
2026-09-28;08:20:44+0000;Sendin;Stålverket 20 96140 Boden;36;Boden;https://www.av.se/arbetsmiljoarbete-och-inspektioner/e-tjanster-och-blanketter/sok-utstationering/?id=28b11e65-ccec-4797-7172-08ddde14e1aa&E=System.String[];2;Sendin | Stålverket 20 96140 Boden | 36 | Läs mer
2026-09-28;08:20:44+0000;SEMISUL POLAND SP Z.O.O;Stålverket 20 96140 Boden;19;Boden;https://www.av.se/arbetsmiljoarbete-och-inspektioner/e-tjanster-och-blanketter/sok-utstationering/?id=46a25629-7a04-49a5-18bd-08de2cb33c5c&E=System.String[];2;SEMISUL POLAND SP Z.O.O | Stålverket 20 96140 Boden | 19 | Läs mer
2026-09-28;08:20:44+0000;Seaside industries UAB;Stålverket 20 96140 Boden;18;Boden;https://www.av.se/arbetsmiljoarbete-och-inspektioner/e-tjanster-och-blanketter/sok-utstationering/?id=30ba8b71-dc3f-41f5-7163-08def2b8250b&E=System.String[];2;Seaside industries UAB | Stålverket 20 96140 Boden | 18 | Läs mer
2026-09-28;08:20:44+0000;SCHWARTZ HAUTMONT, CONSTRUCCIONES METALICAS, S.A.;Stålverket 20 96140 Boden;8;Boden;https://www.av.se/arbetsmiljoarbete-och-inspektioner/e-tjanster-och-blanketter/sok-utstationering/?id=8ab2b746-8085-41d6-d2ce-08dd9757872b&E=System.String[];2;SCHWARTZ HAUTMONT, CONSTRUCCIONES METALICAS, S.A. | Stålverket 20 96140 Boden | 8 | Läs mer
2026-09-28;08:20:44+0000;Schneider Electric Romania SRL;Stålverket 20 96140 Boden;1;Boden;https://www.av.se/arbetsmiljoarbete-och-inspektioner/e-tjanster-och-blanketter/sok-utstationering/?id=fc4f71d5-f3d4-4af5-e1d7-08dea67520c8&E=System.String[];2;Schneider Electric Romania SRL | Stålverket 20 96140 Boden | 1 | Läs mer
2026-09-28;08:20:44+0000;Scanpiping oy;Stålverket 20 96140 Boden;10;Boden;https://www.av.se/arbetsmiljoarbete-och-inspektioner/e-tjanster-och-blanketter/sok-utstationering/?id=e25ed396-19e6-4b87-ee15-08dee15cb58e&E=System.String[];2;Scanpiping oy | Stålverket 20 96140 Boden | 10 | Läs mer
2026-09-28;08:20:44+0000;Scanpiping oy;Stålverket 20 96140 Boden;1;Boden;https://www.av.se/arbetsmiljoarbete-och-inspektioner/e-tjanster-och-blanketter/sok-utstationering/?id=80629353-2ffe-4595-2537-08df0d66df3c&E=System.String[];2;Scanpiping oy | Stålverket 20 96140 Boden | 1 | Läs mer
2026-09-28;08:20:44+0000;Scaff-Tech Maja Laskowska;Stålverket 20 96140 Boden;2;Boden;https://www.av.se/arbetsmiljoarbete-och-inspektioner/e-tjanster-och-blanketter/sok-utstationering/?id=9375bf92-cf50-4926-eb64-08ddb473b801&E=System.String[];2;Scaff-Tech Maja Laskowska | Stålverket 20 96140 Boden | 2 | Läs mer
2026-09-28;08:20:44+0000;Scaff-Mont Group Sp.z.o.o.;Stålverket 20 96140 Boden;73;Boden;https://www.av.se/arbetsmiljoarbete-och-inspektioner/e-tjanster-och-blanketter/sok-utstationering/?id=d9e7430b-3f3d-45db-19fa-08dda324109d&E=System.String[];2;Scaff-Mont Group Sp.z.o.o. | Stålverket 20 96140 Boden | 73 | Läs mer
2026-09-28;08:20:44+0000;Samuli Kalliosalo Oy;Stålverket 20 96140 Boden;1;Boden;https://www.av.se/arbetsmiljoarbete-och-inspektioner/e-tjanster-och-blanketter/sok-utstationering/?id=91c05714-3859-4d03-ca2a-08de20192a63&E=System.String[];2;Samuli Kalliosalo Oy | Stålverket 20 96140 Boden | 1 | Läs mer
2026-09-28;08:20:44+0000;S.S. By Strazzer Solutions;Stålverket 20 96140 Boden;1;Boden;https://www.av.se/arbetsmiljoarbete-och-inspektioner/e-tjanster-och-blanketter/sok-utstationering/?id=3ba28f9e-58dc-4d1b-a2c2-08dd57c0344c&E=System.String[];2;S.S. By Strazzer Solutions | Stålverket 20 96140 Boden | 1 | Läs mer
2026-09-28;08:20:44+0000;Rudus Oy;Stålverket 20 96140 Boden;17;Boden;https://www.av.se/arbetsmiljoarbete-och-inspektioner/e-tjanster-och-blanketter/sok-utstationering/?id=913ffa19-4500-4a52-5ef5-08dbbf3eac14&E=System.String[];2;Rudus Oy | Stålverket 20 96140 Boden | 17 | Läs mer
2026-09-28;08:20:44+0000;Rudus Oy;Stålverket 20 96140 Boden;20;Boden;https://www.av.se/arbetsmiljoarbete-och-inspektioner/e-tjanster-och-blanketter/sok-utstationering/?id=edd711b2-b811-4d58-30e9-08de21b2f932&E=System.String[];2;Rudus Oy | Stålverket 20 96140 Boden | 20 | Läs mer
2026-09-28;08:20:44+0000;RSK NORD;Stålverket 20 96140 Boden;5;Boden;https://www.av.se/arbetsmiljoarbete-och-inspektioner/e-tjanster-och-blanketter/sok-utstationering/?id=92cd0039-2d58-4d8d-c85e-08ddf29d13e0&E=System.String[];2;RSK NORD | Stålverket 20 96140 Boden | 5 | Läs mer
2026-09-28;08:20:44+0000;RNDV Group;Stålverket 20 96140 Boden;7;Boden;https://www.av.se/arbetsmiljoarbete-och-inspektioner/e-tjanster-och-blanketter/sok-utstationering/?id=dd3da091-6443-44c8-f5f6-08ded59cff7c&E=System.String[];2;RNDV Group | Stålverket 20 96140 Boden | 7 | Läs mer
2026-09-28;08:20:44+0000;RM Ylimäki Oy;Stålverket 20 96140 Boden;1;Boden;https://www.av.se/arbetsmiljoarbete-och-inspektioner/e-tjanster-och-blanketter/sok-utstationering/?id=0622b62c-bb08-4b0f-85da-08ded1b3d552&E=System.String[];2;RM Ylimäki Oy | Stålverket 20 96140 Boden | 1 | Läs mer
2026-09-28;08:20:44+0000;Rivest OÜ;Stålverket 20 96140 Boden;7;Boden;https://www.av.se/arbetsmiljoarbete-och-inspektioner/e-tjanster-och-blanketter/sok-utstationering/?id=03cf45f6-fd94-4617-42ee-08de889d29a3&E=System.String[];2;Rivest OÜ | Stålverket 20 96140 Boden | 7 | Läs mer
2026-09-28;08:20:44+0000;Rigger rent sp. z o.o;Stålverket 20 96140 Boden;1;Boden;https://www.av.se/arbetsmiljoarbete-och-inspektioner/e-tjanster-och-blanketter/sok-utstationering/?id=d45de76f-36a6-4704-09b8-08deeb94af0b&E=System.String[];2;Rigger rent sp. z o.o | Stålverket 20 96140 Boden | 1 | Läs mer
2026-09-28;08:20:44+0000;Reston Industries;Stålverket 20 96140 Boden;5;Boden;https://www.av.se/arbetsmiljoarbete-och-inspektioner/e-tjanster-och-blanketter/sok-utstationering/?id=9d348fb1-f8c9-45b9-5a53-08deacb3102c&E=System.String[];2;Reston Industries | Stålverket 20 96140 Boden | 5 | Läs mer
2026-09-28;08:20:44+0000;Restak Tornio Oy;Sturegatan 34 96133 Boden;18;Boden;https://www.av.se/arbetsmiljoarbete-och-inspektioner/e-tjanster-och-blanketter/sok-utstationering/?id=6d0ce70b-896e-4e36-63e3-08df13a80524&E=System.String[];2;Restak Tornio Oy | Sturegatan 34 96133 Boden | 18 | Läs mer
2026-09-28;08:20:44+0000;Restak Tornio Oy;Sjövägen 2A 96137 Boden;18;Boden;https://www.av.se/arbetsmiljoarbete-och-inspektioner/e-tjanster-och-blanketter/sok-utstationering/?id=ac437f2e-9fb8-4287-63e7-08df13a80524&E=System.String[];2;Restak Tornio Oy | Sjövägen 2A 96137 Boden | 18 | Läs mer
2026-09-28;08:20:44+0000;Rentop Oy;Stålverket 20 96140 Boden;1;Boden;https://www.av.se/arbetsmiljoarbete-och-inspektioner/e-tjanster-och-blanketter/sok-utstationering/?id=6f0046d0-25d9-4dae-5a07-08ddf66c9fef&E=System.String[];2;Rentop Oy | Stålverket 20 96140 Boden | 1 | Läs mer
2026-09-28;08:20:44+0000;Q-Build Invest Oy;Stålverket 20 96140 Boden;4;Boden;https://www.av.se/arbetsmiljoarbete-och-inspektioner/e-tjanster-och-blanketter/sok-utstationering/?id=06c899e9-903e-4da3-9395-08deff421407&E=System.String[];2;Q-Build Invest Oy | Stålverket 20 96140 Boden | 4 | Läs mer
2026-09-28;08:20:44+0000;PROXA (PTY) LTD;Stålverket 20 96140 Boden;1;Boden;https://www.av.se/arbetsmiljoarbete-och-inspektioner/e-tjanster-och-blanketter/sok-utstationering/?id=666da03a-cce9-4694-288e-08deedff0851&E=System.String[];2;PROXA (PTY) LTD | Stålverket 20 96140 Boden | 1 | Läs mer
2026-09-28;08:20:44+0000;PROJECT MANAGEMENT ORGANISATION;Stålverket 20 96140 Boden;1;Boden;https://www.av.se/arbetsmiljoarbete-och-inspektioner/e-tjanster-och-blanketter/sok-utstationering/?id=2c714118-330b-45b5-13c5-08de736d751d&E=System.String[];2;PROJECT MANAGEMENT ORGANISATION | Stålverket 20 96140 Boden | 1 | Läs mer
2026-09-28;08:20:44+0000;PRIMEKSS SIA;Stålverket 20 96140 Boden;199;Boden;https://www.av.se/arbetsmiljoarbete-och-inspektioner/e-tjanster-och-blanketter/sok-utstationering/?id=0d143341-2e66-4f8b-e5bd-08de3d3313b3&E=System.String[];2;PRIMEKSS SIA | Stålverket 20 96140 Boden | 199 | Läs mer
2026-09-28;08:20:44+0000;Prefabricación y Montajes del Noroeste;Stålverket 20 96140 Boden;8;Boden;https://www.av.se/arbetsmiljoarbete-och-inspektioner/e-tjanster-och-blanketter/sok-utstationering/?id=56fd87f9-ed16-4769-98e9-08dcba3c502b&E=System.String[];2;Prefabricación y Montajes del Noroeste | Stålverket 20 96140 Boden | 8 | Läs mer
2026-09-28;08:20:44+0000;Pohjois-Suomen Perustuspalvelu Oy;Stålverket 20 96140 Boden;3;Boden;https://www.av.se/arbetsmiljoarbete-och-inspektioner/e-tjanster-och-blanketter/sok-utstationering/?id=caa581aa-5265-4259-59fd-08dd9827acca&E=System.String[];2;Pohjois-Suomen Perustuspalvelu Oy | Stålverket 20 96140 Boden | 3 | Läs mer
2026-09-28;08:20:44+0000;Pohjois-Suomen Perustuspalvelu Oy;Stålverket 20 96140 Boden;6;Boden;https://www.av.se/arbetsmiljoarbete-och-inspektioner/e-tjanster-och-blanketter/sok-utstationering/?id=44f3f79b-232f-40ba-3325-08def1e8c19e&E=System.String[];2;Pohjois-Suomen Perustuspalvelu Oy | Stålverket 20 96140 Boden | 6 | Läs mer
2026-09-28;08:20:44+0000;Pohjanmaan Talotekniikka Oy;Stålverket 20 96140 Boden;3;Boden;https://www.av.se/arbetsmiljoarbete-och-inspektioner/e-tjanster-och-blanketter/sok-utstationering/?id=42279fcf-ce69-4a1c-5918-08de6545b7a6&E=System.String[];2;Pohjanmaan Talotekniikka Oy | Stålverket 20 96140 Boden | 3 | Läs mer
2026-09-28;08:20:44+0000;Peri Suomi Ltd Oy;Stålverket 20 96140 Boden;1;Boden;https://www.av.se/arbetsmiljoarbete-och-inspektioner/e-tjanster-och-blanketter/sok-utstationering/?id=73a09fe2-6fa3-4656-254b-08df0d66df3c&E=System.String[];2;Peri Suomi Ltd Oy | Stålverket 20 96140 Boden | 1 | Läs mer
2026-09-28;08:20:44+0000;PERI A/S;Stålverket 20 96140 Boden;1;Boden;https://www.av.se/arbetsmiljoarbete-och-inspektioner/e-tjanster-och-blanketter/sok-utstationering/?id=1135a395-b5f3-41e8-65b7-08df1867849e&E=System.String[];2;PERI A/S | Stålverket 20 96140 Boden | 1 | Läs mer
2026-09-28;08:20:44+0000;Peak Power Service Oy;Stålverket 20 96140 Boden;3;Boden;https://www.av.se/arbetsmiljoarbete-och-inspektioner/e-tjanster-och-blanketter/sok-utstationering/?id=bd09fb58-4df1-4643-9859-08dea4e9bc99&E=System.String[];2;Peak Power Service Oy | Stålverket 20 96140 Boden | 3 | Läs mer
2026-09-28;08:20:44+0000;Peak Power Service Oy;Stålverket 20 96140 Boden;1;Boden;https://www.av.se/arbetsmiljoarbete-och-inspektioner/e-tjanster-och-blanketter/sok-utstationering/?id=8ef1be35-626b-4e49-3301-08def1e8c19e&E=System.String[];2;Peak Power Service Oy | Stålverket 20 96140 Boden | 1 | Läs mer
2026-09-28;08:20:44+0000;Paul Wurth Italia S.P.A;Stålverket 20 96140 Boden;2;Boden;https://www.av.se/arbetsmiljoarbete-och-inspektioner/e-tjanster-och-blanketter/sok-utstationering/?id=864560c3-b9f9-4eb5-f1ab-08dd4a653a40&E=System.String[];2;Paul Wurth Italia S.P.A | Stålverket 20 96140 Boden | 2 | Läs mer
2026-09-28;08:20:44+0000;Oy NordWest Engineering Ab Ltd.;Lakaträsk 404 Boden;2;Boden;https://www.av.se/arbetsmiljoarbete-och-inspektioner/e-tjanster-och-blanketter/sok-utstationering/?id=a7b6237f-7824-4da7-6489-08def82f4ed9&E=System.String[];2;Oy NordWest Engineering Ab Ltd. | Lakaträsk 404 Boden | 2 | Läs mer
2026-09-28;08:20:44+0000;OÜ Maleva Betoon;Stålverket 20 96140 Boden;9;Boden;https://www.av.se/arbetsmiljoarbete-och-inspektioner/e-tjanster-och-blanketter/sok-utstationering/?id=6accba05-9d05-41b7-43b5-08dd968d3614&E=System.String[];2;OÜ Maleva Betoon | Stålverket 20 96140 Boden | 9 | Läs mer
2026-09-28;08:20:44+0000;OÜ Maleva Betoon;Stålverket 20 96140 Boden;17;Boden;https://www.av.se/arbetsmiljoarbete-och-inspektioner/e-tjanster-och-blanketter/sok-utstationering/?id=7f80e970-400a-4af7-e60d-08defcf0c49c&E=System.String[];2;OÜ Maleva Betoon | Stålverket 20 96140 Boden | 17 | Läs mer
2026-09-28;08:20:44+0000;Oulun Timanttiporaus Oy;Stålverket 20 96140 Boden;2;Boden;https://www.av.se/arbetsmiljoarbete-och-inspektioner/e-tjanster-och-blanketter/sok-utstationering/?id=d7aab501-bfbe-4870-6eb5-08dce8eb0cdb&E=System.String[];2;Oulun Timanttiporaus Oy | Stålverket 20 96140 Boden | 2 | Läs mer
2026-09-28;08:20:44+0000;Osterlunds Jordbyggnad;Stålverket 20 96140 Boden;1;Boden;https://www.av.se/arbetsmiljoarbete-och-inspektioner/e-tjanster-och-blanketter/sok-utstationering/?id=c72f6465-89ef-4c9c-2ed5-08de26697691&E=System.String[];3;Osterlunds Jordbyggnad | Stålverket 20 96140 Boden | 1 | Läs mer
2026-09-28;08:20:44+0000;Osterlunds Jordbyggnad;Stålverket 20 96140 Boden;1;Boden;https://www.av.se/arbetsmiljoarbete-och-inspektioner/e-tjanster-och-blanketter/sok-utstationering/?id=197a30e7-a0cb-472d-f736-08df07e709c2&E=System.String[];3;Osterlunds Jordbyggnad | Stålverket 20 96140 Boden | 1 | Läs mer
2026-09-28;08:20:44+0000;Osterlunds Jordbyggnad;Teknikvägen 13 96150 Boden;1;Boden;https://www.av.se/arbetsmiljoarbete-och-inspektioner/e-tjanster-och-blanketter/sok-utstationering/?id=d2c0e6f0-8671-413c-f733-08df07e709c2&E=System.String[];3;Osterlunds Jordbyggnad | Teknikvägen 13 96150 Boden | 1 | Läs mer
2026-09-28;08:20:44+0000;Ortek EL OÜ;Stålverket 20 96140 Boden;8;Boden;https://www.av.se/arbetsmiljoarbete-och-inspektioner/e-tjanster-och-blanketter/sok-utstationering/?id=66e95281-dcc7-4312-9769-08dd5235564d&E=System.String[];3;Ortek EL OÜ | Stålverket 20 96140 Boden | 8 | Läs mer
2026-09-28;08:20:44+0000;ORGANISATION PRODUCTIVITE PERFORMANCE;Stålverket 20 96140 Boden;2;Boden;https://www.av.se/arbetsmiljoarbete-och-inspektioner/e-tjanster-och-blanketter/sok-utstationering/?id=485a6542-8b31-4bda-5cf1-08ddffdeccca&E=System.String[];3;ORGANISATION PRODUCTIVITE PERFORMANCE | Stålverket 20 96140 Boden | 2 | Läs mer
2026-09-28;08:20:44+0000;Opti Solutions Ab;Lakaträsk 404 Boden;3;Boden;https://www.av.se/arbetsmiljoarbete-och-inspektioner/e-tjanster-och-blanketter/sok-utstationering/?id=098e5480-d516-4667-ee10-08df02639f17&E=System.String[];3;Opti Solutions Ab | Lakaträsk 404 Boden | 3 | Läs mer
2026-09-28;08:20:44+0000;OP2 SAS;Drottninggatan 4 96135 Boden;3;Boden;https://www.av.se/arbetsmiljoarbete-och-inspektioner/e-tjanster-och-blanketter/sok-utstationering/?id=0f25118e-3a70-41de-9969-08ddf98fe64f&E=System.String[];3;OP2 SAS | Drottninggatan 4 96135 Boden | 3 | Läs mer
2026-09-28;08:20:44+0000;OLTO Mechanical Sp. z o.o.;Stålverket 20 96140 Boden;7;Boden;https://www.av.se/arbetsmiljoarbete-och-inspektioner/e-tjanster-och-blanketter/sok-utstationering/?id=9b30697c-8990-431b-4398-08dd968d3614&E=System.String[];3;OLTO Mechanical Sp. z o.o. | Stålverket 20 96140 Boden | 7 | Läs mer
2026-09-28;08:20:44+0000;Odštěpný závod GreMi KLIMA, s.r.o.;Stålverket 20 96140 Boden;7;Boden;https://www.av.se/arbetsmiljoarbete-och-inspektioner/e-tjanster-och-blanketter/sok-utstationering/?id=9c31ad9b-1c9a-457f-d305-08dd9757872b&E=System.String[];3;Odštěpný závod GreMi KLIMA, s.r.o. | Stålverket 20 96140 Boden | 7 | Läs mer
2026-09-28;08:20:44+0000;OBERON TEHNIKA;Stålverket 20 96140 Boden;14;Boden;https://www.av.se/arbetsmiljoarbete-och-inspektioner/e-tjanster-och-blanketter/sok-utstationering/?id=8b446304-777e-44fc-813d-08de7e5e8497&E=System.String[];3;OBERON TEHNIKA | Stålverket 20 96140 Boden | 14 | Läs mer
2026-09-28;08:20:44+0000;Nousujohde Raudoitus Oy;Stålverket 20 96140 Boden;1;Boden;https://www.av.se/arbetsmiljoarbete-och-inspektioner/e-tjanster-och-blanketter/sok-utstationering/?id=04bbba26-1bea-4416-9f69-08de4daeba9e&E=System.String[];3;Nousujohde Raudoitus Oy | Stålverket 20 96140 Boden | 1 | Läs mer
2026-09-28;08:20:44+0000;Nostolava-auto Jalo & Jalo Oy;Stålverket 20 96140 Boden;3;Boden;https://www.av.se/arbetsmiljoarbete-och-inspektioner/e-tjanster-och-blanketter/sok-utstationering/?id=66c6e0b1-5ef7-42cf-791e-08dc498c348c&E=System.String[];3;Nostolava-auto Jalo & Jalo Oy | Stålverket 20 96140 Boden | 3 | Läs mer
2026-09-28;08:20:44+0000;Nostolava-auto Jalo & Jalo Oy;Stålverket 20 96140 Boden;1;Boden;https://www.av.se/arbetsmiljoarbete-och-inspektioner/e-tjanster-och-blanketter/sok-utstationering/?id=fc3624a1-836d-4a53-3dc1-08defc0ccd4d&E=System.String[];3;Nostolava-auto Jalo & Jalo Oy | Stålverket 20 96140 Boden | 1 | Läs mer
2026-09-28;08:20:44+0000;Norpinus OÜ;Stålverket 20 96140 Boden;42;Boden;https://www.av.se/arbetsmiljoarbete-och-inspektioner/e-tjanster-och-blanketter/sok-utstationering/?id=9df2b404-65b5-4eb6-7005-08dee7b829f5&E=System.String[];3;Norpinus OÜ | Stålverket 20 96140 Boden | 42 | Läs mer
2026-09-28;08:20:44+0000;Nordic Special Project AS;Stålverket 20 96140 Boden;4;Boden;https://www.av.se/arbetsmiljoarbete-och-inspektioner/e-tjanster-och-blanketter/sok-utstationering/?id=b2f8cae8-540c-4e76-f6fa-08df07e709c2&E=System.String[];3;Nordic Special Project AS | Stålverket 20 96140 Boden | 4 | Läs mer
2026-09-28;08:20:44+0000;Nordic Crane Kynningsrud AS;Stålverket 20 96140 Boden;3;Boden;https://www.av.se/arbetsmiljoarbete-och-inspektioner/e-tjanster-och-blanketter/sok-utstationering/?id=2360d193-8857-4bf2-6473-08def82f4ed9&E=System.String[];3;Nordic Crane Kynningsrud AS | Stålverket 20 96140 Boden | 3 | Läs mer
2026-09-28;08:20:44+0000;NORDGEO PRO SP. Z O.O;Stålverket 20 96140 Boden;3;Boden;https://www.av.se/arbetsmiljoarbete-och-inspektioner/e-tjanster-och-blanketter/sok-utstationering/?id=6c19fea4-917b-4bb7-500e-08de10608a63&E=System.String[];3;NORDGEO PRO SP. Z O.O | Stålverket 20 96140 Boden | 3 | Läs mer
2026-09-28;08:20:44+0000;NORDGEO PRO SP. Z O.O;Stålverket 20 96140 Boden;2;Boden;https://www.av.se/arbetsmiljoarbete-och-inspektioner/e-tjanster-och-blanketter/sok-utstationering/?id=bfb74389-bf12-49b8-83d8-08de12bfcc0c&E=System.String[];3;NORDGEO PRO SP. Z O.O | Stålverket 20 96140 Boden | 2 | Läs mer
2026-09-28;08:20:44+0000;Nord Raudoitus Oy;Svartbyvägen 1 96137 Boden;1;Boden;https://www.av.se/arbetsmiljoarbete-och-inspektioner/e-tjanster-och-blanketter/sok-utstationering/?id=04a29c9b-9048-4b2e-09fd-08dee946b1b6&E=System.String[];3;Nord Raudoitus Oy | Svartbyvägen 1 96137 Boden | 1 | Läs mer
2026-09-28;08:20:44+0000;Nord Raudoitus Oy;Stålverket 20 96140 Boden;1;Boden;https://www.av.se/arbetsmiljoarbete-och-inspektioner/e-tjanster-och-blanketter/sok-utstationering/?id=a93beabe-a3b1-4ddc-ee2c-08df02639f17&E=System.String[];3;Nord Raudoitus Oy | Stålverket 20 96140 Boden | 1 | Läs mer
2026-09-28;08:20:44+0000;Nakkila Works Oy;Stålverket 20 96140 Boden;2;Boden;https://www.av.se/arbetsmiljoarbete-och-inspektioner/e-tjanster-och-blanketter/sok-utstationering/?id=de1f500e-3b58-474b-11ee-08debf98a1d5&E=System.String[];3;Nakkila Works Oy | Stålverket 20 96140 Boden | 2 | Läs mer
2026-09-28;08:20:44+0000;MTO Industries Oy;Stålverket 20 96140 Boden;8;Boden;https://www.av.se/arbetsmiljoarbete-och-inspektioner/e-tjanster-och-blanketter/sok-utstationering/?id=7c59c762-1b63-44ad-73a0-08de06f61b32&E=System.String[];3;MTO Industries Oy | Stålverket 20 96140 Boden | 8 | Läs mer
2026-09-28;08:20:44+0000;M-SOLUTION INDUSTRIAL SERVICES;Stålverket 20 96140 Boden;3;Boden;https://www.av.se/arbetsmiljoarbete-och-inspektioner/e-tjanster-och-blanketter/sok-utstationering/?id=d3c17f64-0750-47bb-0cb2-08decb6c2122&E=System.String[];3;M-SOLUTION INDUSTRIAL SERVICES | Stålverket 20 96140 Boden | 3 | Läs mer
2026-09-28;08:20:44+0000;Midrex Technologies Inc;Stålverket 20 96140 Boden;1;Boden;https://www.av.se/arbetsmiljoarbete-och-inspektioner/e-tjanster-och-blanketter/sok-utstationering/?id=ef9db87b-3cf1-4268-276a-08de9069cad6&E=System.String[];3;Midrex Technologies Inc | Stålverket 20 96140 Boden | 1 | Läs mer
2026-09-28;08:20:44+0000;Midrex Technologies Inc;Stålverket 20 96140 Boden;3;Boden;https://www.av.se/arbetsmiljoarbete-och-inspektioner/e-tjanster-och-blanketter/sok-utstationering/?id=e6420342-fc18-4329-44dd-08dcfee77a9f&E=System.String[];3;Midrex Technologies Inc | Stålverket 20 96140 Boden | 3 | Läs mer
2026-09-28;08:20:44+0000;MIDAS INDUSTRIES SP Z OO;Stålverket 20 96140 Boden;3;Boden;https://www.av.se/arbetsmiljoarbete-och-inspektioner/e-tjanster-och-blanketter/sok-utstationering/?id=823d2379-2a6d-4b11-a54c-08df1219aa16&E=System.String[];3;MIDAS INDUSTRIES SP Z OO | Stålverket 20 96140 Boden | 3 | Läs mer
2026-09-28;08:20:44+0000;MGCT Consulting & Services srl;Stålverket 20 96140 Boden;1;Boden;https://www.av.se/arbetsmiljoarbete-och-inspektioner/e-tjanster-och-blanketter/sok-utstationering/?id=dc85ff88-2f60-4dcf-3e3e-08def373c9dd&E=System.String[];3;MGCT Consulting & Services srl | Stålverket 20 96140 Boden | 1 | Läs mer
2026-09-28;08:20:44+0000;METRUM, SIA;Stålverket 20 96140 Boden;3;Boden;https://www.av.se/arbetsmiljoarbete-och-inspektioner/e-tjanster-och-blanketter/sok-utstationering/?id=74cd7685-e236-4c4a-0f94-08de95274a1e&E=System.String[];3;METRUM, SIA | Stålverket 20 96140 Boden | 3 | Läs mer
2026-09-28;08:20:44+0000;Meri-Lapin huolto Oy;Stålverket 20 96140 Boden;1;Boden;https://www.av.se/arbetsmiljoarbete-och-inspektioner/e-tjanster-och-blanketter/sok-utstationering/?id=8c222d31-434b-49d9-c3c5-08def7577433&E=System.String[];3;Meri-Lapin huolto Oy | Stålverket 20 96140 Boden | 1 | Läs mer
2026-09-28;08:20:44+0000;MB JOLTERA;Stålverket 20 96140 Boden;65;Boden;https://www.av.se/arbetsmiljoarbete-och-inspektioner/e-tjanster-och-blanketter/sok-utstationering/?id=8134f2ea-0504-42f0-781e-08ddfbf48b88&E=System.String[];3;MB JOLTERA | Stålverket 20 96140 Boden | 65 | Läs mer
2026-09-28;08:20:44+0000;MaxPro Solutions;Stålverket 20 96140 Boden;251;Boden;https://www.av.se/arbetsmiljoarbete-och-inspektioner/e-tjanster-och-blanketter/sok-utstationering/?id=20d90ffb-6952-4c71-5abc-08de3fc9c116&E=System.String[];3;MaxPro Solutions | Stålverket 20 96140 Boden | 251 | Läs mer
2026-09-28;08:20:44+0000;Maanrakennus Kallinen Oy;Stålverket 20 96140 Boden;1;Boden;https://www.av.se/arbetsmiljoarbete-och-inspektioner/e-tjanster-och-blanketter/sok-utstationering/?id=91906299-ad7a-4ab4-5edf-08def11eb407&E=System.String[];3;Maanrakennus Kallinen Oy | Stålverket 20 96140 Boden | 1 | Läs mer
2026-09-28;08:20:44+0000;Maanrakennus Kallinen Oy;Stålverket 20 96140 Boden;2;Boden;https://www.av.se/arbetsmiljoarbete-och-inspektioner/e-tjanster-och-blanketter/sok-utstationering/?id=2f8964ea-e056-4d41-00be-08deeec141db&E=System.String[];3;Maanrakennus Kallinen Oy | Stålverket 20 96140 Boden | 2 | Läs mer
2026-09-28;08:20:44+0000;LTR-Rakennus Oy;Stålverket 20 96140 Boden;4;Boden;https://www.av.se/arbetsmiljoarbete-och-inspektioner/e-tjanster-och-blanketter/sok-utstationering/?id=a3c76054-834d-4266-8b35-08ddf5a331a2&E=System.String[];3;LTR-Rakennus Oy | Stålverket 20 96140 Boden | 4 | Läs mer
2026-09-28;08:20:44+0000;LK Bygg UAB;Stålverket 20 96140 Boden;62;Boden;https://www.av.se/arbetsmiljoarbete-och-inspektioner/e-tjanster-och-blanketter/sok-utstationering/?id=eb3ed4e8-45d5-4bb4-19ea-08dda324109d&E=System.String[];3;LK Bygg UAB | Stålverket 20 96140 Boden | 62 | Läs mer
2026-09-28;08:20:44+0000;LIZMONTAGENS - EMPRESA DE MONTAGENS TERM INDUSTRIAIS SA;Stålverket 20 96140 Boden;46;Boden;https://www.av.se/arbetsmiljoarbete-och-inspektioner/e-tjanster-och-blanketter/sok-utstationering/?id=dfc04437-0365-492d-9d83-08ddda2cfd6c&E=System.String[];3;LIZMONTAGENS - EMPRESA DE MONTAGENS TERM INDUSTRIAIS SA | Stålverket 20 96140 Boden | 46 | Läs mer
2026-09-28;08:20:44+0000;LIZ ITALIANA SRL;Stålverket 20 96140 Boden;1;Boden;https://www.av.se/arbetsmiljoarbete-och-inspektioner/e-tjanster-och-blanketter/sok-utstationering/?id=f33fe7a4-f59e-48ba-2897-08deedff0851&E=System.String[];3;LIZ ITALIANA SRL | Stålverket 20 96140 Boden | 1 | Läs mer
2026-09-28;08:20:44+0000;Kymsol;Stålverket 20 96140 Boden;2;Boden;https://www.av.se/arbetsmiljoarbete-och-inspektioner/e-tjanster-och-blanketter/sok-utstationering/?id=dcab1d58-2a7b-4931-7f98-08ddf1bc39bb&E=System.String[];3;Kymsol | Stålverket 20 96140 Boden | 2 | Läs mer
2026-09-28;08:20:44+0000;Kuljetusliike Ville Silvasti Oy;Stålverket 20 96140 Boden;7;Boden;https://www.av.se/arbetsmiljoarbete-och-inspektioner/e-tjanster-och-blanketter/sok-utstationering/?id=eb411f78-0e88-4a04-77fe-08ddfbf48b88&E=System.String[];3;Kuljetusliike Ville Silvasti Oy | Stålverket 20 96140 Boden | 7 | Läs mer
2026-09-28;08:20:44+0000;Kuljetusliike Thoden Oy;Stålverket 20 96140 Boden;7;Boden;https://www.av.se/arbetsmiljoarbete-och-inspektioner/e-tjanster-och-blanketter/sok-utstationering/?id=4fb4a1e8-6c4d-48b6-1da7-08dc3299b4b3&E=System.String[];3;Kuljetusliike Thoden Oy | Stålverket 20 96140 Boden | 7 | Läs mer
2026-09-28;08:20:44+0000;Kuljetusliike Aleksi Rytkönen Oy;Stålverket 20 96140 Boden;1;Boden;https://www.av.se/arbetsmiljoarbete-och-inspektioner/e-tjanster-och-blanketter/sok-utstationering/?id=c28b5f08-0ecc-4b17-3817-08dbc5c053d7&E=System.String[];3;Kuljetusliike Aleksi Rytkönen Oy | Stålverket 20 96140 Boden | 1 | Läs mer
2026-09-28;08:20:44+0000;KSH Steel sp. z o.o.;Stålverket 20 96140 Boden;6;Boden;https://www.av.se/arbetsmiljoarbete-och-inspektioner/e-tjanster-och-blanketter/sok-utstationering/?id=cfa519b7-7b50-4fd1-96c3-08de055cb329&E=System.String[];3;KSH Steel sp. z o.o. | Stålverket 20 96140 Boden | 6 | Läs mer
2026-09-28;08:20:44+0000;KMD Teknik AB;Svedjebergsvägen 10 96140 Boden;5;Boden;https://www.av.se/arbetsmiljoarbete-och-inspektioner/e-tjanster-och-blanketter/sok-utstationering/?id=c4ec6c1a-1c5a-48f5-b1b3-08dd86d25287&E=System.String[];3;KMD Teknik AB | Svedjebergsvägen 10 96140 Boden | 5 | Läs mer
2026-09-28;08:20:44+0000;KLM Ehitus OÜ;Moråsleden 1 96167 Boden;17;Boden;https://www.av.se/arbetsmiljoarbete-och-inspektioner/e-tjanster-och-blanketter/sok-utstationering/?id=1fab2ab9-fc5e-4892-8cda-08def69a8c01&E=System.String[];3;KLM Ehitus OÜ | Moråsleden 1 96167 Boden | 17 | Läs mer
2026-09-28;08:20:44+0000;KINTEC RECRUITMENT LIMITED;Stålverket 20 96140 Boden;2;Boden;https://www.av.se/arbetsmiljoarbete-och-inspektioner/e-tjanster-och-blanketter/sok-utstationering/?id=32a77240-c41a-4500-6bd2-08de9aaf411a&E=System.String[];3;KINTEC RECRUITMENT LIMITED | Stålverket 20 96140 Boden | 2 | Läs mer
2026-09-28;08:20:44+0000;KINTEC RECRUITMENT LIMITED;Stålverket 20 96140 Boden;15;Boden;https://www.av.se/arbetsmiljoarbete-och-inspektioner/e-tjanster-och-blanketter/sok-utstationering/?id=f1055d29-653a-4c2b-d2fa-08dd9757872b&E=System.String[];3;KINTEC RECRUITMENT LIMITED | Stålverket 20 96140 Boden | 15 | Läs mer
2026-09-28;08:20:44+0000;KINGA SZYMCZYK S-ASSIST;Stålverket 20 96140 Boden;3;Boden;https://www.av.se/arbetsmiljoarbete-och-inspektioner/e-tjanster-och-blanketter/sok-utstationering/?id=29a56001-4336-4746-6bd5-08dee0a293ed&E=System.String[];3;KINGA SZYMCZYK S-ASSIST | Stålverket 20 96140 Boden | 3 | Läs mer
2026-09-28;08:20:44+0000;Kavamet-Konepaja Oy;Stålverket 20 96140 Boden;2;Boden;https://www.av.se/arbetsmiljoarbete-och-inspektioner/e-tjanster-och-blanketter/sok-utstationering/?id=6a01f71d-c553-47b1-734d-08dcee6c08e1&E=System.String[];3;Kavamet-Konepaja Oy | Stålverket 20 96140 Boden | 2 | Läs mer
2026-09-28;08:20:44+0000;Kantojärven Metalli Oy;Stålverket 20 96140 Boden;3;Boden;https://www.av.se/arbetsmiljoarbete-och-inspektioner/e-tjanster-och-blanketter/sok-utstationering/?id=9f297a22-d6e0-46c9-45a7-08de2279daeb&E=System.String[];3;Kantojärven Metalli Oy | Stålverket 20 96140 Boden | 3 | Läs mer
2026-09-28;08:20:44+0000;Kametal bv;Stålverket 20 96140 Boden;3;Boden;https://www.av.se/arbetsmiljoarbete-och-inspektioner/e-tjanster-och-blanketter/sok-utstationering/?id=9237703e-ab65-44e0-751a-08ddae2a7822&E=System.String[];3;Kametal bv | Stålverket 20 96140 Boden | 3 | Läs mer
2026-09-28;08:20:44+0000;KADDGROUP SERVICES OÜ;Stålverket 20 96140 Boden;3;Boden;https://www.av.se/arbetsmiljoarbete-och-inspektioner/e-tjanster-och-blanketter/sok-utstationering/?id=7509f404-0ed3-472f-1d87-08de5d6ca7a5&E=System.String[];4;KADDGROUP SERVICES OÜ | Stålverket 20 96140 Boden | 3 | Läs mer
2026-09-28;08:20:44+0000;Izoref iberia Unipessoal LDA;Stålverket 20 96140 Boden;4;Boden;https://www.av.se/arbetsmiljoarbete-och-inspektioner/e-tjanster-och-blanketter/sok-utstationering/?id=12a0364d-22da-4992-2eff-08deec14c22e&E=System.String[];4;Izoref iberia Unipessoal LDA | Stålverket 20 96140 Boden | 4 | Läs mer
2026-09-28;08:20:44+0000;Izoref Constructii srl;Stålverket 20 96140 Boden;13;Boden;https://www.av.se/arbetsmiljoarbete-och-inspektioner/e-tjanster-och-blanketter/sok-utstationering/?id=324f1a41-757a-4542-09ba-08deeb94af0b&E=System.String[];4;Izoref Constructii srl | Stålverket 20 96140 Boden | 13 | Läs mer
2026-09-28;08:20:44+0000;Inter Talent Recruit Sia;Stålverket 20 96140 Boden;2;Boden;https://www.av.se/arbetsmiljoarbete-och-inspektioner/e-tjanster-och-blanketter/sok-utstationering/?id=4b21d886-fd01-430e-f723-08df07e709c2&E=System.String[];4;Inter Talent Recruit Sia | Stålverket 20 96140 Boden | 2 | Läs mer
2026-09-28;08:20:44+0000;Ilmastointi Salminen Oy;Stålverket 20 96140 Boden;2;Boden;https://www.av.se/arbetsmiljoarbete-och-inspektioner/e-tjanster-och-blanketter/sok-utstationering/?id=e44e189d-e43f-495c-6a36-08ddcb3df1b2&E=System.String[];4;Ilmastointi Salminen Oy | Stålverket 20 96140 Boden | 2 | Läs mer
2026-09-28;08:20:44+0000;IDOM CONSULTING ENGINEERING ARCHITECTURE SAU;Stålverket 20 96140 Boden;17;Boden;https://www.av.se/arbetsmiljoarbete-och-inspektioner/e-tjanster-och-blanketter/sok-utstationering/?id=c15529d6-df31-4efe-8001-08de1c314707&E=System.String[];4;IDOM CONSULTING ENGINEERING ARCHITECTURE SAU | Stålverket 20 96140 Boden | 17 | Läs mer
2026-09-28;08:20:44+0000;Hitspe Oy;Stålverket 20 96140 Boden;2;Boden;https://www.av.se/arbetsmiljoarbete-och-inspektioner/e-tjanster-och-blanketter/sok-utstationering/?id=9507b4b0-ffbb-49b9-668d-08df019d5369&E=System.String[];4;Hitspe Oy | Stålverket 20 96140 Boden | 2 | Läs mer
2026-09-28;08:20:44+0000;Hitachi Energy Czech Republic s.r.o.;Stålverket 20 96140 Boden;1;Boden;https://www.av.se/arbetsmiljoarbete-och-inspektioner/e-tjanster-och-blanketter/sok-utstationering/?id=f311258b-18aa-43a3-1f8d-08dd8944d0dc&E=System.String[];4;Hitachi Energy Czech Republic s.r.o. | Stålverket 20 96140 Boden | 1 | Läs mer
2026-09-28;08:20:44+0000;HELB d.o.o.;Stålverket 20 96140 Boden;10;Boden;https://www.av.se/arbetsmiljoarbete-och-inspektioner/e-tjanster-och-blanketter/sok-utstationering/?id=fcfc8e74-4e7b-4b83-ca9b-08deed26fd81&E=System.String[];4;HELB d.o.o. | Stålverket 20 96140 Boden | 10 | Läs mer
2026-09-28;08:20:44+0000;Havator Oy;Stålverket 20 96140 Boden;71;Boden;https://www.av.se/arbetsmiljoarbete-och-inspektioner/e-tjanster-och-blanketter/sok-utstationering/?id=b0fd023a-3aef-4a4a-123d-08dd2ede08ee&E=System.String[];4;Havator Oy | Stålverket 20 96140 Boden | 71 | Läs mer
2026-09-28;08:20:44+0000;Hallix Finland Oy;Stålverket 20 96140 Boden;4;Boden;https://www.av.se/arbetsmiljoarbete-och-inspektioner/e-tjanster-och-blanketter/sok-utstationering/?id=e945dd38-3d51-4c4d-e1ea-08ddc3551bc8&E=System.String[];4;Hallix Finland Oy | Stålverket 20 96140 Boden | 4 | Läs mer
2026-09-28;08:20:44+0000;Haaponiemi Infra Oy;Stålverket 20 96140 Boden;1;Boden;https://www.av.se/arbetsmiljoarbete-och-inspektioner/e-tjanster-och-blanketter/sok-utstationering/?id=d8ecc996-f721-44ae-24e0-08dcce356a8b&E=System.String[];4;Haaponiemi Infra Oy | Stålverket 20 96140 Boden | 1 | Läs mer
2026-09-28;08:20:44+0000;Haaponiemi Infra Oy;Stålverket 20 96140 Boden;2;Boden;https://www.av.se/arbetsmiljoarbete-och-inspektioner/e-tjanster-och-blanketter/sok-utstationering/?id=83db1eb2-d559-4a28-e027-08de5c97ab07&E=System.String[];4;Haaponiemi Infra Oy | Stålverket 20 96140 Boden | 2 | Läs mer
2026-09-28;08:20:44+0000;GT Polen Sp.z.o.o.;Baldersgatan 1 96133 Boden;4;Boden;https://www.av.se/arbetsmiljoarbete-och-inspektioner/e-tjanster-och-blanketter/sok-utstationering/?id=307a5f33-ea69-4a02-3fc3-08de5ef121a2&E=System.String[];4;GT Polen Sp.z.o.o. | Baldersgatan 1 96133 Boden | 4 | Läs mer
2026-09-28;08:20:44+0000;Give Steel A/S;Stålverket 20 96140 Boden;2;Boden;https://www.av.se/arbetsmiljoarbete-och-inspektioner/e-tjanster-och-blanketter/sok-utstationering/?id=4131b51b-3fd3-471c-57d6-08dd3f640025&E=System.String[];4;Give Steel A/S | Stålverket 20 96140 Boden | 2 | Läs mer
2026-09-28;08:20:44+0000;GF Engineering SRL;Stålverket 20 96140 Boden;68;Boden;https://www.av.se/arbetsmiljoarbete-och-inspektioner/e-tjanster-och-blanketter/sok-utstationering/?id=00a0922e-c6b9-4419-fae0-08dd91d84c26&E=System.String[];4;GF Engineering SRL | Stålverket 20 96140 Boden | 68 | Läs mer
2026-09-28;08:20:44+0000;Fortis Associates Ltd;Stålverket 20 96140 Boden;2;Boden;https://www.av.se/arbetsmiljoarbete-och-inspektioner/e-tjanster-och-blanketter/sok-utstationering/?id=8749ec26-dd61-49af-52c1-08dca2489d76&E=System.String[];4;Fortis Associates Ltd | Stålverket 20 96140 Boden | 2 | Läs mer
2026-09-28;08:20:44+0000;Fortis Associates Ltd;Stålverket 20 96140 Boden;2;Boden;https://www.av.se/arbetsmiljoarbete-och-inspektioner/e-tjanster-och-blanketter/sok-utstationering/?id=e4c5d00c-3f32-4cb2-317c-08dcf3298406&E=System.String[];4;Fortis Associates Ltd | Stålverket 20 96140 Boden | 2 | Läs mer
2026-09-28;08:20:44+0000;Fortis Associates Ltd;Stålverket 20 96140 Boden;33;Boden;https://www.av.se/arbetsmiljoarbete-och-inspektioner/e-tjanster-och-blanketter/sok-utstationering/?id=c83a09cb-8b92-4712-69b3-08dc3d082c36&E=System.String[];4;Fortis Associates Ltd | Stålverket 20 96140 Boden | 33 | Läs mer
2026-09-28;08:20:44+0000;Fluor South Africa (Pty) Ltd;Stålverket 20 96140 Boden;2;Boden;https://www.av.se/arbetsmiljoarbete-och-inspektioner/e-tjanster-och-blanketter/sok-utstationering/?id=349096f3-fc9d-421a-9f08-08dc165da14c&E=System.String[];4;Fluor South Africa (Pty) Ltd | Stålverket 20 96140 Boden | 2 | Läs mer
2026-09-28;08:20:44+0000;Fluor Daniel Technical Services;Stålverket 20 96140 Boden;1;Boden;https://www.av.se/arbetsmiljoarbete-och-inspektioner/e-tjanster-och-blanketter/sok-utstationering/?id=d457bd80-695f-4d22-cbd8-08dbc98af9f7&E=System.String[];4;Fluor Daniel Technical Services | Stålverket 20 96140 Boden | 1 | Läs mer
2026-09-28;08:20:44+0000;Fluor B.V.;Stålverket 20 96140 Boden;1;Boden;https://www.av.se/arbetsmiljoarbete-och-inspektioner/e-tjanster-och-blanketter/sok-utstationering/?id=9b20934b-98ff-4971-99e3-08dba96f5f4d&E=System.String[];4;Fluor B.V. | Stålverket 20 96140 Boden | 1 | Läs mer
2026-09-28;08:20:44+0000;Five-P Enterprises Oy;Stålverket 20 96140 Boden;1;Boden;https://www.av.se/arbetsmiljoarbete-och-inspektioner/e-tjanster-och-blanketter/sok-utstationering/?id=d54e01c5-c8c3-4946-7619-08dce07b542c&E=System.String[];4;Five-P Enterprises Oy | Stålverket 20 96140 Boden | 1 | Läs mer
2026-09-28;08:20:44+0000;Finrak OÜ;Stålverket 20 96140 Boden;2;Boden;https://www.av.se/arbetsmiljoarbete-och-inspektioner/e-tjanster-och-blanketter/sok-utstationering/?id=908397b8-fedf-49c6-d53a-08ddcff1dc10&E=System.String[];4;Finrak OÜ | Stålverket 20 96140 Boden | 2 | Läs mer
2026-09-28;08:20:44+0000;Fimpec PMO Oy;Stålverket 20 96140 Boden;2;Boden;https://www.av.se/arbetsmiljoarbete-och-inspektioner/e-tjanster-och-blanketter/sok-utstationering/?id=0d3391b2-d4d3-4119-e990-08ddd3dcf80e&E=System.String[];4;Fimpec PMO Oy | Stålverket 20 96140 Boden | 2 | Läs mer
2026-09-28;08:20:44+0000;Fimpec PMO Oy;Teknikvägen 3 96150 Boden;1;Boden;https://www.av.se/arbetsmiljoarbete-och-inspektioner/e-tjanster-och-blanketter/sok-utstationering/?id=ab9a8eea-bcfa-4c98-d21f-08ddcd90f4a9&E=System.String[];4;Fimpec PMO Oy | Teknikvägen 3 96150 Boden | 1 | Läs mer
2026-09-28;08:20:44+0000;FERRMIX CONSTRUCTION OÜ;Stålverket 20 96140 Boden;17;Boden;https://www.av.se/arbetsmiljoarbete-och-inspektioner/e-tjanster-och-blanketter/sok-utstationering/?id=af79d267-593e-4bbd-0a4a-08dd352e6bf4&E=System.String[];4;FERRMIX CONSTRUCTION OÜ | Stålverket 20 96140 Boden | 17 | Läs mer
2026-09-28;08:20:44+0000;FERRETTI CONSTRUCTION SRL;Teknikvägen 3 96150 Boden;28;Boden;https://www.av.se/arbetsmiljoarbete-och-inspektioner/e-tjanster-och-blanketter/sok-utstationering/?id=65231aca-32f0-420b-c3aa-08de743c6266&E=System.String[];4;FERRETTI CONSTRUCTION SRL | Teknikvägen 3 96150 Boden | 28 | Läs mer
2026-09-28;08:20:44+0000;Ferretti Construction;Stålverket 20 96140 Boden;36;Boden;https://www.av.se/arbetsmiljoarbete-och-inspektioner/e-tjanster-och-blanketter/sok-utstationering/?id=9e0e1ec1-8c9e-4daf-e99d-08ddd3dcf80e&E=System.String[];4;Ferretti Construction | Stålverket 20 96140 Boden | 36 | Läs mer
2026-09-28;08:20:44+0000;EXACT Geomark AS;Stålverket 20 96140 Boden;1;Boden;https://www.av.se/arbetsmiljoarbete-och-inspektioner/e-tjanster-och-blanketter/sok-utstationering/?id=e3760e21-b783-429a-2f4f-08de316986e1&E=System.String[];4;EXACT Geomark AS | Stålverket 20 96140 Boden | 1 | Läs mer
2026-09-28;08:20:44+0000;Exact Czech s.r.o.;Stålverket 20 96140 Boden;6;Boden;https://www.av.se/arbetsmiljoarbete-och-inspektioner/e-tjanster-och-blanketter/sok-utstationering/?id=a90a1c24-5177-44b7-5fbd-08ddc4f010f9&E=System.String[];4;Exact Czech s.r.o. | Stålverket 20 96140 Boden | 6 | Läs mer
2026-09-28;08:20:44+0000;Euromontas, UAB;Bullerleden 5 96167 Boden;9;Boden;https://www.av.se/arbetsmiljoarbete-och-inspektioner/e-tjanster-och-blanketter/sok-utstationering/?id=7a79064f-b648-4ddc-617d-08dd726cb317&E=System.String[];4;Euromontas, UAB | Bullerleden 5 96167 Boden | 9 | Läs mer
2026-09-28;08:20:44+0000;Euromontas Suomi Oy;Stålverket 20 96140 Boden;1;Boden;https://www.av.se/arbetsmiljoarbete-och-inspektioner/e-tjanster-och-blanketter/sok-utstationering/?id=ed22282d-2170-43eb-7f13-08dd758e981a&E=System.String[];4;Euromontas Suomi Oy | Stålverket 20 96140 Boden | 1 | Läs mer
2026-09-28;08:20:44+0000;EUPTECH;Stålverket 20 96140 Boden;2;Boden;https://www.av.se/arbetsmiljoarbete-och-inspektioner/e-tjanster-och-blanketter/sok-utstationering/?id=7188a517-7f94-4bac-5286-08de8fa033d3&E=System.String[];4;EUPTECH | Stålverket 20 96140 Boden | 2 | Läs mer
2026-09-28;08:20:44+0000;ETT-INTERIM;Stålverket 20 96140 Boden;126;Boden;https://www.av.se/arbetsmiljoarbete-och-inspektioner/e-tjanster-och-blanketter/sok-utstationering/?id=c28dbf47-cfad-4d31-7179-08ddde14e1aa&E=System.String[];4;ETT-INTERIM | Stålverket 20 96140 Boden | 126 | Läs mer
2026-09-28;08:20:44+0000;Erko elektro s.r.o.;Stålverket 20 96140 Boden;1;Boden;https://www.av.se/arbetsmiljoarbete-och-inspektioner/e-tjanster-och-blanketter/sok-utstationering/?id=b7b38542-9079-4379-d659-08dda700024b&E=System.String[];4;Erko elektro s.r.o. | Stålverket 20 96140 Boden | 1 | Läs mer
2026-09-28;08:20:44+0000;Enersense Works Oy;Stålverket 20 96140 Boden;2;Boden;https://www.av.se/arbetsmiljoarbete-och-inspektioner/e-tjanster-och-blanketter/sok-utstationering/?id=70621c01-7f44-4250-f397-08dedd79a90c&E=System.String[];4;Enersense Works Oy | Stålverket 20 96140 Boden | 2 | Läs mer
2026-09-28;08:20:44+0000;Enersense Works Oy;Stålverket 20 96140 Boden;20;Boden;https://www.av.se/arbetsmiljoarbete-och-inspektioner/e-tjanster-och-blanketter/sok-utstationering/?id=6825275d-2b43-4b72-155b-08de016fc431&E=System.String[];4;Enersense Works Oy | Stålverket 20 96140 Boden | 20 | Läs mer
2026-09-28;08:20:44+0000;EMTS;Stålverket 20 96140 Boden;1;Boden;https://www.av.se/arbetsmiljoarbete-och-inspektioner/e-tjanster-och-blanketter/sok-utstationering/?id=071ed2ae-21e6-4e00-a0be-08ddf740f46c&E=System.String[];4;EMTS | Stålverket 20 96140 Boden | 1 | Läs mer
2026-09-28;08:20:44+0000;Emerald Core Construction Trading as The Advantage Ireland;Stålverket 20 96140 Boden;1;Boden;https://www.av.se/arbetsmiljoarbete-och-inspektioner/e-tjanster-och-blanketter/sok-utstationering/?id=9ff6a123-da25-4ba3-46a7-08deafe4a013&E=System.String[];4;Emerald Core Construction Trading as The Advantage Ireland | Stålverket 20 96140 Boden | 1 | Läs mer
2026-09-28;08:20:44+0000;Emerald Core Construction Trading as The Advantage Ireland;Stålverket 20 96140 Boden;1;Boden;https://www.av.se/arbetsmiljoarbete-och-inspektioner/e-tjanster-och-blanketter/sok-utstationering/?id=d503b7eb-418d-4f50-e201-08dede411cd2&E=System.String[];4;Emerald Core Construction Trading as The Advantage Ireland | Stålverket 20 96140 Boden | 1 | Läs mer
2026-09-28;08:20:44+0000;EMC Projects;Stålverket 20 96140 Boden;12;Boden;https://www.av.se/arbetsmiljoarbete-och-inspektioner/e-tjanster-och-blanketter/sok-utstationering/?id=991b78e9-b1aa-4d5c-be0c-08dd092d41d0&E=System.String[];4;EMC Projects | Stålverket 20 96140 Boden | 12 | Läs mer
2026-09-28;08:20:44+0000;EIFFAGE GENIE CIVIL MARINE;Stålverket 20 96140 Boden;55;Boden;https://www.av.se/arbetsmiljoarbete-och-inspektioner/e-tjanster-och-blanketter/sok-utstationering/?id=67b5da9a-6779-43ba-0fec-08ddd95fa57f&E=System.String[];4;EIFFAGE GENIE CIVIL MARINE | Stålverket 20 96140 Boden | 55 | Läs mer
2026-09-28;08:20:44+0000;Egeria OÜ;Stålverket 20 96140 Boden;21;Boden;https://www.av.se/arbetsmiljoarbete-och-inspektioner/e-tjanster-och-blanketter/sok-utstationering/?id=04ecbc1f-fe06-45d7-ccaa-08de28be7b27&E=System.String[];4;Egeria OÜ | Stålverket 20 96140 Boden | 21 | Läs mer
2026-09-28;08:20:44+0000;Egeria OÜ;Stålverket 20 96140 Boden;8;Boden;https://www.av.se/arbetsmiljoarbete-och-inspektioner/e-tjanster-och-blanketter/sok-utstationering/?id=2c03fe19-fc2a-4ac0-f3fe-08df08aedd08&E=System.String[];4;Egeria OÜ | Stålverket 20 96140 Boden | 8 | Läs mer
2026-09-28;08:20:44+0000;Efecta, UAB;Stålverket 20 96140 Boden;275;Boden;https://www.av.se/arbetsmiljoarbete-och-inspektioner/e-tjanster-och-blanketter/sok-utstationering/?id=99e29b60-6651-44ae-7581-08deb17c1a5b&E=System.String[];4;Efecta, UAB | Stålverket 20 96140 Boden | 275 | Läs mer
2026-09-28;08:20:44+0000;Efecta, UAB;Övre Buddbyn 141 96192 Boden;7;Boden;https://www.av.se/arbetsmiljoarbete-och-inspektioner/e-tjanster-och-blanketter/sok-utstationering/?id=1a3a30d0-d973-4967-4584-08df16290256&E=System.String[];4;Efecta, UAB | Övre Buddbyn 141 96192 Boden | 7 | Läs mer
2026-09-28;08:20:44+0000;E. Helaakoski Oy;Stålverket 20 96140 Boden;4;Boden;https://www.av.se/arbetsmiljoarbete-och-inspektioner/e-tjanster-och-blanketter/sok-utstationering/?id=6d062287-c699-490c-bab7-08ded667ef6a&E=System.String[];4;E. Helaakoski Oy | Stålverket 20 96140 Boden | 4 | Läs mer
2026-09-28;08:20:44+0000;Dymont Installation Oy;Stålverket 20 96140 Boden;13;Boden;https://www.av.se/arbetsmiljoarbete-och-inspektioner/e-tjanster-och-blanketter/sok-utstationering/?id=a2589ff7-360e-42ea-16ba-08dd4cba981c&E=System.String[];4;Dymont Installation Oy | Stålverket 20 96140 Boden | 13 | Läs mer
2026-09-28;08:20:44+0000;Drive Consulting GmbH;Stålverket 20 96140 Boden;6;Boden;https://www.av.se/arbetsmiljoarbete-och-inspektioner/e-tjanster-och-blanketter/sok-utstationering/?id=c6721925-9b5f-4857-02ef-08dd5bb6be5f&E=System.String[];4;Drive Consulting GmbH | Stålverket 20 96140 Boden | 6 | Läs mer
2026-09-28;08:20:44+0000;Digita Oy;Teknikvägen 3 96150 Boden;6;Boden;https://www.av.se/arbetsmiljoarbete-och-inspektioner/e-tjanster-och-blanketter/sok-utstationering/?id=f5081375-6f65-4660-7b1e-08de729848d9&E=System.String[];5;Digita Oy | Teknikvägen 3 96150 Boden | 6 | Läs mer
2026-09-28;08:20:44+0000;Digita Oy;Stålverket 20 96140 Boden;1;Boden;https://www.av.se/arbetsmiljoarbete-och-inspektioner/e-tjanster-och-blanketter/sok-utstationering/?id=50eb7ba4-9eea-41ee-6339-08deaa6389c3&E=System.String[];5;Digita Oy | Stålverket 20 96140 Boden | 1 | Läs mer
2026-09-28;08:20:44+0000;Digita Oy;Stålverket 20 96140 Boden;1;Boden;https://www.av.se/arbetsmiljoarbete-och-inspektioner/e-tjanster-och-blanketter/sok-utstationering/?id=44848bf1-c813-4df9-0f1a-08deab24c9d0&E=System.String[];5;Digita Oy | Stålverket 20 96140 Boden | 1 | Läs mer
2026-09-28;08:20:44+0000;Cubitor;Stålverket 20 96140 Boden;4;Boden;https://www.av.se/arbetsmiljoarbete-och-inspektioner/e-tjanster-och-blanketter/sok-utstationering/?id=ec7e56fe-42fe-4364-2b9c-08dd8b8c8245&E=System.String[];5;Cubitor | Stålverket 20 96140 Boden | 4 | Läs mer
2026-09-28;08:20:44+0000;Cronos Digital Safety Solutions Oy;Stålverket 20 96140 Boden;1;Boden;https://www.av.se/arbetsmiljoarbete-och-inspektioner/e-tjanster-och-blanketter/sok-utstationering/?id=fa1d7cbf-76fb-438b-d216-08ddcd90f4a9&E=System.String[];5;Cronos Digital Safety Solutions Oy | Stålverket 20 96140 Boden | 1 | Läs mer
2026-09-28;08:20:44+0000;Crane Norway Midt-Norge AS;Stålverket 20 96140 Boden;1;Boden;https://www.av.se/arbetsmiljoarbete-och-inspektioner/e-tjanster-och-blanketter/sok-utstationering/?id=10bc38a4-c737-42ba-e608-08defcf0c49c&E=System.String[];5;Crane Norway Midt-Norge AS | Stålverket 20 96140 Boden | 1 | Läs mer
2026-09-28;08:20:44+0000;Corsair Consulting OÜ;Stålverket 20 96140 Boden;1;Boden;https://www.av.se/arbetsmiljoarbete-och-inspektioner/e-tjanster-och-blanketter/sok-utstationering/?id=f5c8f811-1cd8-4453-bf82-08dee6179cd8&E=System.String[];5;Corsair Consulting OÜ | Stålverket 20 96140 Boden | 1 | Läs mer
2026-09-28;08:20:44+0000;Corsair Consulting OÜ;Teknikvägen 3 96150 Boden;1;Boden;https://www.av.se/arbetsmiljoarbete-och-inspektioner/e-tjanster-och-blanketter/sok-utstationering/?id=03be4aea-1c02-43fe-c292-08ded01aebb7&E=System.String[];5;Corsair Consulting OÜ | Teknikvägen 3 96150 Boden | 1 | Läs mer
2026-09-28;08:20:44+0000;Construction Solutions sp. z o.o;Stålverket 20 96140 Boden;7;Boden;https://www.av.se/arbetsmiljoarbete-och-inspektioner/e-tjanster-och-blanketter/sok-utstationering/?id=82d16450-6e80-4f04-102b-08ddbd14078a&E=System.String[];5;Construction Solutions sp. z o.o | Stålverket 20 96140 Boden | 7 | Läs mer
2026-09-28;08:20:44+0000;Conpech Resources;Stålverket 20 96140 Boden;1;Boden;https://www.av.se/arbetsmiljoarbete-och-inspektioner/e-tjanster-och-blanketter/sok-utstationering/?id=f2fc2b11-1967-4c4c-7805-08ddfbf48b88&E=System.String[];5;Conpech Resources | Stålverket 20 96140 Boden | 1 | Läs mer
2026-09-28;08:20:44+0000;CN Heavy Transport AS;Stålverket 20 96140 Boden;2;Boden;https://www.av.se/arbetsmiljoarbete-och-inspektioner/e-tjanster-och-blanketter/sok-utstationering/?id=96bb9cf8-5ea2-4a0b-f60c-08ded59cff7c&E=System.String[];5;CN Heavy Transport AS | Stålverket 20 96140 Boden | 2 | Läs mer
2026-09-28;08:20:44+0000;Chart Ferox a.s.;Stålverket 20 96140 Boden;7;Boden;https://www.av.se/arbetsmiljoarbete-och-inspektioner/e-tjanster-och-blanketter/sok-utstationering/?id=aa0ef812-633c-43b1-a0ed-08de048b9df6&E=System.String[];5;Chart Ferox a.s. | Stålverket 20 96140 Boden | 7 | Läs mer
2026-09-28;08:20:44+0000;Centum Servico Ltd;Stålverket 20 96140 Boden;52;Boden;https://www.av.se/arbetsmiljoarbete-och-inspektioner/e-tjanster-och-blanketter/sok-utstationering/?id=21279f08-fa32-4ea2-866c-08de2b16bc5a&E=System.String[];5;Centum Servico Ltd | Stålverket 20 96140 Boden | 52 | Läs mer
2026-09-28;08:20:44+0000;Centum Engineering Services (SE) Ltd;Stålverket 20 96140 Boden;3;Boden;https://www.av.se/arbetsmiljoarbete-och-inspektioner/e-tjanster-och-blanketter/sok-utstationering/?id=09d44346-8837-45f5-ee3d-08dee15cb58e&E=System.String[];5;Centum Engineering Services (SE) Ltd | Stålverket 20 96140 Boden | 3 | Läs mer
2026-09-28;08:20:44+0000;CB&l Nederland B.V;Stålverket 20 96140 Boden;8;Boden;https://www.av.se/arbetsmiljoarbete-och-inspektioner/e-tjanster-och-blanketter/sok-utstationering/?id=6b56a271-c931-48d6-2f4b-08de316986e1&E=System.String[];5;CB&l Nederland B.V | Stålverket 20 96140 Boden | 8 | Läs mer
2026-09-28;08:20:44+0000;CB&I Global Operations International PTE. LTD.;Stålverket 20 96140 Boden;90;Boden;https://www.av.se/arbetsmiljoarbete-och-inspektioner/e-tjanster-och-blanketter/sok-utstationering/?id=25c36c56-3833-45b5-fe6d-08dca62d57e0&E=System.String[];5;CB&I Global Operations International PTE. LTD. | Stålverket 20 96140 Boden | 90 | Läs mer
2026-09-28;08:20:44+0000;Brunel International South East Asia PTE Ltd;Stålverket 20 96140 Boden;1;Boden;https://www.av.se/arbetsmiljoarbete-och-inspektioner/e-tjanster-och-blanketter/sok-utstationering/?id=45c28b24-bcac-4cfd-44b0-08ddbea4b2f3&E=System.String[];5;Brunel International South East Asia PTE Ltd | Stålverket 20 96140 Boden | 1 | Läs mer
2026-09-28;08:20:44+0000;Broderna Nygard Ab;Lakaträsk 404 Boden;12;Boden;https://www.av.se/arbetsmiljoarbete-och-inspektioner/e-tjanster-och-blanketter/sok-utstationering/?id=6302fceb-922f-4351-6880-08dec2c3eed1&E=System.String[];5;Broderna Nygard Ab | Lakaträsk 404 Boden | 12 | Läs mer
2026-09-28;08:20:44+0000;Boreal Paint Oy;Bullerleden 5 96167 Boden;5;Boden;https://www.av.se/arbetsmiljoarbete-och-inspektioner/e-tjanster-och-blanketter/sok-utstationering/?id=42094bb9-37ce-445d-ad53-08df0a44061d&E=System.String[];5;Boreal Paint Oy | Bullerleden 5 96167 Boden | 5 | Läs mer
2026-09-28;08:20:44+0000;BMS Heavy Cranes A/S;Teknikvägen 3 96150 Boden;3;Boden;https://www.av.se/arbetsmiljoarbete-och-inspektioner/e-tjanster-och-blanketter/sok-utstationering/?id=5c4c7c90-a7f4-4e8e-6416-08df13a80524&E=System.String[];5;BMS Heavy Cranes A/S | Teknikvägen 3 96150 Boden | 3 | Läs mer
2026-09-28;08:20:44+0000;BLT Ammunet OY;Stålverket 20 96140 Boden;2;Boden;https://www.av.se/arbetsmiljoarbete-och-inspektioner/e-tjanster-och-blanketter/sok-utstationering/?id=4f2967b7-dedf-4ae0-6d70-08dcd1d03edc&E=System.String[];5;BLT Ammunet OY | Stålverket 20 96140 Boden | 2 | Läs mer
2026-09-28;08:20:44+0000;Binks Overseas Nordics ApS;Stålverket 20 96140 Boden;1;Boden;https://www.av.se/arbetsmiljoarbete-och-inspektioner/e-tjanster-och-blanketter/sok-utstationering/?id=b2d88ab0-d105-43cb-8428-08de62f2656a&E=System.String[];5;Binks Overseas Nordics ApS | Stålverket 20 96140 Boden | 1 | Läs mer
2026-09-28;08:20:44+0000;Binks Overseas Nordics ApS;Stålverket 20 96140 Boden;1;Boden;https://www.av.se/arbetsmiljoarbete-och-inspektioner/e-tjanster-och-blanketter/sok-utstationering/?id=cb38172c-0e29-482b-df56-08dec06ee9e8&E=System.String[];5;Binks Overseas Nordics ApS | Stålverket 20 96140 Boden | 1 | Läs mer
2026-09-28;08:20:44+0000;Binks Overseas;Stålverket 20 96140 Boden;1;Boden;https://www.av.se/arbetsmiljoarbete-och-inspektioner/e-tjanster-och-blanketter/sok-utstationering/?id=41723e7c-947d-4ea6-3fa1-08de5ef121a2&E=System.String[];5;Binks Overseas | Stålverket 20 96140 Boden | 1 | Läs mer
2026-09-28;08:20:44+0000;Binks Overseas;Stålverket 20 96140 Boden;1;Boden;https://www.av.se/arbetsmiljoarbete-och-inspektioner/e-tjanster-och-blanketter/sok-utstationering/?id=500948b5-b83d-4e12-3fa0-08de5ef121a2&E=System.String[];5;Binks Overseas | Stålverket 20 96140 Boden | 1 | Läs mer
2026-09-28;08:20:44+0000;BILLWELD OÜ;Stålverket 20 96140 Boden;3;Boden;https://www.av.se/arbetsmiljoarbete-och-inspektioner/e-tjanster-och-blanketter/sok-utstationering/?id=c9203c4d-b429-44e2-b1ca-08de2e4470c6&E=System.String[];5;BILLWELD OÜ | Stålverket 20 96140 Boden | 3 | Läs mer
2026-09-28;08:20:44+0000;Bilfinger Finland Oy;Stålverket 20 96140 Boden;46;Boden;https://www.av.se/arbetsmiljoarbete-och-inspektioner/e-tjanster-och-blanketter/sok-utstationering/?id=5fc086e4-04a2-42f1-9754-08dd5235564d&E=System.String[];5;Bilfinger Finland Oy | Stålverket 20 96140 Boden | 46 | Läs mer
2026-09-28;08:20:44+0000;Betoniperhe AB;Stålverket 20 96140 Boden;12;Boden;https://www.av.se/arbetsmiljoarbete-och-inspektioner/e-tjanster-och-blanketter/sok-utstationering/?id=de510697-ad55-44be-9df2-08dc8483f4a7&E=System.String[];5;Betoniperhe AB | Stålverket 20 96140 Boden | 12 | Läs mer
2026-09-28;08:20:44+0000;Betoniperhe AB;Stålverket 20 96140 Boden;12;Boden;https://www.av.se/arbetsmiljoarbete-och-inspektioner/e-tjanster-och-blanketter/sok-utstationering/?id=93315fac-839e-4771-9def-08dc8483f4a7&E=System.String[];5;Betoniperhe AB | Stålverket 20 96140 Boden | 12 | Läs mer
2026-09-28;08:20:44+0000;Betoniperhe AB;Stålverket 20 96140 Boden;12;Boden;https://www.av.se/arbetsmiljoarbete-och-inspektioner/e-tjanster-och-blanketter/sok-utstationering/?id=968a1785-dbd8-4743-9df1-08dc8483f4a7&E=System.String[];5;Betoniperhe AB | Stålverket 20 96140 Boden | 12 | Läs mer
2026-09-28;08:20:44+0000;Betomik Oy;Stålverket 20 96140 Boden;27;Boden;https://www.av.se/arbetsmiljoarbete-och-inspektioner/e-tjanster-och-blanketter/sok-utstationering/?id=9a44c7ba-90e9-45d9-3803-08dbc5c053d7&E=System.String[];5;Betomik Oy | Stålverket 20 96140 Boden | 27 | Läs mer
2026-09-28;08:20:44+0000;Betomik Oy;Stålverket 20 96140 Boden;28;Boden;https://www.av.se/arbetsmiljoarbete-och-inspektioner/e-tjanster-och-blanketter/sok-utstationering/?id=efc0070a-135c-486d-92f2-08de3b9651cc&E=System.String[];5;Betomik Oy | Stålverket 20 96140 Boden | 28 | Läs mer
2026-09-28;08:20:44+0000;Barrage d.o.o. (LLC);Hangargränd 1 96143 Boden;1;Boden;https://www.av.se/arbetsmiljoarbete-och-inspektioner/e-tjanster-och-blanketter/sok-utstationering/?id=06c15c95-9263-45e9-9813-08d9977978b1&E=System.String[];5;Barrage d.o.o. (LLC) | Hangargränd 1 96143 Boden | 1 | Läs mer
2026-09-28;08:20:44+0000;B & M TILL IREM SPA ITALY Filial;Stålverket 20 96140 Boden;34;Boden;https://www.av.se/arbetsmiljoarbete-och-inspektioner/e-tjanster-och-blanketter/sok-utstationering/?id=1956e9b6-b25b-41a8-669f-08dcecd6a1cd&E=System.String[];5;B & M TILL IREM SPA ITALY Filial | Stålverket 20 96140 Boden | 34 | Läs mer
2026-09-28;08:20:44+0000;Aumaint Oy;Stålverket 20 96140 Boden;2;Boden;https://www.av.se/arbetsmiljoarbete-och-inspektioner/e-tjanster-och-blanketter/sok-utstationering/?id=df4c7393-daf9-48aa-cfca-08dd3c3bcfa4&E=System.String[];5;Aumaint Oy | Stålverket 20 96140 Boden | 2 | Läs mer
2026-09-28;08:20:44+0000;Arnberg Oy;Teknikvägen 3 96150 Boden;1;Boden;https://www.av.se/arbetsmiljoarbete-och-inspektioner/e-tjanster-och-blanketter/sok-utstationering/?id=990f118d-1cf9-4ddd-7fc3-08de1c314707&E=System.String[];5;Arnberg Oy | Teknikvägen 3 96150 Boden | 1 | Läs mer
2026-09-28;08:20:44+0000;Arctic Rebar Oy;Stålverket 20 96140 Boden;25;Boden;https://www.av.se/arbetsmiljoarbete-och-inspektioner/e-tjanster-och-blanketter/sok-utstationering/?id=70b08801-2d46-40fa-01f7-08dcb6a0c782&E=System.String[];5;Arctic Rebar Oy | Stålverket 20 96140 Boden | 25 | Läs mer
2026-09-28;08:20:44+0000;Arctic Rebar Oy;Stålverket 20 96140 Boden;19;Boden;https://www.av.se/arbetsmiljoarbete-och-inspektioner/e-tjanster-och-blanketter/sok-utstationering/?id=598c3d3b-1dfe-4095-cbce-08dcb542ea83&E=System.String[];5;Arctic Rebar Oy | Stålverket 20 96140 Boden | 19 | Läs mer
2026-09-28;08:20:44+0000;Arctic Rebar Oy;Stålverket 20 96140 Boden;10;Boden;https://www.av.se/arbetsmiljoarbete-och-inspektioner/e-tjanster-och-blanketter/sok-utstationering/?id=2092d77f-e78e-491e-227d-08ddd0b305fd&E=System.String[];5;Arctic Rebar Oy | Stålverket 20 96140 Boden | 10 | Läs mer
2026-09-28;08:20:44+0000;Apex Core Oy;Stålverket 20 96140 Boden;4;Boden;https://www.av.se/arbetsmiljoarbete-och-inspektioner/e-tjanster-och-blanketter/sok-utstationering/?id=6429b1a9-7e9f-4f7c-534c-08ddf40e5521&E=System.String[];5;Apex Core Oy | Stålverket 20 96140 Boden | 4 | Läs mer
2026-09-28;08:20:44+0000;ANTMAR SP. Z O.O.;Stålverket 20 96140 Boden;12;Boden;https://www.av.se/arbetsmiljoarbete-och-inspektioner/e-tjanster-och-blanketter/sok-utstationering/?id=76528b85-49f3-41d1-3993-08dee3cc7e9b&E=System.String[];5;ANTMAR SP. Z O.O. | Stålverket 20 96140 Boden | 12 | Läs mer
2026-09-28;08:20:44+0000;AnDi retro OÜ;Hedenbrovägen 2 96136 Boden;5;Boden;https://www.av.se/arbetsmiljoarbete-och-inspektioner/e-tjanster-och-blanketter/sok-utstationering/?id=2f785497-ca23-4b5a-1248-08de831ce4ca&E=System.String[];5;AnDi retro OÜ | Hedenbrovägen 2 96136 Boden | 5 | Läs mer
2026-09-28;08:20:44+0000;AnDi retro OÜ;Stålverket 20 96140 Boden;5;Boden;https://www.av.se/arbetsmiljoarbete-och-inspektioner/e-tjanster-och-blanketter/sok-utstationering/?id=ee7c182e-dae6-491d-2058-08de83f1238a&E=System.String[];5;AnDi retro OÜ | Stålverket 20 96140 Boden | 5 | Läs mer
2026-09-28;08:20:44+0000;AnDi retro OÜ;Stålverket 20 96140 Boden;19;Boden;https://www.av.se/arbetsmiljoarbete-och-inspektioner/e-tjanster-och-blanketter/sok-utstationering/?id=f552518d-788d-47da-2060-08de83f1238a&E=System.String[];5;AnDi retro OÜ | Stålverket 20 96140 Boden | 19 | Läs mer
2026-09-28;08:20:44+0000;AMADORA WOODHOUSE SRL;Solskensvägen 25 Boden;5;Boden;https://www.av.se/arbetsmiljoarbete-och-inspektioner/e-tjanster-och-blanketter/sok-utstationering/?id=d1779f9e-4bb2-4c23-1d36-08de526ad5b1&E=System.String[];5;AMADORA WOODHOUSE SRL | Solskensvägen 25 Boden | 5 | Läs mer
2026-09-28;08:20:44+0000;Alpi Rakennus Oy;Stålverket 20 96140 Boden;13;Boden;https://www.av.se/arbetsmiljoarbete-och-inspektioner/e-tjanster-och-blanketter/sok-utstationering/?id=eb59188c-453a-4ce7-701d-08dee7b829f5&E=System.String[];5;Alpi Rakennus Oy | Stålverket 20 96140 Boden | 13 | Läs mer
2026-09-28;08:20:44+0000;ahc GmbH;Stålverket 20 96140 Boden;2;Boden;https://www.av.se/arbetsmiljoarbete-och-inspektioner/e-tjanster-och-blanketter/sok-utstationering/?id=fec8988d-de7e-43a3-4ca9-08dd6c2f2332&E=System.String[];5;ahc GmbH | Stålverket 20 96140 Boden | 2 | Läs mer
2026-09-28;08:20:44+0000;Acinel d.o.o.;Stålverket 20 96140 Boden;2;Boden;https://www.av.se/arbetsmiljoarbete-och-inspektioner/e-tjanster-och-blanketter/sok-utstationering/?id=58ed393a-df27-4c4f-2ec7-08de26697691&E=System.String[];5;Acinel d.o.o. | Stålverket 20 96140 Boden | 2 | Läs mer
2026-09-28;08:20:44+0000;Accero Baltic OÜ;Stålverket 20 96140 Boden;7;Boden;https://www.av.se/arbetsmiljoarbete-och-inspektioner/e-tjanster-och-blanketter/sok-utstationering/?id=5f6290b4-e52e-4436-2a66-08deb561d804&E=System.String[];5;Accero Baltic OÜ | Stålverket 20 96140 Boden | 7 | Läs mer
2026-09-28;08:20:44+0000;Accero Baltic OÜ;Stålverket 20 96140 Boden;16;Boden;https://www.av.se/arbetsmiljoarbete-och-inspektioner/e-tjanster-och-blanketter/sok-utstationering/?id=3885772d-72e5-4398-ddd3-08deb6274b19&E=System.String[];5;Accero Baltic OÜ | Stålverket 20 96140 Boden | 16 | Läs mer
2026-09-28;08:20:44+0000;AB Viamatika;Stålverket 20 96140 Boden;1;Boden;https://www.av.se/arbetsmiljoarbete-och-inspektioner/e-tjanster-och-blanketter/sok-utstationering/?id=0e537121-7be5-4d5c-bf9e-08dee6179cd8&E=System.String[];6;AB Viamatika | Stålverket 20 96140 Boden | 1 | Läs mer
2026-09-29;07:18:08+0000;Wayss & Freytag Ingenieurbau AG;Svartövägen 22 97437 Luleå;3;Luleå;https://www.av.se/arbetsmiljoarbete-och-inspektioner/e-tjanster-och-blanketter/sok-utstationering/?id=1d922af8-dfb6-422d-69f7-08de96bb1da4&E=System.String[];1;Wayss & Freytag Ingenieurbau AG | Svartövägen 22 97437 Luleå | 3 | Läs mer
2026-09-29;07:18:08+0000;Vaseliinimonni Holding Oy;Kärrviolgatan 3 97636 Luleå;9;Luleå;https://www.av.se/arbetsmiljoarbete-och-inspektioner/e-tjanster-och-blanketter/sok-utstationering/?id=b271556e-9b41-4cfd-f728-08df07e709c2&E=System.String[];1;Vaseliinimonni Holding Oy | Kärrviolgatan 3 97636 Luleå | 9 | Läs mer
2026-09-29;07:18:08+0000;UAB Izolitas;Strömörvägen 2C 97437 Luleå;4;Luleå;https://www.av.se/arbetsmiljoarbete-och-inspektioner/e-tjanster-och-blanketter/sok-utstationering/?id=b60d675d-202d-4ade-6465-08def82f4ed9&E=System.String[];1;UAB Izolitas | Strömörvägen 2C 97437 Luleå | 4 | Läs mer
2026-09-29;07:18:08+0000;UAB IGMABALT;Svartövägen 22 97437 Luleå;4;Luleå;https://www.av.se/arbetsmiljoarbete-och-inspektioner/e-tjanster-och-blanketter/sok-utstationering/?id=08adbd9b-c0d3-4454-4c28-08de571a37cb&E=System.String[];1;UAB IGMABALT | Svartövägen 22 97437 Luleå | 4 | Läs mer
2026-09-29;07:18:08+0000;UAB ESP Projects;Svartövägen 22 97437 Luleå;2;Luleå;https://www.av.se/arbetsmiljoarbete-och-inspektioner/e-tjanster-och-blanketter/sok-utstationering/?id=aa06e5c9-3cf5-4c30-d22e-08de9c40cdc8&E=System.String[];1;UAB ESP Projects | Svartövägen 22 97437 Luleå | 2 | Läs mer
2026-09-29;07:18:08+0000;UAB Cebeco grupe;Torpslingan 19A 97347 Luleå;8;Luleå;https://www.av.se/arbetsmiljoarbete-och-inspektioner/e-tjanster-och-blanketter/sok-utstationering/?id=e7b6d759-43d7-4f84-7573-08deb17c1a5b&E=System.String[];1;UAB Cebeco grupe | Torpslingan 19A 97347 Luleå | 8 | Läs mer
2026-09-29;07:18:08+0000;UAB Cebeco grupe;Torpslingan 25A 97347 Luleå;8;Luleå;https://www.av.se/arbetsmiljoarbete-och-inspektioner/e-tjanster-och-blanketter/sok-utstationering/?id=9ba6fbb7-d710-4414-2a40-08deb561d804&E=System.String[];1;UAB Cebeco grupe | Torpslingan 25A 97347 Luleå | 8 | Läs mer
2026-09-29;07:18:08+0000;UAB Cebeco grupe;Magasinsgatan 13A 97241 Luleå;8;Luleå;https://www.av.se/arbetsmiljoarbete-och-inspektioner/e-tjanster-och-blanketter/sok-utstationering/?id=3d2d9563-7a82-4dae-701b-08dee7b829f5&E=System.String[];1;UAB Cebeco grupe | Magasinsgatan 13A 97241 Luleå | 8 | Läs mer
2026-09-29;07:18:08+0000;UAB Cebeco grupe;Torpslingan 23A 97347 Luleå;8;Luleå;https://www.av.se/arbetsmiljoarbete-och-inspektioner/e-tjanster-och-blanketter/sok-utstationering/?id=90763578-0938-4a34-7ee1-08deac0005ec&E=System.String[];1;UAB Cebeco grupe | Torpslingan 23A 97347 Luleå | 8 | Läs mer
2026-09-29;07:18:08+0000;"UAB ""Strele logistics""";Bodenvägen 405 95442 Södra Sunderbyn;2;Luleå;https://www.av.se/arbetsmiljoarbete-och-inspektioner/e-tjanster-och-blanketter/sok-utstationering/?id=f0c81e1c-8af2-41e6-7880-08de25980a98&E=System.String[];1;"UAB ""Strele logistics"" | Bodenvägen 405 95442 Södra Sunderbyn | 2 | Läs mer"
2026-09-29;07:18:08+0000;Turun Nostopalvelu Oy;Svartövägen 22 97437 Luleå;24;Luleå;https://www.av.se/arbetsmiljoarbete-och-inspektioner/e-tjanster-och-blanketter/sok-utstationering/?id=c24154f7-6049-4fa6-4ddf-08dec7d735a1&E=System.String[];1;Turun Nostopalvelu Oy | Svartövägen 22 97437 Luleå | 24 | Läs mer
2026-09-29;07:18:08+0000;Trondecom OÜ;Svartövägen 20 97437 Luleå;1;Luleå;https://www.av.se/arbetsmiljoarbete-och-inspektioner/e-tjanster-och-blanketter/sok-utstationering/?id=acb2a0c3-70a2-4a1c-0fa6-08de95274a1e&E=System.String[];1;Trondecom OÜ | Svartövägen 20 97437 Luleå | 1 | Läs mer
2026-09-29;07:18:08+0000;Trondecom OÜ;Svartövägen 22 97437 Luleå;1;Luleå;https://www.av.se/arbetsmiljoarbete-och-inspektioner/e-tjanster-och-blanketter/sok-utstationering/?id=b236b410-62e6-4894-0fac-08de95274a1e&E=System.String[];1;Trondecom OÜ | Svartövägen 22 97437 Luleå | 1 | Läs mer
2026-09-29;07:18:08+0000;Sweco Polska Sp.z o.o.;Svartövägen 22 97437 Luleå;6;Luleå;https://www.av.se/arbetsmiljoarbete-och-inspektioner/e-tjanster-och-blanketter/sok-utstationering/?id=8579ff33-e953-4e00-a72e-08de781a88b3&E=System.String[];1;Sweco Polska Sp.z o.o. | Svartövägen 22 97437 Luleå | 6 | Läs mer
2026-09-29;07:18:08+0000;Sweco Polska Sp.z o.o.;Västra Varvsgatan 11 97236 Luleå;2;Luleå;https://www.av.se/arbetsmiljoarbete-och-inspektioner/e-tjanster-och-blanketter/sok-utstationering/?id=5ed6c50a-0715-40b0-fd56-08dc79536504&E=System.String[];1;Sweco Polska Sp.z o.o. | Västra Varvsgatan 11 97236 Luleå | 2 | Läs mer
2026-09-29;07:18:08+0000;SSAB Europe Oy;Svartövägen 22 97437 Luleå;28;Luleå;https://www.av.se/arbetsmiljoarbete-och-inspektioner/e-tjanster-och-blanketter/sok-utstationering/?id=46ad4a98-f1fe-4e26-c9c5-08de6799644f&E=System.String[];1;SSAB Europe Oy | Svartövägen 22 97437 Luleå | 28 | Läs mer
2026-09-29;07:18:08+0000;SprayPro OY;Betongvägen 34 97345 Luleå;1;Luleå;https://www.av.se/arbetsmiljoarbete-och-inspektioner/e-tjanster-och-blanketter/sok-utstationering/?id=2d501cad-1a42-4d7f-e1c8-08dea67520c8&E=System.String[];1;SprayPro OY | Betongvägen 34 97345 Luleå | 1 | Läs mer
2026-09-29;07:18:08+0000;SCANEST OU;Svartövägen 20 97437 Luleå;4;Luleå;https://www.av.se/arbetsmiljoarbete-och-inspektioner/e-tjanster-och-blanketter/sok-utstationering/?id=7f85787e-f520-474d-98b1-08d944f46adb&E=System.String[];1;SCANEST OU | Svartövägen 20 97437 Luleå | 4 | Läs mer
2026-09-29;07:18:08+0000;Scaff-Tech Maja Laskowska;Maskinvägen 16 97254 Luleå;6;Luleå;https://www.av.se/arbetsmiljoarbete-och-inspektioner/e-tjanster-och-blanketter/sok-utstationering/?id=461a4b6d-a3ee-42ba-c7af-08ddad63622e&E=System.String[];1;Scaff-Tech Maja Laskowska | Maskinvägen 16 97254 Luleå | 6 | Läs mer
2026-09-29;07:18:08+0000;SBS MANAGEMENT SP. Z O.O.;Småbåtsgatan 1 97235 Luleå;19;Luleå;https://www.av.se/arbetsmiljoarbete-och-inspektioner/e-tjanster-och-blanketter/sok-utstationering/?id=a52db6cf-1b51-4053-5477-08de4ce56eeb&E=System.String[];1;SBS MANAGEMENT SP. Z O.O. | Småbåtsgatan 1 97235 Luleå | 19 | Läs mer
2026-09-29;07:18:08+0000;RSK NORD;Handelsvägen 19 97345 Luleå;3;Luleå;https://www.av.se/arbetsmiljoarbete-och-inspektioner/e-tjanster-och-blanketter/sok-utstationering/?id=6afc0d3d-aac5-4796-83e5-08de12bfcc0c&E=System.String[];1;RSK NORD | Handelsvägen 19 97345 Luleå | 3 | Läs mer
2026-09-29;07:18:08+0000;Restak Tornio Oy;Långnäsvägen 30 97593 Luleå;18;Luleå;https://www.av.se/arbetsmiljoarbete-och-inspektioner/e-tjanster-och-blanketter/sok-utstationering/?id=bf84580b-ac01-4387-63e6-08df13a80524&E=System.String[];1;Restak Tornio Oy | Långnäsvägen 30 97593 Luleå | 18 | Läs mer
2026-09-29;07:18:08+0000;Restak Tornio Oy;Holmarvägen 153 97598 Luleå;18;Luleå;https://www.av.se/arbetsmiljoarbete-och-inspektioner/e-tjanster-och-blanketter/sok-utstationering/?id=fb6d2424-c199-4b1b-63e4-08df13a80524&E=System.String[];1;Restak Tornio Oy | Holmarvägen 153 97598 Luleå | 18 | Läs mer
2026-09-29;07:18:08+0000;Rejlers Finland Oy;Svartövägen 22 97437 Luleå;1;Luleå;https://www.av.se/arbetsmiljoarbete-och-inspektioner/e-tjanster-och-blanketter/sok-utstationering/?id=cd98fb1a-a7be-4699-3f0c-08de7f357c80&E=System.String[];1;Rejlers Finland Oy | Svartövägen 22 97437 Luleå | 1 | Läs mer
2026-09-29;07:18:08+0000;RBTEAM SP Z O.O;Svartövägen 22 97437 Luleå;4;Luleå;https://www.av.se/arbetsmiljoarbete-och-inspektioner/e-tjanster-och-blanketter/sok-utstationering/?id=3606adfc-1511-481f-74a6-08de00565b6e&E=System.String[];1;RBTEAM SP Z O.O | Svartövägen 22 97437 Luleå | 4 | Läs mer
2026-09-29;07:18:08+0000;QSI Consulting Ltd;Svartövägen 20 97437 Luleå;5;Luleå;https://www.av.se/arbetsmiljoarbete-och-inspektioner/e-tjanster-och-blanketter/sok-utstationering/?id=a20c4128-07a7-4afc-c18a-08de715aebcf&E=System.String[];1;QSI Consulting Ltd | Svartövägen 20 97437 Luleå | 5 | Läs mer
2026-09-29;07:18:08+0000;Proside OÜ;Teknikens hus väg 2 97754 Luleå;6;Luleå;https://www.av.se/arbetsmiljoarbete-och-inspektioner/e-tjanster-och-blanketter/sok-utstationering/?id=9dd5c854-dbe5-45ad-da40-08df03347e6c&E=System.String[];1;Proside OÜ | Teknikens hus väg 2 97754 Luleå | 6 | Läs mer
2026-09-29;07:18:08+0000;ProPiling Oy;Nordkalottvägen 3 97254 Luleå;2;Luleå;https://www.av.se/arbetsmiljoarbete-och-inspektioner/e-tjanster-och-blanketter/sok-utstationering/?id=0392b34b-d4ef-4d0a-09a0-08deeb94af0b&E=System.String[];1;ProPiling Oy | Nordkalottvägen 3 97254 Luleå | 2 | Läs mer
2026-09-29;07:18:08+0000;ProPiling Oy;Svartövägen 22 97437 Luleå;11;Luleå;https://www.av.se/arbetsmiljoarbete-och-inspektioner/e-tjanster-och-blanketter/sok-utstationering/?id=3482cb1e-e747-4fea-09a2-08deeb94af0b&E=System.String[];1;ProPiling Oy | Svartövägen 22 97437 Luleå | 11 | Läs mer
2026-09-29;07:18:08+0000;ProPiling oy;Svartövägen 22 97437 Luleå;5;Luleå;https://www.av.se/arbetsmiljoarbete-och-inspektioner/e-tjanster-och-blanketter/sok-utstationering/?id=36d7cee9-73fc-463c-e037-08dea5ad07be&E=System.String[];1;ProPiling oy | Svartövägen 22 97437 Luleå | 5 | Läs mer
2026-09-29;07:18:08+0000;PROACTS s.à.r.l.;Svartövägen 20 97437 Luleå;2;Luleå;https://www.av.se/arbetsmiljoarbete-och-inspektioner/e-tjanster-och-blanketter/sok-utstationering/?id=47e09487-8d0d-42f0-9e7c-08de57ecfe68&E=System.String[];1;PROACTS s.à.r.l. | Svartövägen 20 97437 Luleå | 2 | Läs mer
2026-09-29;07:18:08+0000;OÜ Moodul Ekspert;Haparandavägen 300 97596 Luleå;11;Luleå;https://www.av.se/arbetsmiljoarbete-och-inspektioner/e-tjanster-och-blanketter/sok-utstationering/?id=19e7cbcb-78e7-4db0-708a-08deaf089016&E=System.String[];1;OÜ Moodul Ekspert | Haparandavägen 300 97596 Luleå | 11 | Läs mer
2026-09-29;07:18:08+0000;OÜ Moodul Ekspert;Teknikens hus väg 2 97754 Luleå;18;Luleå;https://www.av.se/arbetsmiljoarbete-och-inspektioner/e-tjanster-och-blanketter/sok-utstationering/?id=7bb40a20-f9f8-4926-3db5-08defc0ccd4d&E=System.String[];1;OÜ Moodul Ekspert | Teknikens hus väg 2 97754 Luleå | 18 | Läs mer
2026-09-29;07:18:08+0000;Osterlunds Jordbyggnad;Svartövägen 22 97437 Luleå;3;Luleå;https://www.av.se/arbetsmiljoarbete-och-inspektioner/e-tjanster-och-blanketter/sok-utstationering/?id=4bad3d26-6b61-49b8-5278-08de8fa033d3&E=System.String[];1;Osterlunds Jordbyggnad | Svartövägen 22 97437 Luleå | 3 | Läs mer
2026-09-29;07:18:08+0000;NORD KRAFT COMPANY;Hantverksvägen 8 95433 Gammelstad;2;Luleå;https://www.av.se/arbetsmiljoarbete-och-inspektioner/e-tjanster-och-blanketter/sok-utstationering/?id=1b1ae553-c568-4273-83e3-08deba1a6b82&E=System.String[];1;NORD KRAFT COMPANY | Hantverksvägen 8 95433 Gammelstad | 2 | Läs mer
2026-09-29;07:18:08+0000;Niskasen Maansiirto Oy;Svartövägen 22 97437 Luleå;14;Luleå;https://www.av.se/arbetsmiljoarbete-och-inspektioner/e-tjanster-och-blanketter/sok-utstationering/?id=e7cb19fa-daae-4093-708c-08deaf089016&E=System.String[];1;Niskasen Maansiirto Oy | Svartövägen 22 97437 Luleå | 14 | Läs mer
2026-09-29;07:18:08+0000;Mitta Oy;Svartövägen 22 97437 Luleå;4;Luleå;https://www.av.se/arbetsmiljoarbete-och-inspektioner/e-tjanster-och-blanketter/sok-utstationering/?id=1a073ab4-af30-47c9-4172-08dea4148c97&E=System.String[];1;Mitta Oy | Svartövägen 22 97437 Luleå | 4 | Läs mer
2026-09-29;07:18:08+0000;Mercury Engineering Limited;Datavägen 10 97754 Luleå;1;Luleå;https://www.av.se/arbetsmiljoarbete-och-inspektioner/e-tjanster-och-blanketter/sok-utstationering/?id=a6a2c592-2d41-4215-a9bb-08de387cb537&E=System.String[];1;Mercury Engineering Limited | Datavägen 10 97754 Luleå | 1 | Läs mer
2026-09-29;07:18:08+0000;KLM Ehitus OÜ;Haparandavägen 300 97596 Luleå;11;Luleå;https://www.av.se/arbetsmiljoarbete-och-inspektioner/e-tjanster-och-blanketter/sok-utstationering/?id=c8357ab5-ee0d-4f1b-70a1-08deaf089016&E=System.String[];1;KLM Ehitus OÜ | Haparandavägen 300 97596 Luleå | 11 | Läs mer
2026-09-29;07:18:08+0000;K-LAGAN ESPAÑA, S.L.U.;Svartövägen 22 97437 Luleå;1;Luleå;https://www.av.se/arbetsmiljoarbete-och-inspektioner/e-tjanster-och-blanketter/sok-utstationering/?id=45bbe1db-54ee-4e31-4bec-08dedb16682e&E=System.String[];1;K-LAGAN ESPAÑA, S.L.U. | Svartövägen 22 97437 Luleå | 1 | Läs mer
2026-09-29;07:18:08+0000;K-LAGAN ESPAÑA, S.L.U.;Svartövägen 22 97437 Luleå;1;Luleå;https://www.av.se/arbetsmiljoarbete-och-inspektioner/e-tjanster-och-blanketter/sok-utstationering/?id=d9d54db4-c6d7-48b0-00ca-08df097a13d5&E=System.String[];1;K-LAGAN ESPAÑA, S.L.U. | Svartövägen 22 97437 Luleå | 1 | Läs mer
2026-09-29;07:18:08+0000;KINTEC RECRUITMENT LIMITED;Svartövägen 22 97437 Luleå;6;Luleå;https://www.av.se/arbetsmiljoarbete-och-inspektioner/e-tjanster-och-blanketter/sok-utstationering/?id=07f55b79-68ef-4e17-3fa8-08de5ef121a2&E=System.String[];1;KINTEC RECRUITMENT LIMITED | Svartövägen 22 97437 Luleå | 6 | Läs mer
2026-09-29;07:18:08+0000;KGS Keller Geräte & Service GmbH;Svartövägen 22 97437 Luleå;3;Luleå;https://www.av.se/arbetsmiljoarbete-och-inspektioner/e-tjanster-och-blanketter/sok-utstationering/?id=35ecf3ea-781d-4c93-e827-08de75bfad34&E=System.String[];1;KGS Keller Geräte & Service GmbH | Svartövägen 22 97437 Luleå | 3 | Läs mer
2026-09-29;07:18:08+0000;Keller Grundbau GmbH;Svartövägen 22 97437 Luleå;6;Luleå;https://www.av.se/arbetsmiljoarbete-och-inspektioner/e-tjanster-och-blanketter/sok-utstationering/?id=56434c09-8b8d-480f-485b-08de7d9afff4&E=System.String[];1;Keller Grundbau GmbH | Svartövägen 22 97437 Luleå | 6 | Läs mer
2026-09-29;07:18:08+0000;Keller Group Plc;Svartövägen 22 97437 Luleå;3;Luleå;https://www.av.se/arbetsmiljoarbete-och-inspektioner/e-tjanster-och-blanketter/sok-utstationering/?id=ff9b6f87-6b62-454a-897a-08dea1bee328&E=System.String[];1;Keller Group Plc | Svartövägen 22 97437 Luleå | 3 | Läs mer
2026-09-29;07:18:08+0000;Keller Group Plc;Svartövägen 22 97437 Luleå;1;Luleå;https://www.av.se/arbetsmiljoarbete-och-inspektioner/e-tjanster-och-blanketter/sok-utstationering/?id=cd75e774-1a2c-4034-8a14-08df19f7e3f2&E=System.String[];1;Keller Group Plc | Svartövägen 22 97437 Luleå | 1 | Läs mer
2026-09-29;07:18:08+0000;Keller Fondazioni SRL;Svartövägen 22 97437 Luleå;1;Luleå;https://www.av.se/arbetsmiljoarbete-och-inspektioner/e-tjanster-och-blanketter/sok-utstationering/?id=52c36e9c-187a-4d19-4ab2-08df146b5fd2&E=System.String[];1;Keller Fondazioni SRL | Svartövägen 22 97437 Luleå | 1 | Läs mer
2026-09-29;07:18:08+0000;JIS-Urakointi Oy;Svartövägen 22 97437 Luleå;3;Luleå;https://www.av.se/arbetsmiljoarbete-och-inspektioner/e-tjanster-och-blanketter/sok-utstationering/?id=df279731-69e3-453d-50d5-08df1d1886e1&E=System.String[];1;JIS-Urakointi Oy | Svartövägen 22 97437 Luleå | 3 | Läs mer
2026-09-29;07:18:08+0000;IDOM ENGENHARIA - SERVIÇOS DE ENGENHARIA E CONSULTORIA, LDA;Svartövägen 22 97437 Luleå;1;Luleå;https://www.av.se/arbetsmiljoarbete-och-inspektioner/e-tjanster-och-blanketter/sok-utstationering/?id=05b93bae-f42b-4dff-e5e6-08de6475ef08&E=System.String[];1;IDOM ENGENHARIA - SERVIÇOS DE ENGENHARIA E CONSULTORIA, LDA | Svartövägen 22 97437 Luleå | 1 | Läs mer
2026-09-29;07:18:08+0000;IDOM CONSULTING ENGINEERING ARCHITECTURE SAU;Svartövägen 22 97437 Luleå;13;Luleå;https://www.av.se/arbetsmiljoarbete-och-inspektioner/e-tjanster-och-blanketter/sok-utstationering/?id=e13d76b4-d889-475b-c1c3-08de51987b9a&E=System.String[];1;IDOM CONSULTING ENGINEERING ARCHITECTURE SAU | Svartövägen 22 97437 Luleå | 13 | Läs mer
2026-09-29;07:18:08+0000;Geosystems s.r.o.;Svartövägen 22 97437 Luleå;6;Luleå;https://www.av.se/arbetsmiljoarbete-och-inspektioner/e-tjanster-och-blanketter/sok-utstationering/?id=33d5e7d2-ec0b-42c2-5ed6-08de4c2495f0&E=System.String[];2;Geosystems s.r.o. | Svartövägen 22 97437 Luleå | 6 | Läs mer
2026-09-29;07:18:08+0000;GEO Fundamentering & Bergboring AS;Svartövägen 22 97437 Luleå;4;Luleå;https://www.av.se/arbetsmiljoarbete-och-inspektioner/e-tjanster-och-blanketter/sok-utstationering/?id=a9ca633f-9c04-4ac2-eb5c-08dec83892d0&E=System.String[];2;GEO Fundamentering & Bergboring AS | Svartövägen 22 97437 Luleå | 4 | Läs mer
2026-09-29;07:18:08+0000;Fortis Associates Ltd;Svartövägen 22 97437 Luleå;8;Luleå;https://www.av.se/arbetsmiljoarbete-och-inspektioner/e-tjanster-och-blanketter/sok-utstationering/?id=10512d5c-4473-4a2a-0938-08de290aab5b&E=System.String[];2;Fortis Associates Ltd | Svartövägen 22 97437 Luleå | 8 | Läs mer
2026-09-29;07:18:08+0000;FIRESCUE ApS;Betongvägen 15 97345 Luleå;1;Luleå;https://www.av.se/arbetsmiljoarbete-och-inspektioner/e-tjanster-och-blanketter/sok-utstationering/?id=0ca5632c-b60e-4695-dd2e-08de6c86c4d3&E=System.String[];2;FIRESCUE ApS | Betongvägen 15 97345 Luleå | 1 | Läs mer
2026-09-29;07:18:08+0000;Fimpec PMO Oy;Svartövägen 20 97437 Luleå;1;Luleå;https://www.av.se/arbetsmiljoarbete-och-inspektioner/e-tjanster-och-blanketter/sok-utstationering/?id=50245ce8-de92-4dcc-8150-08de7e5e8497&E=System.String[];2;Fimpec PMO Oy | Svartövägen 20 97437 Luleå | 1 | Läs mer
2026-09-29;07:18:08+0000;Fimpec PMO Oy;Svartövägen 22 97437 Luleå;1;Luleå;https://www.av.se/arbetsmiljoarbete-och-inspektioner/e-tjanster-och-blanketter/sok-utstationering/?id=65473ec7-2c4c-4acd-8152-08de7e5e8497&E=System.String[];2;Fimpec PMO Oy | Svartövägen 22 97437 Luleå | 1 | Läs mer
2026-09-29;07:18:08+0000;Emerald Core Construction Trading as The Advantage Ireland;Uddebovägen 1 97437 Luleå;1;Luleå;https://www.av.se/arbetsmiljoarbete-och-inspektioner/e-tjanster-och-blanketter/sok-utstationering/?id=8da4f1e2-e554-43df-4c02-08de704829f1&E=System.String[];2;Emerald Core Construction Trading as The Advantage Ireland | Uddebovägen 1 97437 Luleå | 1 | Läs mer
2026-09-29;07:18:08+0000;Emerald Core Construction Trading as The Advantage Ireland;Svartövägen 22 97437 Luleå;2;Luleå;https://www.av.se/arbetsmiljoarbete-och-inspektioner/e-tjanster-och-blanketter/sok-utstationering/?id=ffa85eb9-183a-4ef6-4d6d-08de75022dc1&E=System.String[];2;Emerald Core Construction Trading as The Advantage Ireland | Svartövägen 22 97437 Luleå | 2 | Läs mer
2026-09-29;07:18:08+0000;Destia Oy;Svartövägen 22 97437 Luleå;8;Luleå;https://www.av.se/arbetsmiljoarbete-och-inspektioner/e-tjanster-och-blanketter/sok-utstationering/?id=aa7f1251-1cb3-4dcd-2a4b-08deb561d804&E=System.String[];2;Destia Oy | Svartövägen 22 97437 Luleå | 8 | Läs mer
2026-09-29;07:18:08+0000;Destia Oy;Svartövägen 22 97437 Luleå;3;Luleå;https://www.av.se/arbetsmiljoarbete-och-inspektioner/e-tjanster-och-blanketter/sok-utstationering/?id=ebb0e441-f609-4cb0-098c-08deeb94af0b&E=System.String[];2;Destia Oy | Svartövägen 22 97437 Luleå | 3 | Läs mer
2026-09-29;07:18:08+0000;Destia Oy;Svartövägen 22 97437 Luleå;5;Luleå;https://www.av.se/arbetsmiljoarbete-och-inspektioner/e-tjanster-och-blanketter/sok-utstationering/?id=c5b78ca9-993c-4e1e-2a3f-08deb561d804&E=System.String[];2;Destia Oy | Svartövägen 22 97437 Luleå | 5 | Läs mer
2026-09-29;07:18:08+0000;Deel Germany GmbH;Svartövägen 22 97437 Luleå;1;Luleå;https://www.av.se/arbetsmiljoarbete-och-inspektioner/e-tjanster-och-blanketter/sok-utstationering/?id=a23b74c0-cb77-46fa-4ab1-08df146b5fd2&E=System.String[];2;Deel Germany GmbH | Svartövägen 22 97437 Luleå | 1 | Läs mer
2026-09-29;07:18:08+0000;Crane Norway Midt-Norge AS;Svartövägen 22 97437 Luleå;3;Luleå;https://www.av.se/arbetsmiljoarbete-och-inspektioner/e-tjanster-och-blanketter/sok-utstationering/?id=53e4169d-601b-4770-e036-08de5c97ab07&E=System.String[];2;Crane Norway Midt-Norge AS | Svartövägen 22 97437 Luleå | 3 | Läs mer
2026-09-29;07:18:08+0000;Construction Solutions sp. z o.o;Maskinvägen 16 97254 Luleå;6;Luleå;https://www.av.se/arbetsmiljoarbete-och-inspektioner/e-tjanster-och-blanketter/sok-utstationering/?id=7cc83e20-8146-4367-86b6-08dec6a966a4&E=System.String[];2;Construction Solutions sp. z o.o | Maskinvägen 16 97254 Luleå | 6 | Läs mer
2026-09-29;07:18:08+0000;Construction Solutions sp. z o.o;Långbackavägen 10 97595 Luleå;1;Luleå;https://www.av.se/arbetsmiljoarbete-och-inspektioner/e-tjanster-och-blanketter/sok-utstationering/?id=e817cf90-3d8a-4168-6007-08df179bc8c0&E=System.String[];2;Construction Solutions sp. z o.o | Långbackavägen 10 97595 Luleå | 1 | Läs mer
2026-09-29;07:18:08+0000;Carina Solutions Oy;Svartövägen 22 97437 Luleå;7;Luleå;https://www.av.se/arbetsmiljoarbete-och-inspektioner/e-tjanster-och-blanketter/sok-utstationering/?id=a1d3e2df-bebc-451a-4fe5-08de10608a63&E=System.String[];2;Carina Solutions Oy | Svartövägen 22 97437 Luleå | 7 | Läs mer
2026-09-29;07:18:08+0000;Binks Overseas Nordics ApS;Svartövägen 22 97437 Luleå;1;Luleå;https://www.av.se/arbetsmiljoarbete-och-inspektioner/e-tjanster-och-blanketter/sok-utstationering/?id=1d7a6c55-6e6b-4f90-9cd3-08decc209259&E=System.String[];2;Binks Overseas Nordics ApS | Svartövägen 22 97437 Luleå | 1 | Läs mer
2026-09-29;07:18:08+0000;AFRY Finland Oy;Svartövägen 22 97437 Luleå;42;Luleå;https://www.av.se/arbetsmiljoarbete-och-inspektioner/e-tjanster-och-blanketter/sok-utstationering/?id=af9de40e-42f9-434b-4bf2-08de704829f1&E=System.String[];2;AFRY Finland Oy | Svartövägen 22 97437 Luleå | 42 | Läs mer
2026-09-29;07:18:08+0000;AETHERIZE SYSTEMS, SL;Svartövägen 22 97437 Luleå;1;Luleå;https://www.av.se/arbetsmiljoarbete-och-inspektioner/e-tjanster-och-blanketter/sok-utstationering/?id=029c27a3-c841-497a-4f3a-08de8bc612a9&E=System.String[];2;AETHERIZE SYSTEMS, SL | Svartövägen 22 97437 Luleå | 1 | Läs mer
2026-09-29;07:18:08+0000;AETHERIZE SL;Svartövägen 22 97437 Luleå;1;Luleå;https://www.av.se/arbetsmiljoarbete-och-inspektioner/e-tjanster-och-blanketter/sok-utstationering/?id=75b3150c-bc29-4a74-3dae-08defc0ccd4d&E=System.String[];2;AETHERIZE SL | Svartövägen 22 97437 Luleå | 1 | Läs mer
2026-09-29;07:18:08+0000;Österlunds Jordbyggnad;Stålverket 20 96140 Boden;1;Boden;https://www.av.se/arbetsmiljoarbete-och-inspektioner/e-tjanster-och-blanketter/sok-utstationering/?id=b8cb0b9f-eeb0-4404-50f7-08df1d1886e1&E=System.String[];1;Österlunds Jordbyggnad | Stålverket 20 96140 Boden | 1 | Läs mer
2026-09-29;07:18:08+0000;"ZAKLAD OBSLUGI HOLDINGU ""ZOH"" Sp. z o.o.";Stålverket 20 96140 Boden;5;Boden;https://www.av.se/arbetsmiljoarbete-och-inspektioner/e-tjanster-och-blanketter/sok-utstationering/?id=2da14d0f-e6bf-461c-9bd1-08df0f60d3d1&E=System.String[];1;"ZAKLAD OBSLUGI HOLDINGU ""ZOH"" Sp. z o.o. | Stålverket 20 96140 Boden | 5 | Läs mer"
2026-09-29;07:18:08+0000;Vt & Kumpp. Construction Oy;Stålverket 20 96140 Boden;5;Boden;https://www.av.se/arbetsmiljoarbete-och-inspektioner/e-tjanster-och-blanketter/sok-utstationering/?id=0afa0d93-eb69-4aa6-15f5-08ddb209085d&E=System.String[];1;Vt & Kumpp. Construction Oy | Stålverket 20 96140 Boden | 5 | Läs mer
2026-09-29;07:18:08+0000;WQ Master oy;Stålverket 20 96140 Boden;1;Boden;https://www.av.se/arbetsmiljoarbete-och-inspektioner/e-tjanster-och-blanketter/sok-utstationering/?id=b557ee5f-ea4e-451c-13e3-08ddeb728b8d&E=System.String[];1;WQ Master oy | Stålverket 20 96140 Boden | 1 | Läs mer
2026-09-29;07:18:08+0000;WPI pro service;Bullerleden 5 96167 Boden;2;Boden;https://www.av.se/arbetsmiljoarbete-och-inspektioner/e-tjanster-och-blanketter/sok-utstationering/?id=62af04e0-2969-49f4-5ec5-08def11eb407&E=System.String[];1;WPI pro service | Bullerleden 5 96167 Boden | 2 | Läs mer
2026-09-29;07:18:08+0000;Workforsa Nord OÜ;Stålverket 20 96140 Boden;47;Boden;https://www.av.se/arbetsmiljoarbete-och-inspektioner/e-tjanster-och-blanketter/sok-utstationering/?id=35b2d0f3-a8b4-486f-c3ad-08def7577433&E=System.String[];1;Workforsa Nord OÜ | Stålverket 20 96140 Boden | 47 | Läs mer
2026-09-29;07:18:08+0000;Volvo Construction Equipment Finland Oy;Stålverket 20 96140 Boden;3;Boden;https://www.av.se/arbetsmiljoarbete-och-inspektioner/e-tjanster-och-blanketter/sok-utstationering/?id=d4d1045c-c60e-43a6-7c89-08dc53ebc584&E=System.String[];1;Volvo Construction Equipment Finland Oy | Stålverket 20 96140 Boden | 3 | Läs mer
2026-09-29;07:18:08+0000;VMAT CONSTRUCTION;Stålverket 20 96140 Boden;4;Boden;https://www.av.se/arbetsmiljoarbete-och-inspektioner/e-tjanster-och-blanketter/sok-utstationering/?id=b679b740-95ed-4079-8977-08dea1bee328&E=System.String[];1;VMAT CONSTRUCTION | Stålverket 20 96140 Boden | 4 | Läs mer
2026-09-29;07:18:08+0000;VLAVI Resurss;Stålverket 20 96140 Boden;13;Boden;https://www.av.se/arbetsmiljoarbete-och-inspektioner/e-tjanster-och-blanketter/sok-utstationering/?id=d2d420fb-85d3-43b6-e4fb-08df1ac5a792&E=System.String[];1;VLAVI Resurss | Stålverket 20 96140 Boden | 13 | Läs mer
2026-09-29;07:18:08+0000;Viorenicom SRL;Stålverket 20 96140 Boden;88;Boden;https://www.av.se/arbetsmiljoarbete-och-inspektioner/e-tjanster-och-blanketter/sok-utstationering/?id=00c4be3b-357f-4ed5-4bd7-08dedb16682e&E=System.String[];1;Viorenicom SRL | Stålverket 20 96140 Boden | 88 | Läs mer
2026-09-29;07:18:08+0000;Viorenicom SRL;Abramsvägen 40 96196 Boden;19;Boden;https://www.av.se/arbetsmiljoarbete-och-inspektioner/e-tjanster-och-blanketter/sok-utstationering/?id=ee626b08-338a-44d0-1ff6-08ded738b3ad&E=System.String[];1;Viorenicom SRL | Abramsvägen 40 96196 Boden | 19 | Läs mer
2026-09-29;07:18:08+0000;Welado Oy;Stålverket 20 96140 Boden;1;Boden;https://www.av.se/arbetsmiljoarbete-och-inspektioner/e-tjanster-och-blanketter/sok-utstationering/?id=8cb16077-4e3d-4fda-ac54-08de6eb16eb1&E=System.String[];1;Welado Oy | Stålverket 20 96140 Boden | 1 | Läs mer
2026-09-29;07:18:08+0000;VecTrance;Stålverket 20 96140 Boden;2;Boden;https://www.av.se/arbetsmiljoarbete-och-inspektioner/e-tjanster-och-blanketter/sok-utstationering/?id=5944e763-f927-4b70-b44f-08de1cfb8be1&E=System.String[];1;VecTrance | Stålverket 20 96140 Boden | 2 | Läs mer
2026-09-29;07:18:08+0000;Vaseliinimonni Holding Oy;Stålverket 20 96140 Boden;16;Boden;https://www.av.se/arbetsmiljoarbete-och-inspektioner/e-tjanster-och-blanketter/sok-utstationering/?id=694fc050-9a26-4c04-ce8c-08de8ee214d5&E=System.String[];1;Vaseliinimonni Holding Oy | Stålverket 20 96140 Boden | 16 | Läs mer
2026-09-29;07:18:08+0000;Vara-Ville oy;Stålverket 20 96140 Boden;1;Boden;https://www.av.se/arbetsmiljoarbete-och-inspektioner/e-tjanster-och-blanketter/sok-utstationering/?id=a2fb6c00-cebc-4bf0-5f63-08dd9370e1bd&E=System.String[];1;Vara-Ville oy | Stålverket 20 96140 Boden | 1 | Läs mer
2026-09-29;07:18:08+0000;UAB/JSC WELDWORK;Stålverket 20 96140 Boden;1;Boden;https://www.av.se/arbetsmiljoarbete-och-inspektioner/e-tjanster-och-blanketter/sok-utstationering/?id=d0ac8163-c1cc-4ba4-bf32-08df12e5d714&E=System.String[];1;UAB/JSC WELDWORK | Stålverket 20 96140 Boden | 1 | Läs mer
2026-09-29;07:18:08+0000;UAB Vaibloka;Bullerleden 5 96167 Boden;6;Boden;https://www.av.se/arbetsmiljoarbete-och-inspektioner/e-tjanster-och-blanketter/sok-utstationering/?id=f5860d99-4df4-44ce-5fce-08ddc4f010f9&E=System.String[];1;UAB Vaibloka | Bullerleden 5 96167 Boden | 6 | Läs mer
2026-09-29;07:18:08+0000;UAB NORDMONTA;Stålverket 20 96140 Boden;47;Boden;https://www.av.se/arbetsmiljoarbete-och-inspektioner/e-tjanster-och-blanketter/sok-utstationering/?id=30588316-2efb-4b5e-4369-08dd968d3614&E=System.String[];1;UAB NORDMONTA | Stålverket 20 96140 Boden | 47 | Läs mer
2026-09-29;07:18:08+0000;UAB NDT POWER;Stålverket 20 96140 Boden;4;Boden;https://www.av.se/arbetsmiljoarbete-och-inspektioner/e-tjanster-och-blanketter/sok-utstationering/?id=f5564993-fd6c-4be6-68bf-08de8964fe7e&E=System.String[];1;UAB NDT POWER | Stålverket 20 96140 Boden | 4 | Läs mer
2026-09-29;07:18:08+0000;UAB NDT POWER;Stålverket 20 96140 Boden;6;Boden;https://www.av.se/arbetsmiljoarbete-och-inspektioner/e-tjanster-och-blanketter/sok-utstationering/?id=2555f7ab-5efe-4ce2-9e2e-08de99e7e689&E=System.String[];1;UAB NDT POWER | Stålverket 20 96140 Boden | 6 | Läs mer
2026-09-29;07:18:08+0000;UAB MARINO GRUPE;Bullerleden 5 96167 Boden;3;Boden;https://www.av.se/arbetsmiljoarbete-och-inspektioner/e-tjanster-och-blanketter/sok-utstationering/?id=7facc5b6-576e-497d-75ea-08ded0e3a0e2&E=System.String[];1;UAB MARINO GRUPE | Bullerleden 5 96167 Boden | 3 | Läs mer
2026-09-29;07:18:08+0000;UAB LITLAFTAS;Brogatan 32 96164 Boden;2;Boden;https://www.av.se/arbetsmiljoarbete-och-inspektioner/e-tjanster-och-blanketter/sok-utstationering/?id=5fec89f1-5f1c-4332-3dc6-08defc0ccd4d&E=System.String[];1;UAB LITLAFTAS | Brogatan 32 96164 Boden | 2 | Läs mer
2026-09-29;07:18:08+0000;UAB ESP Projects;Stålverket 20 96140 Boden;8;Boden;https://www.av.se/arbetsmiljoarbete-och-inspektioner/e-tjanster-och-blanketter/sok-utstationering/?id=3e180d4a-9313-40e6-e0cd-08de857c7a9f&E=System.String[];1;UAB ESP Projects | Stålverket 20 96140 Boden | 8 | Läs mer
2026-09-29;07:18:08+0000;UAB Co-techna;Stålverket 20 96140 Boden;2;Boden;https://www.av.se/arbetsmiljoarbete-och-inspektioner/e-tjanster-och-blanketter/sok-utstationering/?id=fcd1454c-e713-41fb-f620-08ded59cff7c&E=System.String[];1;UAB Co-techna | Stålverket 20 96140 Boden | 2 | Läs mer
2026-09-29;07:18:08+0000;UAB Cebeco grupe;Stålverket 20 96140 Boden;4;Boden;https://www.av.se/arbetsmiljoarbete-och-inspektioner/e-tjanster-och-blanketter/sok-utstationering/?id=40adaca7-ccf6-4664-099f-08deeb94af0b&E=System.String[];1;UAB Cebeco grupe | Stålverket 20 96140 Boden | 4 | Läs mer
2026-09-29;07:18:08+0000;UAB BSW Engineering;Stålverket 20 96140 Boden;5;Boden;https://www.av.se/arbetsmiljoarbete-och-inspektioner/e-tjanster-och-blanketter/sok-utstationering/?id=f0e8927c-dd09-4ba4-4be2-08dd7bdd3c23&E=System.String[];1;UAB BSW Engineering | Stålverket 20 96140 Boden | 5 | Läs mer
2026-09-29;07:18:08+0000;Turun Nostopalvelu Oy;Stålverket 20 96140 Boden;1;Boden;https://www.av.se/arbetsmiljoarbete-och-inspektioner/e-tjanster-och-blanketter/sok-utstationering/?id=bf61e8f1-2de7-48ba-052c-08de8b01447d&E=System.String[];1;Turun Nostopalvelu Oy | Stålverket 20 96140 Boden | 1 | Läs mer
2026-09-29;07:18:08+0000;Turun Nostopalvelu Oy;Stålverket 20 96140 Boden;25;Boden;https://www.av.se/arbetsmiljoarbete-och-inspektioner/e-tjanster-och-blanketter/sok-utstationering/?id=6b507b8d-98e4-4eca-c586-08dcd5acc077&E=System.String[];1;Turun Nostopalvelu Oy | Stålverket 20 96140 Boden | 25 | Läs mer
2026-09-29;07:18:08+0000;TSN GROUP OÜ;Stålverket 20 96140 Boden;13;Boden;https://www.av.se/arbetsmiljoarbete-och-inspektioner/e-tjanster-och-blanketter/sok-utstationering/?id=833d2055-7ba0-4355-b9e7-08de112f3026&E=System.String[];1;TSN GROUP OÜ | Stålverket 20 96140 Boden | 13 | Läs mer
2026-09-29;07:18:08+0000;TSN GROUP OÜ;Stålverket 20 96140 Boden;24;Boden;https://www.av.se/arbetsmiljoarbete-och-inspektioner/e-tjanster-och-blanketter/sok-utstationering/?id=30dec422-8166-4811-33de-08de11ef3b7e&E=System.String[];1;TSN GROUP OÜ | Stålverket 20 96140 Boden | 24 | Läs mer
2026-09-29;07:18:08+0000;Transhouse Viitala Oy;Stålverket 20 96140 Boden;1;Boden;https://www.av.se/arbetsmiljoarbete-och-inspektioner/e-tjanster-och-blanketter/sok-utstationering/?id=03f142b3-be88-4b0d-def0-08de95f55368&E=System.String[];1;Transhouse Viitala Oy | Stålverket 20 96140 Boden | 1 | Läs mer
2026-09-29;07:18:08+0000;Tornion Harjateräs Oy;Flarkenvägen 15 Boden;5;Boden;https://www.av.se/arbetsmiljoarbete-och-inspektioner/e-tjanster-och-blanketter/sok-utstationering/?id=c79f1013-33f9-422e-e1de-08dea67520c8&E=System.String[];1;Tornion Harjateräs Oy | Flarkenvägen 15 Boden | 5 | Läs mer
2026-09-29;07:18:08+0000;Tornion Harjateräs Oy;Stålverket 20 96140 Boden;58;Boden;https://www.av.se/arbetsmiljoarbete-och-inspektioner/e-tjanster-och-blanketter/sok-utstationering/?id=2634f3b6-ee87-4b47-768a-08ded3402585&E=System.String[];1;Tornion Harjateräs Oy | Stålverket 20 96140 Boden | 58 | Läs mer
2026-09-29;07:18:08+0000;Tornion Harjateräs Oy;Flarkenvägen 15 Boden;13;Boden;https://www.av.se/arbetsmiljoarbete-och-inspektioner/e-tjanster-och-blanketter/sok-utstationering/?id=653e4db3-0ec6-43c6-7696-08ded3402585&E=System.String[];1;Tornion Harjateräs Oy | Flarkenvägen 15 Boden | 13 | Läs mer
2026-09-29;07:18:08+0000;Tornion Harjateräs Oy;Råbäcken 1 96193 Boden;14;Boden;https://www.av.se/arbetsmiljoarbete-och-inspektioner/e-tjanster-och-blanketter/sok-utstationering/?id=8de227a1-c7be-4a66-3e1e-08def373c9dd&E=System.String[];1;Tornion Harjateräs Oy | Råbäcken 1 96193 Boden | 14 | Läs mer
2026-09-29;07:18:08+0000;TM Kran AS;Stålverket 20 96140 Boden;2;Boden;https://www.av.se/arbetsmiljoarbete-och-inspektioner/e-tjanster-och-blanketter/sok-utstationering/?id=b1c68657-fb37-4408-8f87-08dca08e048d&E=System.String[];1;TM Kran AS | Stålverket 20 96140 Boden | 2 | Läs mer
2026-09-29;07:18:08+0000;thyssenkrupp nucera Italy s.r.l.;Stålverket 20 96140 Boden;3;Boden;https://www.av.se/arbetsmiljoarbete-och-inspektioner/e-tjanster-och-blanketter/sok-utstationering/?id=ca9f1cbf-fd51-47bb-d325-08dd99b4d4cf&E=System.String[];1;thyssenkrupp nucera Italy s.r.l. | Stålverket 20 96140 Boden | 3 | Läs mer
2026-09-29;07:18:08+0000;thyssenkrupp nucera AG & Co. KGaA;Stålverket 20 96140 Boden;1;Boden;https://www.av.se/arbetsmiljoarbete-och-inspektioner/e-tjanster-och-blanketter/sok-utstationering/?id=0d80cd20-aee4-4864-d348-08dd99b4d4cf&E=System.String[];1;thyssenkrupp nucera AG & Co. KGaA | Stålverket 20 96140 Boden | 1 | Läs mer
2026-09-29;07:18:08+0000;thyssenkrupp nucera AG & Co. KGaA;Stålverket 20 96140 Boden;1;Boden;https://www.av.se/arbetsmiljoarbete-och-inspektioner/e-tjanster-och-blanketter/sok-utstationering/?id=90b7064a-58cc-4204-40a2-08dd9dae5d32&E=System.String[];1;thyssenkrupp nucera AG & Co. KGaA | Stålverket 20 96140 Boden | 1 | Läs mer
2026-09-29;07:18:08+0000;Techno Services SRL;Stålverket 20 96140 Boden;1;Boden;https://www.av.se/arbetsmiljoarbete-och-inspektioner/e-tjanster-och-blanketter/sok-utstationering/?id=d60acdb3-66bd-4837-fdfc-08dd68421f52&E=System.String[];1;Techno Services SRL | Stålverket 20 96140 Boden | 1 | Läs mer
2026-09-29;07:18:08+0000;TECH ENGINEERING SERVICE PROVIDER SRL;Stålverket 20 96140 Boden;1;Boden;https://www.av.se/arbetsmiljoarbete-och-inspektioner/e-tjanster-och-blanketter/sok-utstationering/?id=a85b6afd-9906-403b-dad3-08deca9bf7a7&E=System.String[];1;TECH ENGINEERING SERVICE PROVIDER SRL | Stålverket 20 96140 Boden | 1 | Läs mer
2026-09-29;07:18:08+0000;TECH ENGINEERING SERVICE PROVIDER S.R.L.;Sturegatan 5A 96173 Boden;1;Boden;https://www.av.se/arbetsmiljoarbete-och-inspektioner/e-tjanster-och-blanketter/sok-utstationering/?id=5d69b68e-287a-45bf-1216-08debf98a1d5&E=System.String[];1;TECH ENGINEERING SERVICE PROVIDER S.R.L. | Sturegatan 5A 96173 Boden | 1 | Läs mer
2026-09-29;07:18:08+0000;team jussila oy;Stålverket 20 96140 Boden;6;Boden;https://www.av.se/arbetsmiljoarbete-och-inspektioner/e-tjanster-och-blanketter/sok-utstationering/?id=66b34f87-c588-4b29-1dfb-08dc46d18999&E=System.String[];1;team jussila oy | Stålverket 20 96140 Boden | 6 | Läs mer
2026-09-29;07:18:08+0000;Sähköpalvelu Juha Palonen oy;Stålverket 20 96140 Boden;1;Boden;https://www.av.se/arbetsmiljoarbete-och-inspektioner/e-tjanster-och-blanketter/sok-utstationering/?id=3f97d986-f838-43c8-1565-08ddb62845f9&E=System.String[];1;Sähköpalvelu Juha Palonen oy | Stålverket 20 96140 Boden | 1 | Läs mer
2026-09-29;07:18:08+0000;Sweco Polska Sp.z o.o.;Stålverket 20 96140 Boden;9;Boden;https://www.av.se/arbetsmiljoarbete-och-inspektioner/e-tjanster-och-blanketter/sok-utstationering/?id=3bf3827e-70fb-4160-fd53-08dc79536504&E=System.String[];1;Sweco Polska Sp.z o.o. | Stålverket 20 96140 Boden | 9 | Läs mer
2026-09-29;07:18:08+0000;STS SOCIETE TRAVAUX SPECIAUX ALPES;Stålverket 20 96140 Boden;6;Boden;https://www.av.se/arbetsmiljoarbete-och-inspektioner/e-tjanster-och-blanketter/sok-utstationering/?id=d25a3c06-50f4-42bd-2ebc-08de26697691&E=System.String[];1;STS SOCIETE TRAVAUX SPECIAUX ALPES | Stålverket 20 96140 Boden | 6 | Läs mer
2026-09-29;07:18:08+0000;Streams;Teknikvägen 3 96150 Boden;1;Boden;https://www.av.se/arbetsmiljoarbete-och-inspektioner/e-tjanster-och-blanketter/sok-utstationering/?id=b5f531b4-8cb6-423d-3ed2-08de763cb9a9&E=System.String[];1;Streams | Teknikvägen 3 96150 Boden | 1 | Läs mer
2026-09-29;07:18:08+0000;Specialist Technical Services;Stålverket 20 96140 Boden;1;Boden;https://www.av.se/arbetsmiljoarbete-och-inspektioner/e-tjanster-och-blanketter/sok-utstationering/?id=225e13be-acfa-4cdc-a8dd-08de177be62c&E=System.String[];1;Specialist Technical Services | Stålverket 20 96140 Boden | 1 | Läs mer
2026-09-29;07:18:08+0000;Sorox Oy;Stålverket 20 96140 Boden;4;Boden;https://www.av.se/arbetsmiljoarbete-och-inspektioner/e-tjanster-och-blanketter/sok-utstationering/?id=74444fd6-79d8-48c1-6e40-08dde45e170a&E=System.String[];1;Sorox Oy | Stålverket 20 96140 Boden | 4 | Läs mer
2026-09-29;07:18:08+0000;SMS Group GmbH;Stålverket 20 96140 Boden;26;Boden;https://www.av.se/arbetsmiljoarbete-och-inspektioner/e-tjanster-och-blanketter/sok-utstationering/?id=4c91875e-a0a0-4ea2-f8b3-08dd0d0e1d83&E=System.String[];1;SMS Group GmbH | Stålverket 20 96140 Boden | 26 | Läs mer
2026-09-29;07:18:08+0000;SMS group GmbH;Stålverket 20 96140 Boden;16;Boden;https://www.av.se/arbetsmiljoarbete-och-inspektioner/e-tjanster-och-blanketter/sok-utstationering/?id=e2f5c957-c880-4e72-5c58-08deb4955a23&E=System.String[];2;SMS group GmbH | Stålverket 20 96140 Boden | 16 | Läs mer
2026-09-29;07:18:08+0000;SMS group GmbH;Stålverket 20 96140 Boden;1;Boden;https://www.av.se/arbetsmiljoarbete-och-inspektioner/e-tjanster-och-blanketter/sok-utstationering/?id=44e8114b-f080-435f-3699-08de8a2e6bd7&E=System.String[];2;SMS group GmbH | Stålverket 20 96140 Boden | 1 | Läs mer
2026-09-29;07:18:08+0000;SMART GLOBAL ENERGY SRL;Stålverket 20 96140 Boden;103;Boden;https://www.av.se/arbetsmiljoarbete-och-inspektioner/e-tjanster-och-blanketter/sok-utstationering/?id=9089c6be-164c-473e-59ea-08dd9827acca&E=System.String[];2;SMART GLOBAL ENERGY SRL | Stålverket 20 96140 Boden | 103 | Läs mer
2026-09-29;07:18:08+0000;Skanska SK a.s.;Lavettvägen 1 96143 Boden;26;Boden;https://www.av.se/arbetsmiljoarbete-och-inspektioner/e-tjanster-och-blanketter/sok-utstationering/?id=724834dc-1645-441e-69e2-08de96bb1da4&E=System.String[];2;Skanska SK a.s. | Lavettvägen 1 96143 Boden | 26 | Läs mer
2026-09-29;07:18:08+0000;Sisärakenne Kukkola Oy;Stålverket 20 96140 Boden;2;Boden;https://www.av.se/arbetsmiljoarbete-och-inspektioner/e-tjanster-och-blanketter/sok-utstationering/?id=4e0cb3a9-d576-47fd-5ffe-08df179bc8c0&E=System.String[];2;Sisärakenne Kukkola Oy | Stålverket 20 96140 Boden | 2 | Läs mer
2026-09-29;07:18:08+0000;Silverback Staffing Ltd;Stålverket 20 96140 Boden;1;Boden;https://www.av.se/arbetsmiljoarbete-och-inspektioner/e-tjanster-och-blanketter/sok-utstationering/?id=19c11394-1426-4f9d-7519-08ddae2a7822&E=System.String[];2;Silverback Staffing Ltd | Stålverket 20 96140 Boden | 1 | Läs mer
2026-09-29;07:18:08+0000;Silverback Staffing Ltd;Stålverket 20 96140 Boden;3;Boden;https://www.av.se/arbetsmiljoarbete-och-inspektioner/e-tjanster-och-blanketter/sok-utstationering/?id=a471c6b7-d3e3-4f6e-e1c5-08dea67520c8&E=System.String[];2;Silverback Staffing Ltd | Stålverket 20 96140 Boden | 3 | Läs mer
2026-09-29;07:18:08+0000;sigma3D GmbH;Stålverket 20 96140 Boden;2;Boden;https://www.av.se/arbetsmiljoarbete-och-inspektioner/e-tjanster-och-blanketter/sok-utstationering/?id=bf40b732-b75e-4755-85e1-08ded1b3d552&E=System.String[];2;sigma3D GmbH | Stålverket 20 96140 Boden | 2 | Läs mer
2026-09-29;07:18:08+0000;Sibecamontagens Lda;Stålverket 20 96140 Boden;9;Boden;https://www.av.se/arbetsmiljoarbete-och-inspektioner/e-tjanster-och-blanketter/sok-utstationering/?id=19d061c3-de02-4f17-03ae-08df07151491&E=System.String[];2;Sibecamontagens Lda | Stålverket 20 96140 Boden | 9 | Läs mer
2026-09-29;07:18:08+0000;SIA VLAVI RESURSS;Stålverket 20 96140 Boden;13;Boden;https://www.av.se/arbetsmiljoarbete-och-inspektioner/e-tjanster-och-blanketter/sok-utstationering/?id=546e29d0-63d5-4d79-bccd-08ded8b936ef&E=System.String[];2;SIA VLAVI RESURSS | Stålverket 20 96140 Boden | 13 | Läs mer
2026-09-29;07:18:08+0000;"SIA ""FN-SERVISS""";Stålverket 20 96140 Boden;5;Boden;https://www.av.se/arbetsmiljoarbete-och-inspektioner/e-tjanster-och-blanketter/sok-utstationering/?id=ba7e49ea-90cc-4085-18f3-08deb22eb7a0&E=System.String[];2;"SIA ""FN-SERVISS"" | Stålverket 20 96140 Boden | 5 | Läs mer"
2026-09-29;07:18:08+0000;SERVICE POMPAGE FIXE;Stålverket 20 96140 Boden;5;Boden;https://www.av.se/arbetsmiljoarbete-och-inspektioner/e-tjanster-och-blanketter/sok-utstationering/?id=dfa65381-d226-4a0c-aed8-08de322b74da&E=System.String[];2;SERVICE POMPAGE FIXE | Stålverket 20 96140 Boden | 5 | Läs mer
2026-09-29;07:18:08+0000;Sendin;Stålverket 20 96140 Boden;36;Boden;https://www.av.se/arbetsmiljoarbete-och-inspektioner/e-tjanster-och-blanketter/sok-utstationering/?id=28b11e65-ccec-4797-7172-08ddde14e1aa&E=System.String[];2;Sendin | Stålverket 20 96140 Boden | 36 | Läs mer
2026-09-29;07:18:08+0000;SEMISUL POLAND SP Z.O.O;Stålverket 20 96140 Boden;19;Boden;https://www.av.se/arbetsmiljoarbete-och-inspektioner/e-tjanster-och-blanketter/sok-utstationering/?id=46a25629-7a04-49a5-18bd-08de2cb33c5c&E=System.String[];2;SEMISUL POLAND SP Z.O.O | Stålverket 20 96140 Boden | 19 | Läs mer
2026-09-29;07:18:08+0000;Seaside industries UAB;Stålverket 20 96140 Boden;18;Boden;https://www.av.se/arbetsmiljoarbete-och-inspektioner/e-tjanster-och-blanketter/sok-utstationering/?id=30ba8b71-dc3f-41f5-7163-08def2b8250b&E=System.String[];2;Seaside industries UAB | Stålverket 20 96140 Boden | 18 | Läs mer
2026-09-29;07:18:08+0000;SCHWARTZ HAUTMONT, CONSTRUCCIONES METALICAS, S.A.;Stålverket 20 96140 Boden;8;Boden;https://www.av.se/arbetsmiljoarbete-och-inspektioner/e-tjanster-och-blanketter/sok-utstationering/?id=8ab2b746-8085-41d6-d2ce-08dd9757872b&E=System.String[];2;SCHWARTZ HAUTMONT, CONSTRUCCIONES METALICAS, S.A. | Stålverket 20 96140 Boden | 8 | Läs mer
2026-09-29;07:18:08+0000;Schneider Electric Romania SRL;Stålverket 20 96140 Boden;1;Boden;https://www.av.se/arbetsmiljoarbete-och-inspektioner/e-tjanster-och-blanketter/sok-utstationering/?id=fc4f71d5-f3d4-4af5-e1d7-08dea67520c8&E=System.String[];2;Schneider Electric Romania SRL | Stålverket 20 96140 Boden | 1 | Läs mer
2026-09-29;07:18:08+0000;Scanpiping oy;Stålverket 20 96140 Boden;10;Boden;https://www.av.se/arbetsmiljoarbete-och-inspektioner/e-tjanster-och-blanketter/sok-utstationering/?id=e25ed396-19e6-4b87-ee15-08dee15cb58e&E=System.String[];2;Scanpiping oy | Stålverket 20 96140 Boden | 10 | Läs mer
2026-09-29;07:18:08+0000;Scanpiping oy;Stålverket 20 96140 Boden;1;Boden;https://www.av.se/arbetsmiljoarbete-och-inspektioner/e-tjanster-och-blanketter/sok-utstationering/?id=80629353-2ffe-4595-2537-08df0d66df3c&E=System.String[];2;Scanpiping oy | Stålverket 20 96140 Boden | 1 | Läs mer
2026-09-29;07:18:08+0000;Scaff-Tech Maja Laskowska;Stålverket 20 96140 Boden;2;Boden;https://www.av.se/arbetsmiljoarbete-och-inspektioner/e-tjanster-och-blanketter/sok-utstationering/?id=9375bf92-cf50-4926-eb64-08ddb473b801&E=System.String[];2;Scaff-Tech Maja Laskowska | Stålverket 20 96140 Boden | 2 | Läs mer
2026-09-29;07:18:08+0000;Scaff-Mont Group Sp.z.o.o.;Stålverket 20 96140 Boden;73;Boden;https://www.av.se/arbetsmiljoarbete-och-inspektioner/e-tjanster-och-blanketter/sok-utstationering/?id=d9e7430b-3f3d-45db-19fa-08dda324109d&E=System.String[];2;Scaff-Mont Group Sp.z.o.o. | Stålverket 20 96140 Boden | 73 | Läs mer
2026-09-29;07:18:08+0000;Samuli Kalliosalo Oy;Stålverket 20 96140 Boden;1;Boden;https://www.av.se/arbetsmiljoarbete-och-inspektioner/e-tjanster-och-blanketter/sok-utstationering/?id=91c05714-3859-4d03-ca2a-08de20192a63&E=System.String[];2;Samuli Kalliosalo Oy | Stålverket 20 96140 Boden | 1 | Läs mer
2026-09-29;07:18:08+0000;S.S. By Strazzer Solutions;Stålverket 20 96140 Boden;1;Boden;https://www.av.se/arbetsmiljoarbete-och-inspektioner/e-tjanster-och-blanketter/sok-utstationering/?id=3ba28f9e-58dc-4d1b-a2c2-08dd57c0344c&E=System.String[];2;S.S. By Strazzer Solutions | Stålverket 20 96140 Boden | 1 | Läs mer
2026-09-29;07:18:08+0000;Rudus Oy;Stålverket 20 96140 Boden;17;Boden;https://www.av.se/arbetsmiljoarbete-och-inspektioner/e-tjanster-och-blanketter/sok-utstationering/?id=913ffa19-4500-4a52-5ef5-08dbbf3eac14&E=System.String[];2;Rudus Oy | Stålverket 20 96140 Boden | 17 | Läs mer
2026-09-29;07:18:08+0000;Rudus Oy;Stålverket 20 96140 Boden;20;Boden;https://www.av.se/arbetsmiljoarbete-och-inspektioner/e-tjanster-och-blanketter/sok-utstationering/?id=edd711b2-b811-4d58-30e9-08de21b2f932&E=System.String[];2;Rudus Oy | Stålverket 20 96140 Boden | 20 | Läs mer
2026-09-29;07:18:08+0000;RSK NORD;Stålverket 20 96140 Boden;5;Boden;https://www.av.se/arbetsmiljoarbete-och-inspektioner/e-tjanster-och-blanketter/sok-utstationering/?id=92cd0039-2d58-4d8d-c85e-08ddf29d13e0&E=System.String[];2;RSK NORD | Stålverket 20 96140 Boden | 5 | Läs mer
2026-09-29;07:18:08+0000;RNDV Group;Stålverket 20 96140 Boden;7;Boden;https://www.av.se/arbetsmiljoarbete-och-inspektioner/e-tjanster-och-blanketter/sok-utstationering/?id=dd3da091-6443-44c8-f5f6-08ded59cff7c&E=System.String[];2;RNDV Group | Stålverket 20 96140 Boden | 7 | Läs mer
2026-09-29;07:18:08+0000;RM Ylimäki Oy;Stålverket 20 96140 Boden;1;Boden;https://www.av.se/arbetsmiljoarbete-och-inspektioner/e-tjanster-och-blanketter/sok-utstationering/?id=0622b62c-bb08-4b0f-85da-08ded1b3d552&E=System.String[];2;RM Ylimäki Oy | Stålverket 20 96140 Boden | 1 | Läs mer
2026-09-29;07:18:08+0000;Rivest OÜ;Stålverket 20 96140 Boden;7;Boden;https://www.av.se/arbetsmiljoarbete-och-inspektioner/e-tjanster-och-blanketter/sok-utstationering/?id=03cf45f6-fd94-4617-42ee-08de889d29a3&E=System.String[];2;Rivest OÜ | Stålverket 20 96140 Boden | 7 | Läs mer
2026-09-29;07:18:08+0000;Rigger rent sp. z o.o;Stålverket 20 96140 Boden;1;Boden;https://www.av.se/arbetsmiljoarbete-och-inspektioner/e-tjanster-och-blanketter/sok-utstationering/?id=d45de76f-36a6-4704-09b8-08deeb94af0b&E=System.String[];2;Rigger rent sp. z o.o | Stålverket 20 96140 Boden | 1 | Läs mer
2026-09-29;07:18:08+0000;Reston Industries;Stålverket 20 96140 Boden;5;Boden;https://www.av.se/arbetsmiljoarbete-och-inspektioner/e-tjanster-och-blanketter/sok-utstationering/?id=9d348fb1-f8c9-45b9-5a53-08deacb3102c&E=System.String[];2;Reston Industries | Stålverket 20 96140 Boden | 5 | Läs mer
2026-09-29;07:18:08+0000;Restak Tornio Oy;Sturegatan 34 96133 Boden;18;Boden;https://www.av.se/arbetsmiljoarbete-och-inspektioner/e-tjanster-och-blanketter/sok-utstationering/?id=6d0ce70b-896e-4e36-63e3-08df13a80524&E=System.String[];2;Restak Tornio Oy | Sturegatan 34 96133 Boden | 18 | Läs mer
2026-09-29;07:18:08+0000;Restak Tornio Oy;Sjövägen 2A 96137 Boden;18;Boden;https://www.av.se/arbetsmiljoarbete-och-inspektioner/e-tjanster-och-blanketter/sok-utstationering/?id=ac437f2e-9fb8-4287-63e7-08df13a80524&E=System.String[];2;Restak Tornio Oy | Sjövägen 2A 96137 Boden | 18 | Läs mer
2026-09-29;07:18:08+0000;Rentop Oy;Stålverket 20 96140 Boden;1;Boden;https://www.av.se/arbetsmiljoarbete-och-inspektioner/e-tjanster-och-blanketter/sok-utstationering/?id=6f0046d0-25d9-4dae-5a07-08ddf66c9fef&E=System.String[];2;Rentop Oy | Stålverket 20 96140 Boden | 1 | Läs mer
2026-09-29;07:18:08+0000;Q-Build Invest Oy;Stålverket 20 96140 Boden;4;Boden;https://www.av.se/arbetsmiljoarbete-och-inspektioner/e-tjanster-och-blanketter/sok-utstationering/?id=06c899e9-903e-4da3-9395-08deff421407&E=System.String[];2;Q-Build Invest Oy | Stålverket 20 96140 Boden | 4 | Läs mer
2026-09-29;07:18:08+0000;PROXA (PTY) LTD;Stålverket 20 96140 Boden;1;Boden;https://www.av.se/arbetsmiljoarbete-och-inspektioner/e-tjanster-och-blanketter/sok-utstationering/?id=666da03a-cce9-4694-288e-08deedff0851&E=System.String[];2;PROXA (PTY) LTD | Stålverket 20 96140 Boden | 1 | Läs mer
2026-09-29;07:18:08+0000;PROJECT MANAGEMENT ORGANISATION;Stålverket 20 96140 Boden;1;Boden;https://www.av.se/arbetsmiljoarbete-och-inspektioner/e-tjanster-och-blanketter/sok-utstationering/?id=2c714118-330b-45b5-13c5-08de736d751d&E=System.String[];2;PROJECT MANAGEMENT ORGANISATION | Stålverket 20 96140 Boden | 1 | Läs mer
2026-09-29;07:18:08+0000;PRIMEKSS SIA;Stålverket 20 96140 Boden;200;Boden;https://www.av.se/arbetsmiljoarbete-och-inspektioner/e-tjanster-och-blanketter/sok-utstationering/?id=0d143341-2e66-4f8b-e5bd-08de3d3313b3&E=System.String[];2;PRIMEKSS SIA | Stålverket 20 96140 Boden | 200 | Läs mer
2026-09-29;07:18:08+0000;Prefabricación y Montajes del Noroeste;Stålverket 20 96140 Boden;8;Boden;https://www.av.se/arbetsmiljoarbete-och-inspektioner/e-tjanster-och-blanketter/sok-utstationering/?id=56fd87f9-ed16-4769-98e9-08dcba3c502b&E=System.String[];2;Prefabricación y Montajes del Noroeste | Stålverket 20 96140 Boden | 8 | Läs mer
2026-09-29;07:18:08+0000;Pohjois-Suomen Perustuspalvelu Oy;Stålverket 20 96140 Boden;3;Boden;https://www.av.se/arbetsmiljoarbete-och-inspektioner/e-tjanster-och-blanketter/sok-utstationering/?id=caa581aa-5265-4259-59fd-08dd9827acca&E=System.String[];2;Pohjois-Suomen Perustuspalvelu Oy | Stålverket 20 96140 Boden | 3 | Läs mer
2026-09-29;07:18:08+0000;Pohjois-Suomen Perustuspalvelu Oy;Stålverket 20 96140 Boden;6;Boden;https://www.av.se/arbetsmiljoarbete-och-inspektioner/e-tjanster-och-blanketter/sok-utstationering/?id=44f3f79b-232f-40ba-3325-08def1e8c19e&E=System.String[];2;Pohjois-Suomen Perustuspalvelu Oy | Stålverket 20 96140 Boden | 6 | Läs mer
2026-09-29;07:18:08+0000;Pohjanmaan Talotekniikka Oy;Stålverket 20 96140 Boden;3;Boden;https://www.av.se/arbetsmiljoarbete-och-inspektioner/e-tjanster-och-blanketter/sok-utstationering/?id=42279fcf-ce69-4a1c-5918-08de6545b7a6&E=System.String[];2;Pohjanmaan Talotekniikka Oy | Stålverket 20 96140 Boden | 3 | Läs mer
2026-09-29;07:18:08+0000;Peri Suomi Ltd Oy;Stålverket 20 96140 Boden;1;Boden;https://www.av.se/arbetsmiljoarbete-och-inspektioner/e-tjanster-och-blanketter/sok-utstationering/?id=73a09fe2-6fa3-4656-254b-08df0d66df3c&E=System.String[];2;Peri Suomi Ltd Oy | Stålverket 20 96140 Boden | 1 | Läs mer
2026-09-29;07:18:08+0000;PERI A/S;Stålverket 20 96140 Boden;1;Boden;https://www.av.se/arbetsmiljoarbete-och-inspektioner/e-tjanster-och-blanketter/sok-utstationering/?id=1135a395-b5f3-41e8-65b7-08df1867849e&E=System.String[];2;PERI A/S | Stålverket 20 96140 Boden | 1 | Läs mer
2026-09-29;07:18:08+0000;Peak Power Service Oy;Stålverket 20 96140 Boden;1;Boden;https://www.av.se/arbetsmiljoarbete-och-inspektioner/e-tjanster-och-blanketter/sok-utstationering/?id=8ef1be35-626b-4e49-3301-08def1e8c19e&E=System.String[];2;Peak Power Service Oy | Stålverket 20 96140 Boden | 1 | Läs mer
2026-09-29;07:18:08+0000;Peak Power Service Oy;Stålverket 20 96140 Boden;3;Boden;https://www.av.se/arbetsmiljoarbete-och-inspektioner/e-tjanster-och-blanketter/sok-utstationering/?id=bd09fb58-4df1-4643-9859-08dea4e9bc99&E=System.String[];2;Peak Power Service Oy | Stålverket 20 96140 Boden | 3 | Läs mer
2026-09-29;07:18:08+0000;Paul Wurth Italia S.P.A;Stålverket 20 96140 Boden;2;Boden;https://www.av.se/arbetsmiljoarbete-och-inspektioner/e-tjanster-och-blanketter/sok-utstationering/?id=864560c3-b9f9-4eb5-f1ab-08dd4a653a40&E=System.String[];2;Paul Wurth Italia S.P.A | Stålverket 20 96140 Boden | 2 | Läs mer
2026-09-29;07:18:08+0000;Oy NordWest Engineering Ab Ltd.;Lakaträsk 404 Boden;2;Boden;https://www.av.se/arbetsmiljoarbete-och-inspektioner/e-tjanster-och-blanketter/sok-utstationering/?id=a7b6237f-7824-4da7-6489-08def82f4ed9&E=System.String[];2;Oy NordWest Engineering Ab Ltd. | Lakaträsk 404 Boden | 2 | Läs mer
2026-09-29;07:18:08+0000;OÜ Maleva Betoon;Stålverket 20 96140 Boden;9;Boden;https://www.av.se/arbetsmiljoarbete-och-inspektioner/e-tjanster-och-blanketter/sok-utstationering/?id=6accba05-9d05-41b7-43b5-08dd968d3614&E=System.String[];2;OÜ Maleva Betoon | Stålverket 20 96140 Boden | 9 | Läs mer
2026-09-29;07:18:08+0000;OÜ Maleva Betoon;Stålverket 20 96140 Boden;17;Boden;https://www.av.se/arbetsmiljoarbete-och-inspektioner/e-tjanster-och-blanketter/sok-utstationering/?id=7f80e970-400a-4af7-e60d-08defcf0c49c&E=System.String[];2;OÜ Maleva Betoon | Stålverket 20 96140 Boden | 17 | Läs mer
2026-09-29;07:18:08+0000;Oulun Timanttiporaus Oy;Stålverket 20 96140 Boden;2;Boden;https://www.av.se/arbetsmiljoarbete-och-inspektioner/e-tjanster-och-blanketter/sok-utstationering/?id=d7aab501-bfbe-4870-6eb5-08dce8eb0cdb&E=System.String[];3;Oulun Timanttiporaus Oy | Stålverket 20 96140 Boden | 2 | Läs mer
2026-09-29;07:18:08+0000;Osterlunds Jordbyggnad;Stålverket 20 96140 Boden;2;Boden;https://www.av.se/arbetsmiljoarbete-och-inspektioner/e-tjanster-och-blanketter/sok-utstationering/?id=197a30e7-a0cb-472d-f736-08df07e709c2&E=System.String[];3;Osterlunds Jordbyggnad | Stålverket 20 96140 Boden | 2 | Läs mer
2026-09-29;07:18:08+0000;Osterlunds Jordbyggnad;Teknikvägen 13 96150 Boden;1;Boden;https://www.av.se/arbetsmiljoarbete-och-inspektioner/e-tjanster-och-blanketter/sok-utstationering/?id=d2c0e6f0-8671-413c-f733-08df07e709c2&E=System.String[];3;Osterlunds Jordbyggnad | Teknikvägen 13 96150 Boden | 1 | Läs mer
2026-09-29;07:18:08+0000;Osterlunds Jordbyggnad;Stålverket 20 96140 Boden;1;Boden;https://www.av.se/arbetsmiljoarbete-och-inspektioner/e-tjanster-och-blanketter/sok-utstationering/?id=c72f6465-89ef-4c9c-2ed5-08de26697691&E=System.String[];3;Osterlunds Jordbyggnad | Stålverket 20 96140 Boden | 1 | Läs mer
2026-09-29;07:18:08+0000;Ortek EL OÜ;Stålverket 20 96140 Boden;8;Boden;https://www.av.se/arbetsmiljoarbete-och-inspektioner/e-tjanster-och-blanketter/sok-utstationering/?id=66e95281-dcc7-4312-9769-08dd5235564d&E=System.String[];3;Ortek EL OÜ | Stålverket 20 96140 Boden | 8 | Läs mer
2026-09-29;07:18:08+0000;ORGANISATION PRODUCTIVITE PERFORMANCE;Stålverket 20 96140 Boden;2;Boden;https://www.av.se/arbetsmiljoarbete-och-inspektioner/e-tjanster-och-blanketter/sok-utstationering/?id=485a6542-8b31-4bda-5cf1-08ddffdeccca&E=System.String[];3;ORGANISATION PRODUCTIVITE PERFORMANCE | Stålverket 20 96140 Boden | 2 | Läs mer
2026-09-29;07:18:08+0000;Opti Solutions Ab;Lakaträsk 404 Boden;3;Boden;https://www.av.se/arbetsmiljoarbete-och-inspektioner/e-tjanster-och-blanketter/sok-utstationering/?id=098e5480-d516-4667-ee10-08df02639f17&E=System.String[];3;Opti Solutions Ab | Lakaträsk 404 Boden | 3 | Läs mer
2026-09-29;07:18:08+0000;OP2 SAS;Drottninggatan 4 96135 Boden;3;Boden;https://www.av.se/arbetsmiljoarbete-och-inspektioner/e-tjanster-och-blanketter/sok-utstationering/?id=0f25118e-3a70-41de-9969-08ddf98fe64f&E=System.String[];3;OP2 SAS | Drottninggatan 4 96135 Boden | 3 | Läs mer
2026-09-29;07:18:08+0000;OLTO Mechanical Sp. z o.o.;Stålverket 20 96140 Boden;7;Boden;https://www.av.se/arbetsmiljoarbete-och-inspektioner/e-tjanster-och-blanketter/sok-utstationering/?id=9b30697c-8990-431b-4398-08dd968d3614&E=System.String[];3;OLTO Mechanical Sp. z o.o. | Stålverket 20 96140 Boden | 7 | Läs mer
2026-09-29;07:18:08+0000;Odštěpný závod GreMi KLIMA, s.r.o.;Stålverket 20 96140 Boden;7;Boden;https://www.av.se/arbetsmiljoarbete-och-inspektioner/e-tjanster-och-blanketter/sok-utstationering/?id=9c31ad9b-1c9a-457f-d305-08dd9757872b&E=System.String[];3;Odštěpný závod GreMi KLIMA, s.r.o. | Stålverket 20 96140 Boden | 7 | Läs mer
2026-09-29;07:18:08+0000;OBERON TEHNIKA;Stålverket 20 96140 Boden;14;Boden;https://www.av.se/arbetsmiljoarbete-och-inspektioner/e-tjanster-och-blanketter/sok-utstationering/?id=8b446304-777e-44fc-813d-08de7e5e8497&E=System.String[];3;OBERON TEHNIKA | Stålverket 20 96140 Boden | 14 | Läs mer
2026-09-29;07:18:08+0000;Nousujohde Raudoitus Oy;Stålverket 20 96140 Boden;1;Boden;https://www.av.se/arbetsmiljoarbete-och-inspektioner/e-tjanster-och-blanketter/sok-utstationering/?id=04bbba26-1bea-4416-9f69-08de4daeba9e&E=System.String[];3;Nousujohde Raudoitus Oy | Stålverket 20 96140 Boden | 1 | Läs mer
2026-09-29;07:18:08+0000;Nostolava-auto Jalo & Jalo Oy;Stålverket 20 96140 Boden;1;Boden;https://www.av.se/arbetsmiljoarbete-och-inspektioner/e-tjanster-och-blanketter/sok-utstationering/?id=fc3624a1-836d-4a53-3dc1-08defc0ccd4d&E=System.String[];3;Nostolava-auto Jalo & Jalo Oy | Stålverket 20 96140 Boden | 1 | Läs mer
2026-09-29;07:18:08+0000;Nostolava-auto Jalo & Jalo Oy;Stålverket 20 96140 Boden;3;Boden;https://www.av.se/arbetsmiljoarbete-och-inspektioner/e-tjanster-och-blanketter/sok-utstationering/?id=66c6e0b1-5ef7-42cf-791e-08dc498c348c&E=System.String[];3;Nostolava-auto Jalo & Jalo Oy | Stålverket 20 96140 Boden | 3 | Läs mer
2026-09-29;07:18:08+0000;Norpinus OÜ;Stålverket 20 96140 Boden;40;Boden;https://www.av.se/arbetsmiljoarbete-och-inspektioner/e-tjanster-och-blanketter/sok-utstationering/?id=9df2b404-65b5-4eb6-7005-08dee7b829f5&E=System.String[];3;Norpinus OÜ | Stålverket 20 96140 Boden | 40 | Läs mer
2026-09-29;07:18:08+0000;Nordic Special Project AS;Stålverket 20 96140 Boden;4;Boden;https://www.av.se/arbetsmiljoarbete-och-inspektioner/e-tjanster-och-blanketter/sok-utstationering/?id=b2f8cae8-540c-4e76-f6fa-08df07e709c2&E=System.String[];3;Nordic Special Project AS | Stålverket 20 96140 Boden | 4 | Läs mer
2026-09-29;07:18:08+0000;Nordic Crane Kynningsrud AS;Stålverket 20 96140 Boden;3;Boden;https://www.av.se/arbetsmiljoarbete-och-inspektioner/e-tjanster-och-blanketter/sok-utstationering/?id=2360d193-8857-4bf2-6473-08def82f4ed9&E=System.String[];3;Nordic Crane Kynningsrud AS | Stålverket 20 96140 Boden | 3 | Läs mer
2026-09-29;07:18:08+0000;NORDGEO PRO SP. Z O.O;Stålverket 20 96140 Boden;3;Boden;https://www.av.se/arbetsmiljoarbete-och-inspektioner/e-tjanster-och-blanketter/sok-utstationering/?id=6c19fea4-917b-4bb7-500e-08de10608a63&E=System.String[];3;NORDGEO PRO SP. Z O.O | Stålverket 20 96140 Boden | 3 | Läs mer
2026-09-29;07:18:08+0000;NORDGEO PRO SP. Z O.O;Stålverket 20 96140 Boden;2;Boden;https://www.av.se/arbetsmiljoarbete-och-inspektioner/e-tjanster-och-blanketter/sok-utstationering/?id=bfb74389-bf12-49b8-83d8-08de12bfcc0c&E=System.String[];3;NORDGEO PRO SP. Z O.O | Stålverket 20 96140 Boden | 2 | Läs mer
2026-09-29;07:18:08+0000;Nord Raudoitus Oy;Stålverket 20 96140 Boden;1;Boden;https://www.av.se/arbetsmiljoarbete-och-inspektioner/e-tjanster-och-blanketter/sok-utstationering/?id=a93beabe-a3b1-4ddc-ee2c-08df02639f17&E=System.String[];3;Nord Raudoitus Oy | Stålverket 20 96140 Boden | 1 | Läs mer
2026-09-29;07:18:08+0000;Nord Raudoitus Oy;Svartbyvägen 1 96137 Boden;1;Boden;https://www.av.se/arbetsmiljoarbete-och-inspektioner/e-tjanster-och-blanketter/sok-utstationering/?id=04a29c9b-9048-4b2e-09fd-08dee946b1b6&E=System.String[];3;Nord Raudoitus Oy | Svartbyvägen 1 96137 Boden | 1 | Läs mer
2026-09-29;07:18:08+0000;Nakkila Works Oy;Stålverket 20 96140 Boden;2;Boden;https://www.av.se/arbetsmiljoarbete-och-inspektioner/e-tjanster-och-blanketter/sok-utstationering/?id=de1f500e-3b58-474b-11ee-08debf98a1d5&E=System.String[];3;Nakkila Works Oy | Stålverket 20 96140 Boden | 2 | Läs mer
2026-09-29;07:18:08+0000;MTO Industries Oy;Stålverket 20 96140 Boden;8;Boden;https://www.av.se/arbetsmiljoarbete-och-inspektioner/e-tjanster-och-blanketter/sok-utstationering/?id=7c59c762-1b63-44ad-73a0-08de06f61b32&E=System.String[];3;MTO Industries Oy | Stålverket 20 96140 Boden | 8 | Läs mer
2026-09-29;07:18:08+0000;M-SOLUTION INDUSTRIAL SERVICES;Stålverket 20 96140 Boden;3;Boden;https://www.av.se/arbetsmiljoarbete-och-inspektioner/e-tjanster-och-blanketter/sok-utstationering/?id=d3c17f64-0750-47bb-0cb2-08decb6c2122&E=System.String[];3;M-SOLUTION INDUSTRIAL SERVICES | Stålverket 20 96140 Boden | 3 | Läs mer
2026-09-29;07:18:08+0000;Midrex Technologies Inc;Stålverket 20 96140 Boden;3;Boden;https://www.av.se/arbetsmiljoarbete-och-inspektioner/e-tjanster-och-blanketter/sok-utstationering/?id=e6420342-fc18-4329-44dd-08dcfee77a9f&E=System.String[];3;Midrex Technologies Inc | Stålverket 20 96140 Boden | 3 | Läs mer
2026-09-29;07:18:08+0000;Midrex Technologies Inc;Stålverket 20 96140 Boden;1;Boden;https://www.av.se/arbetsmiljoarbete-och-inspektioner/e-tjanster-och-blanketter/sok-utstationering/?id=ef9db87b-3cf1-4268-276a-08de9069cad6&E=System.String[];3;Midrex Technologies Inc | Stålverket 20 96140 Boden | 1 | Läs mer
2026-09-29;07:18:08+0000;MIDAS INDUSTRIES SP Z OO;Stålverket 20 96140 Boden;3;Boden;https://www.av.se/arbetsmiljoarbete-och-inspektioner/e-tjanster-och-blanketter/sok-utstationering/?id=823d2379-2a6d-4b11-a54c-08df1219aa16&E=System.String[];3;MIDAS INDUSTRIES SP Z OO | Stålverket 20 96140 Boden | 3 | Läs mer
2026-09-29;07:18:08+0000;MGCT Consulting & Services srl;Stålverket 20 96140 Boden;1;Boden;https://www.av.se/arbetsmiljoarbete-och-inspektioner/e-tjanster-och-blanketter/sok-utstationering/?id=dc85ff88-2f60-4dcf-3e3e-08def373c9dd&E=System.String[];3;MGCT Consulting & Services srl | Stålverket 20 96140 Boden | 1 | Läs mer
2026-09-29;07:18:08+0000;METRUM, SIA;Stålverket 20 96140 Boden;3;Boden;https://www.av.se/arbetsmiljoarbete-och-inspektioner/e-tjanster-och-blanketter/sok-utstationering/?id=74cd7685-e236-4c4a-0f94-08de95274a1e&E=System.String[];3;METRUM, SIA | Stålverket 20 96140 Boden | 3 | Läs mer
2026-09-29;07:18:08+0000;Meri-Lapin huolto Oy;Stålverket 20 96140 Boden;1;Boden;https://www.av.se/arbetsmiljoarbete-och-inspektioner/e-tjanster-och-blanketter/sok-utstationering/?id=8c222d31-434b-49d9-c3c5-08def7577433&E=System.String[];3;Meri-Lapin huolto Oy | Stålverket 20 96140 Boden | 1 | Läs mer
2026-09-29;07:18:08+0000;MB JOLTERA;Stålverket 20 96140 Boden;65;Boden;https://www.av.se/arbetsmiljoarbete-och-inspektioner/e-tjanster-och-blanketter/sok-utstationering/?id=8134f2ea-0504-42f0-781e-08ddfbf48b88&E=System.String[];3;MB JOLTERA | Stålverket 20 96140 Boden | 65 | Läs mer
2026-09-29;07:18:08+0000;MaxPro Solutions;Stålverket 20 96140 Boden;251;Boden;https://www.av.se/arbetsmiljoarbete-och-inspektioner/e-tjanster-och-blanketter/sok-utstationering/?id=20d90ffb-6952-4c71-5abc-08de3fc9c116&E=System.String[];3;MaxPro Solutions | Stålverket 20 96140 Boden | 251 | Läs mer
2026-09-29;07:18:08+0000;Maanrakennus Kallinen Oy;Stålverket 20 96140 Boden;1;Boden;https://www.av.se/arbetsmiljoarbete-och-inspektioner/e-tjanster-och-blanketter/sok-utstationering/?id=91906299-ad7a-4ab4-5edf-08def11eb407&E=System.String[];3;Maanrakennus Kallinen Oy | Stålverket 20 96140 Boden | 1 | Läs mer
2026-09-29;07:18:08+0000;Maanrakennus Kallinen Oy;Stålverket 20 96140 Boden;2;Boden;https://www.av.se/arbetsmiljoarbete-och-inspektioner/e-tjanster-och-blanketter/sok-utstationering/?id=2f8964ea-e056-4d41-00be-08deeec141db&E=System.String[];3;Maanrakennus Kallinen Oy | Stålverket 20 96140 Boden | 2 | Läs mer
2026-09-29;07:18:08+0000;LTR-Rakennus Oy;Stålverket 20 96140 Boden;4;Boden;https://www.av.se/arbetsmiljoarbete-och-inspektioner/e-tjanster-och-blanketter/sok-utstationering/?id=a3c76054-834d-4266-8b35-08ddf5a331a2&E=System.String[];3;LTR-Rakennus Oy | Stålverket 20 96140 Boden | 4 | Läs mer
2026-09-29;07:18:08+0000;LK Bygg UAB;Stålverket 20 96140 Boden;58;Boden;https://www.av.se/arbetsmiljoarbete-och-inspektioner/e-tjanster-och-blanketter/sok-utstationering/?id=eb3ed4e8-45d5-4bb4-19ea-08dda324109d&E=System.String[];3;LK Bygg UAB | Stålverket 20 96140 Boden | 58 | Läs mer
2026-09-29;07:18:08+0000;LIZMONTAGENS - EMPRESA DE MONTAGENS TERM INDUSTRIAIS SA;Stålverket 20 96140 Boden;46;Boden;https://www.av.se/arbetsmiljoarbete-och-inspektioner/e-tjanster-och-blanketter/sok-utstationering/?id=dfc04437-0365-492d-9d83-08ddda2cfd6c&E=System.String[];3;LIZMONTAGENS - EMPRESA DE MONTAGENS TERM INDUSTRIAIS SA | Stålverket 20 96140 Boden | 46 | Läs mer
2026-09-29;07:18:08+0000;LIZ ITALIANA SRL;Stålverket 20 96140 Boden;1;Boden;https://www.av.se/arbetsmiljoarbete-och-inspektioner/e-tjanster-och-blanketter/sok-utstationering/?id=f33fe7a4-f59e-48ba-2897-08deedff0851&E=System.String[];3;LIZ ITALIANA SRL | Stålverket 20 96140 Boden | 1 | Läs mer
2026-09-29;07:18:08+0000;Kymsol;Stålverket 20 96140 Boden;2;Boden;https://www.av.se/arbetsmiljoarbete-och-inspektioner/e-tjanster-och-blanketter/sok-utstationering/?id=dcab1d58-2a7b-4931-7f98-08ddf1bc39bb&E=System.String[];3;Kymsol | Stålverket 20 96140 Boden | 2 | Läs mer
2026-09-29;07:18:08+0000;Kuljetusliike Ville Silvasti Oy;Stålverket 20 96140 Boden;7;Boden;https://www.av.se/arbetsmiljoarbete-och-inspektioner/e-tjanster-och-blanketter/sok-utstationering/?id=eb411f78-0e88-4a04-77fe-08ddfbf48b88&E=System.String[];3;Kuljetusliike Ville Silvasti Oy | Stålverket 20 96140 Boden | 7 | Läs mer
2026-09-29;07:18:08+0000;Kuljetusliike Thoden Oy;Stålverket 20 96140 Boden;7;Boden;https://www.av.se/arbetsmiljoarbete-och-inspektioner/e-tjanster-och-blanketter/sok-utstationering/?id=4fb4a1e8-6c4d-48b6-1da7-08dc3299b4b3&E=System.String[];3;Kuljetusliike Thoden Oy | Stålverket 20 96140 Boden | 7 | Läs mer
2026-09-29;07:18:08+0000;Kuljetusliike Aleksi Rytkönen Oy;Stålverket 20 96140 Boden;1;Boden;https://www.av.se/arbetsmiljoarbete-och-inspektioner/e-tjanster-och-blanketter/sok-utstationering/?id=c28b5f08-0ecc-4b17-3817-08dbc5c053d7&E=System.String[];3;Kuljetusliike Aleksi Rytkönen Oy | Stålverket 20 96140 Boden | 1 | Läs mer
2026-09-29;07:18:08+0000;KSH Steel sp. z o.o.;Stålverket 20 96140 Boden;6;Boden;https://www.av.se/arbetsmiljoarbete-och-inspektioner/e-tjanster-och-blanketter/sok-utstationering/?id=cfa519b7-7b50-4fd1-96c3-08de055cb329&E=System.String[];3;KSH Steel sp. z o.o. | Stålverket 20 96140 Boden | 6 | Läs mer
2026-09-29;07:18:08+0000;KMD Teknik AB;Svedjebergsvägen 10 96140 Boden;5;Boden;https://www.av.se/arbetsmiljoarbete-och-inspektioner/e-tjanster-och-blanketter/sok-utstationering/?id=c4ec6c1a-1c5a-48f5-b1b3-08dd86d25287&E=System.String[];3;KMD Teknik AB | Svedjebergsvägen 10 96140 Boden | 5 | Läs mer
2026-09-29;07:18:08+0000;KLM Ehitus OÜ;Moråsleden 1 96167 Boden;17;Boden;https://www.av.se/arbetsmiljoarbete-och-inspektioner/e-tjanster-och-blanketter/sok-utstationering/?id=1fab2ab9-fc5e-4892-8cda-08def69a8c01&E=System.String[];3;KLM Ehitus OÜ | Moråsleden 1 96167 Boden | 17 | Läs mer
2026-09-29;07:18:08+0000;KINTEC RECRUITMENT LIMITED;Stålverket 20 96140 Boden;15;Boden;https://www.av.se/arbetsmiljoarbete-och-inspektioner/e-tjanster-och-blanketter/sok-utstationering/?id=f1055d29-653a-4c2b-d2fa-08dd9757872b&E=System.String[];3;KINTEC RECRUITMENT LIMITED | Stålverket 20 96140 Boden | 15 | Läs mer
2026-09-29;07:18:08+0000;KINTEC RECRUITMENT LIMITED;Stålverket 20 96140 Boden;2;Boden;https://www.av.se/arbetsmiljoarbete-och-inspektioner/e-tjanster-och-blanketter/sok-utstationering/?id=32a77240-c41a-4500-6bd2-08de9aaf411a&E=System.String[];3;KINTEC RECRUITMENT LIMITED | Stålverket 20 96140 Boden | 2 | Läs mer
2026-09-29;07:18:08+0000;KINGA SZYMCZYK S-ASSIST;Stålverket 20 96140 Boden;3;Boden;https://www.av.se/arbetsmiljoarbete-och-inspektioner/e-tjanster-och-blanketter/sok-utstationering/?id=29a56001-4336-4746-6bd5-08dee0a293ed&E=System.String[];3;KINGA SZYMCZYK S-ASSIST | Stålverket 20 96140 Boden | 3 | Läs mer
2026-09-29;07:18:08+0000;Kavamet-Konepaja Oy;Stålverket 20 96140 Boden;2;Boden;https://www.av.se/arbetsmiljoarbete-och-inspektioner/e-tjanster-och-blanketter/sok-utstationering/?id=6a01f71d-c553-47b1-734d-08dcee6c08e1&E=System.String[];3;Kavamet-Konepaja Oy | Stålverket 20 96140 Boden | 2 | Läs mer
2026-09-29;07:18:08+0000;Kantojärven Metalli Oy;Stålverket 20 96140 Boden;3;Boden;https://www.av.se/arbetsmiljoarbete-och-inspektioner/e-tjanster-och-blanketter/sok-utstationering/?id=9f297a22-d6e0-46c9-45a7-08de2279daeb&E=System.String[];3;Kantojärven Metalli Oy | Stålverket 20 96140 Boden | 3 | Läs mer
2026-09-29;07:18:08+0000;Kametal bv;Stålverket 20 96140 Boden;3;Boden;https://www.av.se/arbetsmiljoarbete-och-inspektioner/e-tjanster-och-blanketter/sok-utstationering/?id=9237703e-ab65-44e0-751a-08ddae2a7822&E=System.String[];4;Kametal bv | Stålverket 20 96140 Boden | 3 | Läs mer
2026-09-29;07:18:08+0000;KADDGROUP SERVICES OÜ;Stålverket 20 96140 Boden;3;Boden;https://www.av.se/arbetsmiljoarbete-och-inspektioner/e-tjanster-och-blanketter/sok-utstationering/?id=7509f404-0ed3-472f-1d87-08de5d6ca7a5&E=System.String[];4;KADDGROUP SERVICES OÜ | Stålverket 20 96140 Boden | 3 | Läs mer
2026-09-29;07:18:08+0000;Izoref iberia Unipessoal LDA;Stålverket 20 96140 Boden;4;Boden;https://www.av.se/arbetsmiljoarbete-och-inspektioner/e-tjanster-och-blanketter/sok-utstationering/?id=12a0364d-22da-4992-2eff-08deec14c22e&E=System.String[];4;Izoref iberia Unipessoal LDA | Stålverket 20 96140 Boden | 4 | Läs mer
2026-09-29;07:18:08+0000;Izoref Constructii srl;Stålverket 20 96140 Boden;13;Boden;https://www.av.se/arbetsmiljoarbete-och-inspektioner/e-tjanster-och-blanketter/sok-utstationering/?id=324f1a41-757a-4542-09ba-08deeb94af0b&E=System.String[];4;Izoref Constructii srl | Stålverket 20 96140 Boden | 13 | Läs mer
2026-09-29;07:18:08+0000;Ilmastointi Salminen Oy;Stålverket 20 96140 Boden;2;Boden;https://www.av.se/arbetsmiljoarbete-och-inspektioner/e-tjanster-och-blanketter/sok-utstationering/?id=e44e189d-e43f-495c-6a36-08ddcb3df1b2&E=System.String[];4;Ilmastointi Salminen Oy | Stålverket 20 96140 Boden | 2 | Läs mer
2026-09-29;07:18:08+0000;IDOM CONSULTING ENGINEERING ARCHITECTURE SAU;Stålverket 20 96140 Boden;17;Boden;https://www.av.se/arbetsmiljoarbete-och-inspektioner/e-tjanster-och-blanketter/sok-utstationering/?id=c15529d6-df31-4efe-8001-08de1c314707&E=System.String[];4;IDOM CONSULTING ENGINEERING ARCHITECTURE SAU | Stålverket 20 96140 Boden | 17 | Läs mer
2026-09-29;07:18:08+0000;Hitspe Oy;Stålverket 20 96140 Boden;2;Boden;https://www.av.se/arbetsmiljoarbete-och-inspektioner/e-tjanster-och-blanketter/sok-utstationering/?id=9507b4b0-ffbb-49b9-668d-08df019d5369&E=System.String[];4;Hitspe Oy | Stålverket 20 96140 Boden | 2 | Läs mer
2026-09-29;07:18:08+0000;Hitachi Energy Czech Republic s.r.o.;Stålverket 20 96140 Boden;1;Boden;https://www.av.se/arbetsmiljoarbete-och-inspektioner/e-tjanster-och-blanketter/sok-utstationering/?id=f311258b-18aa-43a3-1f8d-08dd8944d0dc&E=System.String[];4;Hitachi Energy Czech Republic s.r.o. | Stålverket 20 96140 Boden | 1 | Läs mer
2026-09-29;07:18:08+0000;HELB d.o.o.;Stålverket 20 96140 Boden;10;Boden;https://www.av.se/arbetsmiljoarbete-och-inspektioner/e-tjanster-och-blanketter/sok-utstationering/?id=fcfc8e74-4e7b-4b83-ca9b-08deed26fd81&E=System.String[];4;HELB d.o.o. | Stålverket 20 96140 Boden | 10 | Läs mer
2026-09-29;07:18:08+0000;Havator Oy;Stålverket 20 96140 Boden;74;Boden;https://www.av.se/arbetsmiljoarbete-och-inspektioner/e-tjanster-och-blanketter/sok-utstationering/?id=b0fd023a-3aef-4a4a-123d-08dd2ede08ee&E=System.String[];4;Havator Oy | Stålverket 20 96140 Boden | 74 | Läs mer
2026-09-29;07:18:08+0000;Hallix Finland Oy;Stålverket 20 96140 Boden;4;Boden;https://www.av.se/arbetsmiljoarbete-och-inspektioner/e-tjanster-och-blanketter/sok-utstationering/?id=e945dd38-3d51-4c4d-e1ea-08ddc3551bc8&E=System.String[];4;Hallix Finland Oy | Stålverket 20 96140 Boden | 4 | Läs mer
2026-09-29;07:18:08+0000;Haaponiemi Infra Oy;Stålverket 20 96140 Boden;2;Boden;https://www.av.se/arbetsmiljoarbete-och-inspektioner/e-tjanster-och-blanketter/sok-utstationering/?id=83db1eb2-d559-4a28-e027-08de5c97ab07&E=System.String[];4;Haaponiemi Infra Oy | Stålverket 20 96140 Boden | 2 | Läs mer
2026-09-29;07:18:08+0000;Haaponiemi Infra Oy;Stålverket 20 96140 Boden;1;Boden;https://www.av.se/arbetsmiljoarbete-och-inspektioner/e-tjanster-och-blanketter/sok-utstationering/?id=d8ecc996-f721-44ae-24e0-08dcce356a8b&E=System.String[];4;Haaponiemi Infra Oy | Stålverket 20 96140 Boden | 1 | Läs mer
2026-09-29;07:18:08+0000;GT Polen Sp.z.o.o.;Baldersgatan 1 96133 Boden;4;Boden;https://www.av.se/arbetsmiljoarbete-och-inspektioner/e-tjanster-och-blanketter/sok-utstationering/?id=307a5f33-ea69-4a02-3fc3-08de5ef121a2&E=System.String[];4;GT Polen Sp.z.o.o. | Baldersgatan 1 96133 Boden | 4 | Läs mer
2026-09-29;07:18:08+0000;Give Steel A/S;Stålverket 20 96140 Boden;2;Boden;https://www.av.se/arbetsmiljoarbete-och-inspektioner/e-tjanster-och-blanketter/sok-utstationering/?id=4131b51b-3fd3-471c-57d6-08dd3f640025&E=System.String[];4;Give Steel A/S | Stålverket 20 96140 Boden | 2 | Läs mer
2026-09-29;07:18:08+0000;GF Engineering SRL;Stålverket 20 96140 Boden;68;Boden;https://www.av.se/arbetsmiljoarbete-och-inspektioner/e-tjanster-och-blanketter/sok-utstationering/?id=00a0922e-c6b9-4419-fae0-08dd91d84c26&E=System.String[];4;GF Engineering SRL | Stålverket 20 96140 Boden | 68 | Läs mer
2026-09-29;07:18:08+0000;Fortis Associates Ltd;Stålverket 20 96140 Boden;2;Boden;https://www.av.se/arbetsmiljoarbete-och-inspektioner/e-tjanster-och-blanketter/sok-utstationering/?id=8749ec26-dd61-49af-52c1-08dca2489d76&E=System.String[];4;Fortis Associates Ltd | Stålverket 20 96140 Boden | 2 | Läs mer
2026-09-29;07:18:08+0000;Fortis Associates Ltd;Stålverket 20 96140 Boden;33;Boden;https://www.av.se/arbetsmiljoarbete-och-inspektioner/e-tjanster-och-blanketter/sok-utstationering/?id=c83a09cb-8b92-4712-69b3-08dc3d082c36&E=System.String[];4;Fortis Associates Ltd | Stålverket 20 96140 Boden | 33 | Läs mer
2026-09-29;07:18:08+0000;Fortis Associates Ltd;Stålverket 20 96140 Boden;2;Boden;https://www.av.se/arbetsmiljoarbete-och-inspektioner/e-tjanster-och-blanketter/sok-utstationering/?id=e4c5d00c-3f32-4cb2-317c-08dcf3298406&E=System.String[];4;Fortis Associates Ltd | Stålverket 20 96140 Boden | 2 | Läs mer
2026-09-29;07:18:08+0000;Fluor South Africa (Pty) Ltd;Stålverket 20 96140 Boden;2;Boden;https://www.av.se/arbetsmiljoarbete-och-inspektioner/e-tjanster-och-blanketter/sok-utstationering/?id=349096f3-fc9d-421a-9f08-08dc165da14c&E=System.String[];4;Fluor South Africa (Pty) Ltd | Stålverket 20 96140 Boden | 2 | Läs mer
2026-09-29;07:18:08+0000;Fluor Daniel Technical Services;Stålverket 20 96140 Boden;1;Boden;https://www.av.se/arbetsmiljoarbete-och-inspektioner/e-tjanster-och-blanketter/sok-utstationering/?id=d457bd80-695f-4d22-cbd8-08dbc98af9f7&E=System.String[];4;Fluor Daniel Technical Services | Stålverket 20 96140 Boden | 1 | Läs mer
2026-09-29;07:18:08+0000;Fluor B.V.;Stålverket 20 96140 Boden;1;Boden;https://www.av.se/arbetsmiljoarbete-och-inspektioner/e-tjanster-och-blanketter/sok-utstationering/?id=9b20934b-98ff-4971-99e3-08dba96f5f4d&E=System.String[];4;Fluor B.V. | Stålverket 20 96140 Boden | 1 | Läs mer
2026-09-29;07:18:08+0000;Five-P Enterprises Oy;Stålverket 20 96140 Boden;1;Boden;https://www.av.se/arbetsmiljoarbete-och-inspektioner/e-tjanster-och-blanketter/sok-utstationering/?id=d54e01c5-c8c3-4946-7619-08dce07b542c&E=System.String[];4;Five-P Enterprises Oy | Stålverket 20 96140 Boden | 1 | Läs mer
2026-09-29;07:18:08+0000;Finrak OÜ;Stålverket 20 96140 Boden;2;Boden;https://www.av.se/arbetsmiljoarbete-och-inspektioner/e-tjanster-och-blanketter/sok-utstationering/?id=908397b8-fedf-49c6-d53a-08ddcff1dc10&E=System.String[];4;Finrak OÜ | Stålverket 20 96140 Boden | 2 | Läs mer
2026-09-29;07:18:08+0000;Fimpec PMO Oy;Stålverket 20 96140 Boden;2;Boden;https://www.av.se/arbetsmiljoarbete-och-inspektioner/e-tjanster-och-blanketter/sok-utstationering/?id=0d3391b2-d4d3-4119-e990-08ddd3dcf80e&E=System.String[];4;Fimpec PMO Oy | Stålverket 20 96140 Boden | 2 | Läs mer
2026-09-29;07:18:08+0000;Fimpec PMO Oy;Teknikvägen 3 96150 Boden;1;Boden;https://www.av.se/arbetsmiljoarbete-och-inspektioner/e-tjanster-och-blanketter/sok-utstationering/?id=ab9a8eea-bcfa-4c98-d21f-08ddcd90f4a9&E=System.String[];4;Fimpec PMO Oy | Teknikvägen 3 96150 Boden | 1 | Läs mer
2026-09-29;07:18:08+0000;FERRMIX CONSTRUCTION OÜ;Stålverket 20 96140 Boden;17;Boden;https://www.av.se/arbetsmiljoarbete-och-inspektioner/e-tjanster-och-blanketter/sok-utstationering/?id=af79d267-593e-4bbd-0a4a-08dd352e6bf4&E=System.String[];4;FERRMIX CONSTRUCTION OÜ | Stålverket 20 96140 Boden | 17 | Läs mer
2026-09-29;07:18:08+0000;FERRETTI CONSTRUCTION SRL;Teknikvägen 3 96150 Boden;28;Boden;https://www.av.se/arbetsmiljoarbete-och-inspektioner/e-tjanster-och-blanketter/sok-utstationering/?id=65231aca-32f0-420b-c3aa-08de743c6266&E=System.String[];4;FERRETTI CONSTRUCTION SRL | Teknikvägen 3 96150 Boden | 28 | Läs mer
2026-09-29;07:18:08+0000;Ferretti Construction;Stålverket 20 96140 Boden;36;Boden;https://www.av.se/arbetsmiljoarbete-och-inspektioner/e-tjanster-och-blanketter/sok-utstationering/?id=9e0e1ec1-8c9e-4daf-e99d-08ddd3dcf80e&E=System.String[];4;Ferretti Construction | Stålverket 20 96140 Boden | 36 | Läs mer
2026-09-29;07:18:08+0000;EXACT Geomark AS;Stålverket 20 96140 Boden;1;Boden;https://www.av.se/arbetsmiljoarbete-och-inspektioner/e-tjanster-och-blanketter/sok-utstationering/?id=e3760e21-b783-429a-2f4f-08de316986e1&E=System.String[];4;EXACT Geomark AS | Stålverket 20 96140 Boden | 1 | Läs mer
2026-09-29;07:18:08+0000;Exact Czech s.r.o.;Stålverket 20 96140 Boden;6;Boden;https://www.av.se/arbetsmiljoarbete-och-inspektioner/e-tjanster-och-blanketter/sok-utstationering/?id=a90a1c24-5177-44b7-5fbd-08ddc4f010f9&E=System.String[];4;Exact Czech s.r.o. | Stålverket 20 96140 Boden | 6 | Läs mer
2026-09-29;07:18:08+0000;Euromontas, UAB;Bullerleden 5 96167 Boden;8;Boden;https://www.av.se/arbetsmiljoarbete-och-inspektioner/e-tjanster-och-blanketter/sok-utstationering/?id=7a79064f-b648-4ddc-617d-08dd726cb317&E=System.String[];4;Euromontas, UAB | Bullerleden 5 96167 Boden | 8 | Läs mer
2026-09-29;07:18:08+0000;Euromontas Suomi Oy;Stålverket 20 96140 Boden;1;Boden;https://www.av.se/arbetsmiljoarbete-och-inspektioner/e-tjanster-och-blanketter/sok-utstationering/?id=ed22282d-2170-43eb-7f13-08dd758e981a&E=System.String[];4;Euromontas Suomi Oy | Stålverket 20 96140 Boden | 1 | Läs mer
2026-09-29;07:18:08+0000;EUPTECH;Stålverket 20 96140 Boden;2;Boden;https://www.av.se/arbetsmiljoarbete-och-inspektioner/e-tjanster-och-blanketter/sok-utstationering/?id=7188a517-7f94-4bac-5286-08de8fa033d3&E=System.String[];4;EUPTECH | Stålverket 20 96140 Boden | 2 | Läs mer
2026-09-29;07:18:08+0000;ETT-INTERIM;Stålverket 20 96140 Boden;126;Boden;https://www.av.se/arbetsmiljoarbete-och-inspektioner/e-tjanster-och-blanketter/sok-utstationering/?id=c28dbf47-cfad-4d31-7179-08ddde14e1aa&E=System.String[];4;ETT-INTERIM | Stålverket 20 96140 Boden | 126 | Läs mer
2026-09-29;07:18:08+0000;Erko elektro s.r.o.;Stålverket 20 96140 Boden;1;Boden;https://www.av.se/arbetsmiljoarbete-och-inspektioner/e-tjanster-och-blanketter/sok-utstationering/?id=b7b38542-9079-4379-d659-08dda700024b&E=System.String[];4;Erko elektro s.r.o. | Stålverket 20 96140 Boden | 1 | Läs mer
2026-09-29;07:18:08+0000;Enersense Works Oy;Stålverket 20 96140 Boden;20;Boden;https://www.av.se/arbetsmiljoarbete-och-inspektioner/e-tjanster-och-blanketter/sok-utstationering/?id=6825275d-2b43-4b72-155b-08de016fc431&E=System.String[];4;Enersense Works Oy | Stålverket 20 96140 Boden | 20 | Läs mer
2026-09-29;07:18:08+0000;Enersense Works Oy;Stålverket 20 96140 Boden;2;Boden;https://www.av.se/arbetsmiljoarbete-och-inspektioner/e-tjanster-och-blanketter/sok-utstationering/?id=70621c01-7f44-4250-f397-08dedd79a90c&E=System.String[];4;Enersense Works Oy | Stålverket 20 96140 Boden | 2 | Läs mer
2026-09-29;07:18:08+0000;EMTS;Stålverket 20 96140 Boden;1;Boden;https://www.av.se/arbetsmiljoarbete-och-inspektioner/e-tjanster-och-blanketter/sok-utstationering/?id=071ed2ae-21e6-4e00-a0be-08ddf740f46c&E=System.String[];4;EMTS | Stålverket 20 96140 Boden | 1 | Läs mer
2026-09-29;07:18:08+0000;Emerald Core Construction Trading as The Advantage Ireland;Stålverket 20 96140 Boden;1;Boden;https://www.av.se/arbetsmiljoarbete-och-inspektioner/e-tjanster-och-blanketter/sok-utstationering/?id=9ff6a123-da25-4ba3-46a7-08deafe4a013&E=System.String[];4;Emerald Core Construction Trading as The Advantage Ireland | Stålverket 20 96140 Boden | 1 | Läs mer
2026-09-29;07:18:08+0000;Emerald Core Construction Trading as The Advantage Ireland;Stålverket 20 96140 Boden;1;Boden;https://www.av.se/arbetsmiljoarbete-och-inspektioner/e-tjanster-och-blanketter/sok-utstationering/?id=d503b7eb-418d-4f50-e201-08dede411cd2&E=System.String[];4;Emerald Core Construction Trading as The Advantage Ireland | Stålverket 20 96140 Boden | 1 | Läs mer
2026-09-29;07:18:08+0000;EMC Projects;Stålverket 20 96140 Boden;12;Boden;https://www.av.se/arbetsmiljoarbete-och-inspektioner/e-tjanster-och-blanketter/sok-utstationering/?id=991b78e9-b1aa-4d5c-be0c-08dd092d41d0&E=System.String[];4;EMC Projects | Stålverket 20 96140 Boden | 12 | Läs mer
2026-09-29;07:18:08+0000;EIFFAGE GENIE CIVIL MARINE;Stålverket 20 96140 Boden;55;Boden;https://www.av.se/arbetsmiljoarbete-och-inspektioner/e-tjanster-och-blanketter/sok-utstationering/?id=67b5da9a-6779-43ba-0fec-08ddd95fa57f&E=System.String[];4;EIFFAGE GENIE CIVIL MARINE | Stålverket 20 96140 Boden | 55 | Läs mer
2026-09-29;07:18:08+0000;Egeria OÜ;Stålverket 20 96140 Boden;21;Boden;https://www.av.se/arbetsmiljoarbete-och-inspektioner/e-tjanster-och-blanketter/sok-utstationering/?id=04ecbc1f-fe06-45d7-ccaa-08de28be7b27&E=System.String[];4;Egeria OÜ | Stålverket 20 96140 Boden | 21 | Läs mer
2026-09-29;07:18:08+0000;Egeria OÜ;Stålverket 20 96140 Boden;8;Boden;https://www.av.se/arbetsmiljoarbete-och-inspektioner/e-tjanster-och-blanketter/sok-utstationering/?id=2c03fe19-fc2a-4ac0-f3fe-08df08aedd08&E=System.String[];4;Egeria OÜ | Stålverket 20 96140 Boden | 8 | Läs mer
2026-09-29;07:18:08+0000;Efecta, UAB;Stålverket 20 96140 Boden;275;Boden;https://www.av.se/arbetsmiljoarbete-och-inspektioner/e-tjanster-och-blanketter/sok-utstationering/?id=99e29b60-6651-44ae-7581-08deb17c1a5b&E=System.String[];4;Efecta, UAB | Stålverket 20 96140 Boden | 275 | Läs mer
2026-09-29;07:18:08+0000;Efecta, UAB;Övre Buddbyn 141 96192 Boden;7;Boden;https://www.av.se/arbetsmiljoarbete-och-inspektioner/e-tjanster-och-blanketter/sok-utstationering/?id=1a3a30d0-d973-4967-4584-08df16290256&E=System.String[];4;Efecta, UAB | Övre Buddbyn 141 96192 Boden | 7 | Läs mer
2026-09-29;07:18:08+0000;E. Helaakoski Oy;Stålverket 20 96140 Boden;4;Boden;https://www.av.se/arbetsmiljoarbete-och-inspektioner/e-tjanster-och-blanketter/sok-utstationering/?id=6d062287-c699-490c-bab7-08ded667ef6a&E=System.String[];4;E. Helaakoski Oy | Stålverket 20 96140 Boden | 4 | Läs mer
2026-09-29;07:18:08+0000;Dymont Installation Oy;Stålverket 20 96140 Boden;13;Boden;https://www.av.se/arbetsmiljoarbete-och-inspektioner/e-tjanster-och-blanketter/sok-utstationering/?id=a2589ff7-360e-42ea-16ba-08dd4cba981c&E=System.String[];4;Dymont Installation Oy | Stålverket 20 96140 Boden | 13 | Läs mer
2026-09-29;07:18:08+0000;Drive Consulting GmbH;Stålverket 20 96140 Boden;6;Boden;https://www.av.se/arbetsmiljoarbete-och-inspektioner/e-tjanster-och-blanketter/sok-utstationering/?id=c6721925-9b5f-4857-02ef-08dd5bb6be5f&E=System.String[];4;Drive Consulting GmbH | Stålverket 20 96140 Boden | 6 | Läs mer
2026-09-29;07:18:08+0000;Digita Oy;Teknikvägen 3 96150 Boden;6;Boden;https://www.av.se/arbetsmiljoarbete-och-inspektioner/e-tjanster-och-blanketter/sok-utstationering/?id=f5081375-6f65-4660-7b1e-08de729848d9&E=System.String[];5;Digita Oy | Teknikvägen 3 96150 Boden | 6 | Läs mer
2026-09-29;07:18:08+0000;Digita Oy;Stålverket 20 96140 Boden;1;Boden;https://www.av.se/arbetsmiljoarbete-och-inspektioner/e-tjanster-och-blanketter/sok-utstationering/?id=50eb7ba4-9eea-41ee-6339-08deaa6389c3&E=System.String[];5;Digita Oy | Stålverket 20 96140 Boden | 1 | Läs mer
2026-09-29;07:18:08+0000;Digita Oy;Stålverket 20 96140 Boden;1;Boden;https://www.av.se/arbetsmiljoarbete-och-inspektioner/e-tjanster-och-blanketter/sok-utstationering/?id=44848bf1-c813-4df9-0f1a-08deab24c9d0&E=System.String[];5;Digita Oy | Stålverket 20 96140 Boden | 1 | Läs mer
2026-09-29;07:18:08+0000;Cubitor;Stålverket 20 96140 Boden;5;Boden;https://www.av.se/arbetsmiljoarbete-och-inspektioner/e-tjanster-och-blanketter/sok-utstationering/?id=ec7e56fe-42fe-4364-2b9c-08dd8b8c8245&E=System.String[];5;Cubitor | Stålverket 20 96140 Boden | 5 | Läs mer
2026-09-29;07:18:08+0000;Cronos Digital Safety Solutions Oy;Stålverket 20 96140 Boden;1;Boden;https://www.av.se/arbetsmiljoarbete-och-inspektioner/e-tjanster-och-blanketter/sok-utstationering/?id=fa1d7cbf-76fb-438b-d216-08ddcd90f4a9&E=System.String[];5;Cronos Digital Safety Solutions Oy | Stålverket 20 96140 Boden | 1 | Läs mer
2026-09-29;07:18:08+0000;Crane Norway Midt-Norge AS;Stålverket 20 96140 Boden;1;Boden;https://www.av.se/arbetsmiljoarbete-och-inspektioner/e-tjanster-och-blanketter/sok-utstationering/?id=10bc38a4-c737-42ba-e608-08defcf0c49c&E=System.String[];5;Crane Norway Midt-Norge AS | Stålverket 20 96140 Boden | 1 | Läs mer
2026-09-29;07:18:08+0000;Corsair Consulting OÜ;Stålverket 20 96140 Boden;1;Boden;https://www.av.se/arbetsmiljoarbete-och-inspektioner/e-tjanster-och-blanketter/sok-utstationering/?id=f5c8f811-1cd8-4453-bf82-08dee6179cd8&E=System.String[];5;Corsair Consulting OÜ | Stålverket 20 96140 Boden | 1 | Läs mer
2026-09-29;07:18:08+0000;Corsair Consulting OÜ;Teknikvägen 3 96150 Boden;1;Boden;https://www.av.se/arbetsmiljoarbete-och-inspektioner/e-tjanster-och-blanketter/sok-utstationering/?id=03be4aea-1c02-43fe-c292-08ded01aebb7&E=System.String[];5;Corsair Consulting OÜ | Teknikvägen 3 96150 Boden | 1 | Läs mer
2026-09-29;07:18:08+0000;Construction Solutions sp. z o.o;Stålverket 20 96140 Boden;7;Boden;https://www.av.se/arbetsmiljoarbete-och-inspektioner/e-tjanster-och-blanketter/sok-utstationering/?id=82d16450-6e80-4f04-102b-08ddbd14078a&E=System.String[];5;Construction Solutions sp. z o.o | Stålverket 20 96140 Boden | 7 | Läs mer
2026-09-29;07:18:08+0000;Conpech Resources;Stålverket 20 96140 Boden;1;Boden;https://www.av.se/arbetsmiljoarbete-och-inspektioner/e-tjanster-och-blanketter/sok-utstationering/?id=f2fc2b11-1967-4c4c-7805-08ddfbf48b88&E=System.String[];5;Conpech Resources | Stålverket 20 96140 Boden | 1 | Läs mer
2026-09-29;07:18:08+0000;CN Heavy Transport AS;Stålverket 20 96140 Boden;2;Boden;https://www.av.se/arbetsmiljoarbete-och-inspektioner/e-tjanster-och-blanketter/sok-utstationering/?id=96bb9cf8-5ea2-4a0b-f60c-08ded59cff7c&E=System.String[];5;CN Heavy Transport AS | Stålverket 20 96140 Boden | 2 | Läs mer
2026-09-29;07:18:08+0000;Chart Ferox a.s.;Stålverket 20 96140 Boden;7;Boden;https://www.av.se/arbetsmiljoarbete-och-inspektioner/e-tjanster-och-blanketter/sok-utstationering/?id=aa0ef812-633c-43b1-a0ed-08de048b9df6&E=System.String[];5;Chart Ferox a.s. | Stålverket 20 96140 Boden | 7 | Läs mer
2026-09-29;07:18:08+0000;Centum Servico Ltd;Stålverket 20 96140 Boden;53;Boden;https://www.av.se/arbetsmiljoarbete-och-inspektioner/e-tjanster-och-blanketter/sok-utstationering/?id=21279f08-fa32-4ea2-866c-08de2b16bc5a&E=System.String[];5;Centum Servico Ltd | Stålverket 20 96140 Boden | 53 | Läs mer
2026-09-29;07:18:08+0000;Centum Engineering Services (SE) Ltd;Stålverket 20 96140 Boden;3;Boden;https://www.av.se/arbetsmiljoarbete-och-inspektioner/e-tjanster-och-blanketter/sok-utstationering/?id=09d44346-8837-45f5-ee3d-08dee15cb58e&E=System.String[];5;Centum Engineering Services (SE) Ltd | Stålverket 20 96140 Boden | 3 | Läs mer
2026-09-29;07:18:08+0000;CB&l Nederland B.V;Stålverket 20 96140 Boden;8;Boden;https://www.av.se/arbetsmiljoarbete-och-inspektioner/e-tjanster-och-blanketter/sok-utstationering/?id=6b56a271-c931-48d6-2f4b-08de316986e1&E=System.String[];5;CB&l Nederland B.V | Stålverket 20 96140 Boden | 8 | Läs mer
2026-09-29;07:18:08+0000;CB&I Global Operations International PTE. LTD.;Stålverket 20 96140 Boden;121;Boden;https://www.av.se/arbetsmiljoarbete-och-inspektioner/e-tjanster-och-blanketter/sok-utstationering/?id=25c36c56-3833-45b5-fe6d-08dca62d57e0&E=System.String[];5;CB&I Global Operations International PTE. LTD. | Stålverket 20 96140 Boden | 121 | Läs mer
2026-09-29;07:18:08+0000;Brunel International South East Asia PTE Ltd;Stålverket 20 96140 Boden;1;Boden;https://www.av.se/arbetsmiljoarbete-och-inspektioner/e-tjanster-och-blanketter/sok-utstationering/?id=45c28b24-bcac-4cfd-44b0-08ddbea4b2f3&E=System.String[];5;Brunel International South East Asia PTE Ltd | Stålverket 20 96140 Boden | 1 | Läs mer
2026-09-29;07:18:08+0000;Broderna Nygard Ab;Lakaträsk 404 Boden;12;Boden;https://www.av.se/arbetsmiljoarbete-och-inspektioner/e-tjanster-och-blanketter/sok-utstationering/?id=6302fceb-922f-4351-6880-08dec2c3eed1&E=System.String[];5;Broderna Nygard Ab | Lakaträsk 404 Boden | 12 | Läs mer
2026-09-29;07:18:08+0000;Boreal Paint Oy;Bullerleden 5 96167 Boden;5;Boden;https://www.av.se/arbetsmiljoarbete-och-inspektioner/e-tjanster-och-blanketter/sok-utstationering/?id=42094bb9-37ce-445d-ad53-08df0a44061d&E=System.String[];5;Boreal Paint Oy | Bullerleden 5 96167 Boden | 5 | Läs mer
2026-09-29;07:18:08+0000;BMS Heavy Cranes A/S;Teknikvägen 3 96150 Boden;3;Boden;https://www.av.se/arbetsmiljoarbete-och-inspektioner/e-tjanster-och-blanketter/sok-utstationering/?id=5c4c7c90-a7f4-4e8e-6416-08df13a80524&E=System.String[];5;BMS Heavy Cranes A/S | Teknikvägen 3 96150 Boden | 3 | Läs mer
2026-09-29;07:18:08+0000;BLT Ammunet OY;Stålverket 20 96140 Boden;2;Boden;https://www.av.se/arbetsmiljoarbete-och-inspektioner/e-tjanster-och-blanketter/sok-utstationering/?id=4f2967b7-dedf-4ae0-6d70-08dcd1d03edc&E=System.String[];5;BLT Ammunet OY | Stålverket 20 96140 Boden | 2 | Läs mer
2026-09-29;07:18:08+0000;Binks Overseas Nordics ApS;Stålverket 20 96140 Boden;1;Boden;https://www.av.se/arbetsmiljoarbete-och-inspektioner/e-tjanster-och-blanketter/sok-utstationering/?id=b2d88ab0-d105-43cb-8428-08de62f2656a&E=System.String[];5;Binks Overseas Nordics ApS | Stålverket 20 96140 Boden | 1 | Läs mer
2026-09-29;07:18:08+0000;Binks Overseas Nordics ApS;Stålverket 20 96140 Boden;1;Boden;https://www.av.se/arbetsmiljoarbete-och-inspektioner/e-tjanster-och-blanketter/sok-utstationering/?id=cb38172c-0e29-482b-df56-08dec06ee9e8&E=System.String[];5;Binks Overseas Nordics ApS | Stålverket 20 96140 Boden | 1 | Läs mer
2026-09-29;07:18:08+0000;Binks Overseas;Stålverket 20 96140 Boden;1;Boden;https://www.av.se/arbetsmiljoarbete-och-inspektioner/e-tjanster-och-blanketter/sok-utstationering/?id=41723e7c-947d-4ea6-3fa1-08de5ef121a2&E=System.String[];5;Binks Overseas | Stålverket 20 96140 Boden | 1 | Läs mer
2026-09-29;07:18:08+0000;Binks Overseas;Stålverket 20 96140 Boden;1;Boden;https://www.av.se/arbetsmiljoarbete-och-inspektioner/e-tjanster-och-blanketter/sok-utstationering/?id=500948b5-b83d-4e12-3fa0-08de5ef121a2&E=System.String[];5;Binks Overseas | Stålverket 20 96140 Boden | 1 | Läs mer
2026-09-29;07:18:08+0000;BILLWELD OÜ;Stålverket 20 96140 Boden;3;Boden;https://www.av.se/arbetsmiljoarbete-och-inspektioner/e-tjanster-och-blanketter/sok-utstationering/?id=c9203c4d-b429-44e2-b1ca-08de2e4470c6&E=System.String[];5;BILLWELD OÜ | Stålverket 20 96140 Boden | 3 | Läs mer
2026-09-29;07:18:08+0000;Bilfinger Finland Oy;Stålverket 20 96140 Boden;46;Boden;https://www.av.se/arbetsmiljoarbete-och-inspektioner/e-tjanster-och-blanketter/sok-utstationering/?id=5fc086e4-04a2-42f1-9754-08dd5235564d&E=System.String[];5;Bilfinger Finland Oy | Stålverket 20 96140 Boden | 46 | Läs mer
2026-09-29;07:18:08+0000;Betoniperhe AB;Stålverket 20 96140 Boden;12;Boden;https://www.av.se/arbetsmiljoarbete-och-inspektioner/e-tjanster-och-blanketter/sok-utstationering/?id=de510697-ad55-44be-9df2-08dc8483f4a7&E=System.String[];5;Betoniperhe AB | Stålverket 20 96140 Boden | 12 | Läs mer
2026-09-29;07:18:08+0000;Betoniperhe AB;Stålverket 20 96140 Boden;12;Boden;https://www.av.se/arbetsmiljoarbete-och-inspektioner/e-tjanster-och-blanketter/sok-utstationering/?id=93315fac-839e-4771-9def-08dc8483f4a7&E=System.String[];5;Betoniperhe AB | Stålverket 20 96140 Boden | 12 | Läs mer
2026-09-29;07:18:08+0000;Betoniperhe AB;Stålverket 20 96140 Boden;12;Boden;https://www.av.se/arbetsmiljoarbete-och-inspektioner/e-tjanster-och-blanketter/sok-utstationering/?id=968a1785-dbd8-4743-9df1-08dc8483f4a7&E=System.String[];5;Betoniperhe AB | Stålverket 20 96140 Boden | 12 | Läs mer
2026-09-29;07:18:08+0000;Betomik Oy;Stålverket 20 96140 Boden;27;Boden;https://www.av.se/arbetsmiljoarbete-och-inspektioner/e-tjanster-och-blanketter/sok-utstationering/?id=9a44c7ba-90e9-45d9-3803-08dbc5c053d7&E=System.String[];5;Betomik Oy | Stålverket 20 96140 Boden | 27 | Läs mer
2026-09-29;07:18:08+0000;Betomik Oy;Stålverket 20 96140 Boden;28;Boden;https://www.av.se/arbetsmiljoarbete-och-inspektioner/e-tjanster-och-blanketter/sok-utstationering/?id=efc0070a-135c-486d-92f2-08de3b9651cc&E=System.String[];5;Betomik Oy | Stålverket 20 96140 Boden | 28 | Läs mer
2026-09-29;07:18:08+0000;Barrage d.o.o. (LLC);Hangargränd 1 96143 Boden;1;Boden;https://www.av.se/arbetsmiljoarbete-och-inspektioner/e-tjanster-och-blanketter/sok-utstationering/?id=06c15c95-9263-45e9-9813-08d9977978b1&E=System.String[];5;Barrage d.o.o. (LLC) | Hangargränd 1 96143 Boden | 1 | Läs mer
2026-09-29;07:18:08+0000;B & M TILL IREM SPA ITALY Filial;Stålverket 20 96140 Boden;34;Boden;https://www.av.se/arbetsmiljoarbete-och-inspektioner/e-tjanster-och-blanketter/sok-utstationering/?id=1956e9b6-b25b-41a8-669f-08dcecd6a1cd&E=System.String[];5;B & M TILL IREM SPA ITALY Filial | Stålverket 20 96140 Boden | 34 | Läs mer
2026-09-29;07:18:08+0000;Aumaint Oy;Stålverket 20 96140 Boden;2;Boden;https://www.av.se/arbetsmiljoarbete-och-inspektioner/e-tjanster-och-blanketter/sok-utstationering/?id=df4c7393-daf9-48aa-cfca-08dd3c3bcfa4&E=System.String[];5;Aumaint Oy | Stålverket 20 96140 Boden | 2 | Läs mer
2026-09-29;07:18:08+0000;Arnberg Oy;Teknikvägen 3 96150 Boden;1;Boden;https://www.av.se/arbetsmiljoarbete-och-inspektioner/e-tjanster-och-blanketter/sok-utstationering/?id=990f118d-1cf9-4ddd-7fc3-08de1c314707&E=System.String[];5;Arnberg Oy | Teknikvägen 3 96150 Boden | 1 | Läs mer
2026-09-29;07:18:08+0000;Arctic Rebar Oy;Stålverket 20 96140 Boden;25;Boden;https://www.av.se/arbetsmiljoarbete-och-inspektioner/e-tjanster-och-blanketter/sok-utstationering/?id=70b08801-2d46-40fa-01f7-08dcb6a0c782&E=System.String[];5;Arctic Rebar Oy | Stålverket 20 96140 Boden | 25 | Läs mer
2026-09-29;07:18:08+0000;Arctic Rebar Oy;Stålverket 20 96140 Boden;19;Boden;https://www.av.se/arbetsmiljoarbete-och-inspektioner/e-tjanster-och-blanketter/sok-utstationering/?id=598c3d3b-1dfe-4095-cbce-08dcb542ea83&E=System.String[];5;Arctic Rebar Oy | Stålverket 20 96140 Boden | 19 | Läs mer
2026-09-29;07:18:08+0000;Arctic Rebar Oy;Stålverket 20 96140 Boden;10;Boden;https://www.av.se/arbetsmiljoarbete-och-inspektioner/e-tjanster-och-blanketter/sok-utstationering/?id=2092d77f-e78e-491e-227d-08ddd0b305fd&E=System.String[];5;Arctic Rebar Oy | Stålverket 20 96140 Boden | 10 | Läs mer
2026-09-29;07:18:08+0000;Apex Core Oy;Stålverket 20 96140 Boden;4;Boden;https://www.av.se/arbetsmiljoarbete-och-inspektioner/e-tjanster-och-blanketter/sok-utstationering/?id=6429b1a9-7e9f-4f7c-534c-08ddf40e5521&E=System.String[];5;Apex Core Oy | Stålverket 20 96140 Boden | 4 | Läs mer
2026-09-29;07:18:08+0000;ANTMAR SP. Z O.O.;Stålverket 20 96140 Boden;12;Boden;https://www.av.se/arbetsmiljoarbete-och-inspektioner/e-tjanster-och-blanketter/sok-utstationering/?id=76528b85-49f3-41d1-3993-08dee3cc7e9b&E=System.String[];5;ANTMAR SP. Z O.O. | Stålverket 20 96140 Boden | 12 | Läs mer
2026-09-29;07:18:08+0000;AnDi retro OÜ;Hedenbrovägen 2 96136 Boden;5;Boden;https://www.av.se/arbetsmiljoarbete-och-inspektioner/e-tjanster-och-blanketter/sok-utstationering/?id=2f785497-ca23-4b5a-1248-08de831ce4ca&E=System.String[];5;AnDi retro OÜ | Hedenbrovägen 2 96136 Boden | 5 | Läs mer
2026-09-29;07:18:08+0000;AnDi retro OÜ;Stålverket 20 96140 Boden;5;Boden;https://www.av.se/arbetsmiljoarbete-och-inspektioner/e-tjanster-och-blanketter/sok-utstationering/?id=ee7c182e-dae6-491d-2058-08de83f1238a&E=System.String[];5;AnDi retro OÜ | Stålverket 20 96140 Boden | 5 | Läs mer
2026-09-29;07:18:08+0000;AnDi retro OÜ;Stålverket 20 96140 Boden;19;Boden;https://www.av.se/arbetsmiljoarbete-och-inspektioner/e-tjanster-och-blanketter/sok-utstationering/?id=f552518d-788d-47da-2060-08de83f1238a&E=System.String[];5;AnDi retro OÜ | Stålverket 20 96140 Boden | 19 | Läs mer
2026-09-29;07:18:08+0000;AMADORA WOODHOUSE SRL;Solskensvägen 25 Boden;5;Boden;https://www.av.se/arbetsmiljoarbete-och-inspektioner/e-tjanster-och-blanketter/sok-utstationering/?id=d1779f9e-4bb2-4c23-1d36-08de526ad5b1&E=System.String[];5;AMADORA WOODHOUSE SRL | Solskensvägen 25 Boden | 5 | Läs mer
2026-09-29;07:18:08+0000;Alpi Rakennus Oy;Stålverket 20 96140 Boden;13;Boden;https://www.av.se/arbetsmiljoarbete-och-inspektioner/e-tjanster-och-blanketter/sok-utstationering/?id=eb59188c-453a-4ce7-701d-08dee7b829f5&E=System.String[];5;Alpi Rakennus Oy | Stålverket 20 96140 Boden | 13 | Läs mer
2026-09-29;07:18:08+0000;ahc GmbH;Stålverket 20 96140 Boden;2;Boden;https://www.av.se/arbetsmiljoarbete-och-inspektioner/e-tjanster-och-blanketter/sok-utstationering/?id=fec8988d-de7e-43a3-4ca9-08dd6c2f2332&E=System.String[];5;ahc GmbH | Stålverket 20 96140 Boden | 2 | Läs mer
2026-09-29;07:18:08+0000;Acinel d.o.o.;Stålverket 20 96140 Boden;2;Boden;https://www.av.se/arbetsmiljoarbete-och-inspektioner/e-tjanster-och-blanketter/sok-utstationering/?id=58ed393a-df27-4c4f-2ec7-08de26697691&E=System.String[];5;Acinel d.o.o. | Stålverket 20 96140 Boden | 2 | Läs mer
2026-09-29;07:18:08+0000;Accero Baltic OÜ;Stålverket 20 96140 Boden;7;Boden;https://www.av.se/arbetsmiljoarbete-och-inspektioner/e-tjanster-och-blanketter/sok-utstationering/?id=5f6290b4-e52e-4436-2a66-08deb561d804&E=System.String[];5;Accero Baltic OÜ | Stålverket 20 96140 Boden | 7 | Läs mer
2026-09-29;07:18:08+0000;Accero Baltic OÜ;Stålverket 20 96140 Boden;16;Boden;https://www.av.se/arbetsmiljoarbete-och-inspektioner/e-tjanster-och-blanketter/sok-utstationering/?id=3885772d-72e5-4398-ddd3-08deb6274b19&E=System.String[];5;Accero Baltic OÜ | Stålverket 20 96140 Boden | 16 | Läs mer
2026-09-29;07:18:08+0000;AB Viamatika;Stålverket 20 96140 Boden;1;Boden;https://www.av.se/arbetsmiljoarbete-och-inspektioner/e-tjanster-och-blanketter/sok-utstationering/?id=0e537121-7be5-4d5c-bf9e-08dee6179cd8&E=System.String[];6;AB Viamatika | Stålverket 20 96140 Boden | 1 | Läs mer
2026-09-30;10:27:23+0000;Wayss & Freytag Ingenieurbau AG;Svartövägen 22 97437 Luleå;3;Luleå;https://www.av.se/arbetsmiljoarbete-och-inspektioner/e-tjanster-och-blanketter/sok-utstationering/?id=1d922af8-dfb6-422d-69f7-08de96bb1da4&E=System.String[];1;Wayss & Freytag Ingenieurbau AG | Svartövägen 22 97437 Luleå | 3 | Läs mer
2026-09-30;10:27:23+0000;Vaseliinimonni Holding Oy;Kärrviolgatan 3 97636 Luleå;9;Luleå;https://www.av.se/arbetsmiljoarbete-och-inspektioner/e-tjanster-och-blanketter/sok-utstationering/?id=b271556e-9b41-4cfd-f728-08df07e709c2&E=System.String[];1;Vaseliinimonni Holding Oy | Kärrviolgatan 3 97636 Luleå | 9 | Läs mer
2026-09-30;10:27:23+0000;UAB Izolitas;Strömörvägen 2C 97437 Luleå;4;Luleå;https://www.av.se/arbetsmiljoarbete-och-inspektioner/e-tjanster-och-blanketter/sok-utstationering/?id=b60d675d-202d-4ade-6465-08def82f4ed9&E=System.String[];1;UAB Izolitas | Strömörvägen 2C 97437 Luleå | 4 | Läs mer
2026-09-30;10:27:23+0000;UAB IGMABALT;Svartövägen 22 97437 Luleå;5;Luleå;https://www.av.se/arbetsmiljoarbete-och-inspektioner/e-tjanster-och-blanketter/sok-utstationering/?id=08adbd9b-c0d3-4454-4c28-08de571a37cb&E=System.String[];1;UAB IGMABALT | Svartövägen 22 97437 Luleå | 5 | Läs mer
2026-09-30;10:27:23+0000;UAB ESP Projects;Svartövägen 22 97437 Luleå;2;Luleå;https://www.av.se/arbetsmiljoarbete-och-inspektioner/e-tjanster-och-blanketter/sok-utstationering/?id=aa06e5c9-3cf5-4c30-d22e-08de9c40cdc8&E=System.String[];1;UAB ESP Projects | Svartövägen 22 97437 Luleå | 2 | Läs mer
2026-09-30;10:27:23+0000;UAB Cebeco grupe;Torpslingan 23A 97347 Luleå;8;Luleå;https://www.av.se/arbetsmiljoarbete-och-inspektioner/e-tjanster-och-blanketter/sok-utstationering/?id=90763578-0938-4a34-7ee1-08deac0005ec&E=System.String[];1;UAB Cebeco grupe | Torpslingan 23A 97347 Luleå | 8 | Läs mer
2026-09-30;10:27:23+0000;UAB Cebeco grupe;Torpslingan 19A 97347 Luleå;8;Luleå;https://www.av.se/arbetsmiljoarbete-och-inspektioner/e-tjanster-och-blanketter/sok-utstationering/?id=e7b6d759-43d7-4f84-7573-08deb17c1a5b&E=System.String[];1;UAB Cebeco grupe | Torpslingan 19A 97347 Luleå | 8 | Läs mer
2026-09-30;10:27:23+0000;UAB Cebeco grupe;Torpslingan 25A 97347 Luleå;8;Luleå;https://www.av.se/arbetsmiljoarbete-och-inspektioner/e-tjanster-och-blanketter/sok-utstationering/?id=9ba6fbb7-d710-4414-2a40-08deb561d804&E=System.String[];1;UAB Cebeco grupe | Torpslingan 25A 97347 Luleå | 8 | Läs mer
2026-09-30;10:27:23+0000;UAB Cebeco grupe;Magasinsgatan 13A 97241 Luleå;8;Luleå;https://www.av.se/arbetsmiljoarbete-och-inspektioner/e-tjanster-och-blanketter/sok-utstationering/?id=3d2d9563-7a82-4dae-701b-08dee7b829f5&E=System.String[];1;UAB Cebeco grupe | Magasinsgatan 13A 97241 Luleå | 8 | Läs mer
2026-09-30;10:27:23+0000;"UAB ""Strele logistics""";Bodenvägen 405 95442 Södra Sunderbyn;2;Luleå;https://www.av.se/arbetsmiljoarbete-och-inspektioner/e-tjanster-och-blanketter/sok-utstationering/?id=f0c81e1c-8af2-41e6-7880-08de25980a98&E=System.String[];1;"UAB ""Strele logistics"" | Bodenvägen 405 95442 Södra Sunderbyn | 2 | Läs mer"
2026-09-30;10:27:23+0000;Turun Nostopalvelu Oy;Svartövägen 22 97437 Luleå;24;Luleå;https://www.av.se/arbetsmiljoarbete-och-inspektioner/e-tjanster-och-blanketter/sok-utstationering/?id=c24154f7-6049-4fa6-4ddf-08dec7d735a1&E=System.String[];1;Turun Nostopalvelu Oy | Svartövägen 22 97437 Luleå | 24 | Läs mer
2026-09-30;10:27:23+0000;Trondecom OÜ;Svartövägen 22 97437 Luleå;1;Luleå;https://www.av.se/arbetsmiljoarbete-och-inspektioner/e-tjanster-och-blanketter/sok-utstationering/?id=b236b410-62e6-4894-0fac-08de95274a1e&E=System.String[];1;Trondecom OÜ | Svartövägen 22 97437 Luleå | 1 | Läs mer
2026-09-30;10:27:23+0000;Trondecom OÜ;Svartövägen 20 97437 Luleå;1;Luleå;https://www.av.se/arbetsmiljoarbete-och-inspektioner/e-tjanster-och-blanketter/sok-utstationering/?id=acb2a0c3-70a2-4a1c-0fa6-08de95274a1e&E=System.String[];1;Trondecom OÜ | Svartövägen 20 97437 Luleå | 1 | Läs mer
2026-09-30;10:27:23+0000;Sweco Polska Sp.z o.o.;Västra Varvsgatan 11 97236 Luleå;2;Luleå;https://www.av.se/arbetsmiljoarbete-och-inspektioner/e-tjanster-och-blanketter/sok-utstationering/?id=5ed6c50a-0715-40b0-fd56-08dc79536504&E=System.String[];1;Sweco Polska Sp.z o.o. | Västra Varvsgatan 11 97236 Luleå | 2 | Läs mer
2026-09-30;10:27:23+0000;Sweco Polska Sp.z o.o.;Svartövägen 22 97437 Luleå;6;Luleå;https://www.av.se/arbetsmiljoarbete-och-inspektioner/e-tjanster-och-blanketter/sok-utstationering/?id=8579ff33-e953-4e00-a72e-08de781a88b3&E=System.String[];1;Sweco Polska Sp.z o.o. | Svartövägen 22 97437 Luleå | 6 | Läs mer
2026-09-30;10:27:23+0000;SWECO PM OY;Svartövägen 22 97437 Luleå;2;Luleå;https://www.av.se/arbetsmiljoarbete-och-inspektioner/e-tjanster-och-blanketter/sok-utstationering/?id=084d2e66-0dce-4a35-889c-08df1de1d6c4&E=System.String[];1;SWECO PM OY | Svartövägen 22 97437 Luleå | 2 | Läs mer
2026-09-30;10:27:23+0000;SSAB Europe Oy;Svartövägen 22 97437 Luleå;28;Luleå;https://www.av.se/arbetsmiljoarbete-och-inspektioner/e-tjanster-och-blanketter/sok-utstationering/?id=46ad4a98-f1fe-4e26-c9c5-08de6799644f&E=System.String[];1;SSAB Europe Oy | Svartövägen 22 97437 Luleå | 28 | Läs mer
2026-09-30;10:27:23+0000;SprayPro OY;Betongvägen 34 97345 Luleå;1;Luleå;https://www.av.se/arbetsmiljoarbete-och-inspektioner/e-tjanster-och-blanketter/sok-utstationering/?id=2d501cad-1a42-4d7f-e1c8-08dea67520c8&E=System.String[];1;SprayPro OY | Betongvägen 34 97345 Luleå | 1 | Läs mer
2026-09-30;10:27:23+0000;SCANEST OU;Svartövägen 20 97437 Luleå;4;Luleå;https://www.av.se/arbetsmiljoarbete-och-inspektioner/e-tjanster-och-blanketter/sok-utstationering/?id=7f85787e-f520-474d-98b1-08d944f46adb&E=System.String[];1;SCANEST OU | Svartövägen 20 97437 Luleå | 4 | Läs mer
2026-09-30;10:27:23+0000;Scaff-Tech Maja Laskowska;Maskinvägen 16 97254 Luleå;6;Luleå;https://www.av.se/arbetsmiljoarbete-och-inspektioner/e-tjanster-och-blanketter/sok-utstationering/?id=461a4b6d-a3ee-42ba-c7af-08ddad63622e&E=System.String[];1;Scaff-Tech Maja Laskowska | Maskinvägen 16 97254 Luleå | 6 | Läs mer
2026-09-30;10:27:23+0000;SBS MANAGEMENT SP. Z O.O.;Småbåtsgatan 1 97235 Luleå;19;Luleå;https://www.av.se/arbetsmiljoarbete-och-inspektioner/e-tjanster-och-blanketter/sok-utstationering/?id=a52db6cf-1b51-4053-5477-08de4ce56eeb&E=System.String[];1;SBS MANAGEMENT SP. Z O.O. | Småbåtsgatan 1 97235 Luleå | 19 | Läs mer
2026-09-30;10:27:23+0000;RSK NORD;Handelsvägen 19 97345 Luleå;3;Luleå;https://www.av.se/arbetsmiljoarbete-och-inspektioner/e-tjanster-och-blanketter/sok-utstationering/?id=6afc0d3d-aac5-4796-83e5-08de12bfcc0c&E=System.String[];1;RSK NORD | Handelsvägen 19 97345 Luleå | 3 | Läs mer
2026-09-30;10:27:23+0000;Restak Tornio Oy;Holmarvägen 153 97598 Luleå;18;Luleå;https://www.av.se/arbetsmiljoarbete-och-inspektioner/e-tjanster-och-blanketter/sok-utstationering/?id=fb6d2424-c199-4b1b-63e4-08df13a80524&E=System.String[];1;Restak Tornio Oy | Holmarvägen 153 97598 Luleå | 18 | Läs mer
2026-09-30;10:27:23+0000;Restak Tornio Oy;Långnäsvägen 30 97593 Luleå;18;Luleå;https://www.av.se/arbetsmiljoarbete-och-inspektioner/e-tjanster-och-blanketter/sok-utstationering/?id=bf84580b-ac01-4387-63e6-08df13a80524&E=System.String[];1;Restak Tornio Oy | Långnäsvägen 30 97593 Luleå | 18 | Läs mer
2026-09-30;10:27:23+0000;Rejlers Finland Oy;Svartövägen 22 97437 Luleå;1;Luleå;https://www.av.se/arbetsmiljoarbete-och-inspektioner/e-tjanster-och-blanketter/sok-utstationering/?id=cd98fb1a-a7be-4699-3f0c-08de7f357c80&E=System.String[];1;Rejlers Finland Oy | Svartövägen 22 97437 Luleå | 1 | Läs mer
2026-09-30;10:27:23+0000;RBTEAM SP Z O.O;Svartövägen 22 97437 Luleå;4;Luleå;https://www.av.se/arbetsmiljoarbete-och-inspektioner/e-tjanster-och-blanketter/sok-utstationering/?id=3606adfc-1511-481f-74a6-08de00565b6e&E=System.String[];1;RBTEAM SP Z O.O | Svartövägen 22 97437 Luleå | 4 | Läs mer
2026-09-30;10:27:23+0000;QSI Consulting Ltd;Svartövägen 20 97437 Luleå;5;Luleå;https://www.av.se/arbetsmiljoarbete-och-inspektioner/e-tjanster-och-blanketter/sok-utstationering/?id=a20c4128-07a7-4afc-c18a-08de715aebcf&E=System.String[];1;QSI Consulting Ltd | Svartövägen 20 97437 Luleå | 5 | Läs mer
2026-09-30;10:27:23+0000;Proside OÜ;Teknikens hus väg 2 97754 Luleå;6;Luleå;https://www.av.se/arbetsmiljoarbete-och-inspektioner/e-tjanster-och-blanketter/sok-utstationering/?id=9dd5c854-dbe5-45ad-da40-08df03347e6c&E=System.String[];1;Proside OÜ | Teknikens hus väg 2 97754 Luleå | 6 | Läs mer
2026-09-30;10:27:23+0000;ProPiling Oy;Nordkalottvägen 3 97254 Luleå;2;Luleå;https://www.av.se/arbetsmiljoarbete-och-inspektioner/e-tjanster-och-blanketter/sok-utstationering/?id=0392b34b-d4ef-4d0a-09a0-08deeb94af0b&E=System.String[];1;ProPiling Oy | Nordkalottvägen 3 97254 Luleå | 2 | Läs mer
2026-09-30;10:27:23+0000;ProPiling Oy;Svartövägen 22 97437 Luleå;11;Luleå;https://www.av.se/arbetsmiljoarbete-och-inspektioner/e-tjanster-och-blanketter/sok-utstationering/?id=3482cb1e-e747-4fea-09a2-08deeb94af0b&E=System.String[];1;ProPiling Oy | Svartövägen 22 97437 Luleå | 11 | Läs mer
2026-09-30;10:27:23+0000;ProPiling oy;Svartövägen 22 97437 Luleå;5;Luleå;https://www.av.se/arbetsmiljoarbete-och-inspektioner/e-tjanster-och-blanketter/sok-utstationering/?id=36d7cee9-73fc-463c-e037-08dea5ad07be&E=System.String[];1;ProPiling oy | Svartövägen 22 97437 Luleå | 5 | Läs mer
2026-09-30;10:27:23+0000;PROACTS s.à.r.l.;Svartövägen 20 97437 Luleå;2;Luleå;https://www.av.se/arbetsmiljoarbete-och-inspektioner/e-tjanster-och-blanketter/sok-utstationering/?id=47e09487-8d0d-42f0-9e7c-08de57ecfe68&E=System.String[];1;PROACTS s.à.r.l. | Svartövägen 20 97437 Luleå | 2 | Läs mer
2026-09-30;10:27:23+0000;OÜ Moodul Ekspert;Teknikens hus väg 2 97754 Luleå;17;Luleå;https://www.av.se/arbetsmiljoarbete-och-inspektioner/e-tjanster-och-blanketter/sok-utstationering/?id=7bb40a20-f9f8-4926-3db5-08defc0ccd4d&E=System.String[];1;OÜ Moodul Ekspert | Teknikens hus väg 2 97754 Luleå | 17 | Läs mer
2026-09-30;10:27:23+0000;OÜ Moodul Ekspert;Haparandavägen 300 97596 Luleå;11;Luleå;https://www.av.se/arbetsmiljoarbete-och-inspektioner/e-tjanster-och-blanketter/sok-utstationering/?id=19e7cbcb-78e7-4db0-708a-08deaf089016&E=System.String[];1;OÜ Moodul Ekspert | Haparandavägen 300 97596 Luleå | 11 | Läs mer
2026-09-30;10:27:23+0000;Osterlunds Jordbyggnad;Svartövägen 22 97437 Luleå;3;Luleå;https://www.av.se/arbetsmiljoarbete-och-inspektioner/e-tjanster-och-blanketter/sok-utstationering/?id=4bad3d26-6b61-49b8-5278-08de8fa033d3&E=System.String[];1;Osterlunds Jordbyggnad | Svartövägen 22 97437 Luleå | 3 | Läs mer
2026-09-30;10:27:23+0000;NORD KRAFT COMPANY;Hantverksvägen 8 95433 Gammelstad;2;Luleå;https://www.av.se/arbetsmiljoarbete-och-inspektioner/e-tjanster-och-blanketter/sok-utstationering/?id=1b1ae553-c568-4273-83e3-08deba1a6b82&E=System.String[];1;NORD KRAFT COMPANY | Hantverksvägen 8 95433 Gammelstad | 2 | Läs mer
2026-09-30;10:27:23+0000;Niskasen Maansiirto Oy;Svartövägen 22 97437 Luleå;14;Luleå;https://www.av.se/arbetsmiljoarbete-och-inspektioner/e-tjanster-och-blanketter/sok-utstationering/?id=e7cb19fa-daae-4093-708c-08deaf089016&E=System.String[];1;Niskasen Maansiirto Oy | Svartövägen 22 97437 Luleå | 14 | Läs mer
2026-09-30;10:27:23+0000;Mitta Oy;Svartövägen 22 97437 Luleå;4;Luleå;https://www.av.se/arbetsmiljoarbete-och-inspektioner/e-tjanster-och-blanketter/sok-utstationering/?id=1a073ab4-af30-47c9-4172-08dea4148c97&E=System.String[];1;Mitta Oy | Svartövägen 22 97437 Luleå | 4 | Läs mer
2026-09-30;10:27:23+0000;Mercury Engineering Limited;Datavägen 10 97754 Luleå;1;Luleå;https://www.av.se/arbetsmiljoarbete-och-inspektioner/e-tjanster-och-blanketter/sok-utstationering/?id=a6a2c592-2d41-4215-a9bb-08de387cb537&E=System.String[];1;Mercury Engineering Limited | Datavägen 10 97754 Luleå | 1 | Läs mer
2026-09-30;10:27:23+0000;KLM Ehitus OÜ;Haparandavägen 300 97596 Luleå;11;Luleå;https://www.av.se/arbetsmiljoarbete-och-inspektioner/e-tjanster-och-blanketter/sok-utstationering/?id=c8357ab5-ee0d-4f1b-70a1-08deaf089016&E=System.String[];1;KLM Ehitus OÜ | Haparandavägen 300 97596 Luleå | 11 | Läs mer
2026-09-30;10:27:23+0000;K-LAGAN ESPAÑA, S.L.U.;Svartövägen 22 97437 Luleå;1;Luleå;https://www.av.se/arbetsmiljoarbete-och-inspektioner/e-tjanster-och-blanketter/sok-utstationering/?id=45bbe1db-54ee-4e31-4bec-08dedb16682e&E=System.String[];1;K-LAGAN ESPAÑA, S.L.U. | Svartövägen 22 97437 Luleå | 1 | Läs mer
2026-09-30;10:27:23+0000;K-LAGAN ESPAÑA, S.L.U.;Svartövägen 22 97437 Luleå;1;Luleå;https://www.av.se/arbetsmiljoarbete-och-inspektioner/e-tjanster-och-blanketter/sok-utstationering/?id=d9d54db4-c6d7-48b0-00ca-08df097a13d5&E=System.String[];1;K-LAGAN ESPAÑA, S.L.U. | Svartövägen 22 97437 Luleå | 1 | Läs mer
2026-09-30;10:27:23+0000;KINTEC RECRUITMENT LIMITED;Svartövägen 22 97437 Luleå;6;Luleå;https://www.av.se/arbetsmiljoarbete-och-inspektioner/e-tjanster-och-blanketter/sok-utstationering/?id=07f55b79-68ef-4e17-3fa8-08de5ef121a2&E=System.String[];1;KINTEC RECRUITMENT LIMITED | Svartövägen 22 97437 Luleå | 6 | Läs mer
2026-09-30;10:27:23+0000;KGS Keller Geräte & Service GmbH;Svartövägen 22 97437 Luleå;3;Luleå;https://www.av.se/arbetsmiljoarbete-och-inspektioner/e-tjanster-och-blanketter/sok-utstationering/?id=35ecf3ea-781d-4c93-e827-08de75bfad34&E=System.String[];1;KGS Keller Geräte & Service GmbH | Svartövägen 22 97437 Luleå | 3 | Läs mer
2026-09-30;10:27:23+0000;Keller Grundbau GmbH;Svartövägen 22 97437 Luleå;6;Luleå;https://www.av.se/arbetsmiljoarbete-och-inspektioner/e-tjanster-och-blanketter/sok-utstationering/?id=56434c09-8b8d-480f-485b-08de7d9afff4&E=System.String[];1;Keller Grundbau GmbH | Svartövägen 22 97437 Luleå | 6 | Läs mer
2026-09-30;10:27:23+0000;Keller Group Plc;Svartövägen 22 97437 Luleå;3;Luleå;https://www.av.se/arbetsmiljoarbete-och-inspektioner/e-tjanster-och-blanketter/sok-utstationering/?id=ff9b6f87-6b62-454a-897a-08dea1bee328&E=System.String[];1;Keller Group Plc | Svartövägen 22 97437 Luleå | 3 | Läs mer
2026-09-30;10:27:23+0000;Keller Group Plc;Svartövägen 22 97437 Luleå;1;Luleå;https://www.av.se/arbetsmiljoarbete-och-inspektioner/e-tjanster-och-blanketter/sok-utstationering/?id=cd75e774-1a2c-4034-8a14-08df19f7e3f2&E=System.String[];1;Keller Group Plc | Svartövägen 22 97437 Luleå | 1 | Läs mer
2026-09-30;10:27:23+0000;Keller Fondazioni SRL;Svartövägen 22 97437 Luleå;1;Luleå;https://www.av.se/arbetsmiljoarbete-och-inspektioner/e-tjanster-och-blanketter/sok-utstationering/?id=52c36e9c-187a-4d19-4ab2-08df146b5fd2&E=System.String[];1;Keller Fondazioni SRL | Svartövägen 22 97437 Luleå | 1 | Läs mer
2026-09-30;10:27:23+0000;JIS-Urakointi Oy;Svartövägen 22 97437 Luleå;3;Luleå;https://www.av.se/arbetsmiljoarbete-och-inspektioner/e-tjanster-och-blanketter/sok-utstationering/?id=df279731-69e3-453d-50d5-08df1d1886e1&E=System.String[];1;JIS-Urakointi Oy | Svartövägen 22 97437 Luleå | 3 | Läs mer
2026-09-30;10:27:23+0000;IDOM ENGENHARIA - SERVIÇOS DE ENGENHARIA E CONSULTORIA, LDA;Svartövägen 22 97437 Luleå;1;Luleå;https://www.av.se/arbetsmiljoarbete-och-inspektioner/e-tjanster-och-blanketter/sok-utstationering/?id=05b93bae-f42b-4dff-e5e6-08de6475ef08&E=System.String[];1;IDOM ENGENHARIA - SERVIÇOS DE ENGENHARIA E CONSULTORIA, LDA | Svartövägen 22 97437 Luleå | 1 | Läs mer
2026-09-30;10:27:23+0000;IDOM CONSULTING ENGINEERING ARCHITECTURE SAU;Svartövägen 22 97437 Luleå;13;Luleå;https://www.av.se/arbetsmiljoarbete-och-inspektioner/e-tjanster-och-blanketter/sok-utstationering/?id=e13d76b4-d889-475b-c1c3-08de51987b9a&E=System.String[];2;IDOM CONSULTING ENGINEERING ARCHITECTURE SAU | Svartövägen 22 97437 Luleå | 13 | Läs mer
2026-09-30;10:27:23+0000;Geosystems s.r.o.;Svartövägen 22 97437 Luleå;6;Luleå;https://www.av.se/arbetsmiljoarbete-och-inspektioner/e-tjanster-och-blanketter/sok-utstationering/?id=33d5e7d2-ec0b-42c2-5ed6-08de4c2495f0&E=System.String[];2;Geosystems s.r.o. | Svartövägen 22 97437 Luleå | 6 | Läs mer
2026-09-30;10:27:23+0000;GEO Fundamentering & Bergboring AS;Svartövägen 22 97437 Luleå;4;Luleå;https://www.av.se/arbetsmiljoarbete-och-inspektioner/e-tjanster-och-blanketter/sok-utstationering/?id=a9ca633f-9c04-4ac2-eb5c-08dec83892d0&E=System.String[];2;GEO Fundamentering & Bergboring AS | Svartövägen 22 97437 Luleå | 4 | Läs mer
2026-09-30;10:27:23+0000;Geis Eurocargo GmbH;Sjukhusvägen 10 95442 Södra Sunderbyn;4;Luleå;https://www.av.se/arbetsmiljoarbete-och-inspektioner/e-tjanster-och-blanketter/sok-utstationering/?id=48293330-7c4f-49b5-b16d-08d9db175799&E=System.String[];2;Geis Eurocargo GmbH | Sjukhusvägen 10 95442 Södra Sunderbyn | 4 | Läs mer
2026-09-30;10:27:23+0000;Fortis Associates Ltd;Svartövägen 22 97437 Luleå;8;Luleå;https://www.av.se/arbetsmiljoarbete-och-inspektioner/e-tjanster-och-blanketter/sok-utstationering/?id=10512d5c-4473-4a2a-0938-08de290aab5b&E=System.String[];2;Fortis Associates Ltd | Svartövägen 22 97437 Luleå | 8 | Läs mer
2026-09-30;10:27:23+0000;FIRESCUE ApS;Betongvägen 15 97345 Luleå;1;Luleå;https://www.av.se/arbetsmiljoarbete-och-inspektioner/e-tjanster-och-blanketter/sok-utstationering/?id=0ca5632c-b60e-4695-dd2e-08de6c86c4d3&E=System.String[];2;FIRESCUE ApS | Betongvägen 15 97345 Luleå | 1 | Läs mer
2026-09-30;10:27:23+0000;Fimpec PMO Oy;Svartövägen 22 97437 Luleå;2;Luleå;https://www.av.se/arbetsmiljoarbete-och-inspektioner/e-tjanster-och-blanketter/sok-utstationering/?id=65473ec7-2c4c-4acd-8152-08de7e5e8497&E=System.String[];2;Fimpec PMO Oy | Svartövägen 22 97437 Luleå | 2 | Läs mer
2026-09-30;10:27:23+0000;Fimpec PMO Oy;Svartövägen 20 97437 Luleå;1;Luleå;https://www.av.se/arbetsmiljoarbete-och-inspektioner/e-tjanster-och-blanketter/sok-utstationering/?id=50245ce8-de92-4dcc-8150-08de7e5e8497&E=System.String[];2;Fimpec PMO Oy | Svartövägen 20 97437 Luleå | 1 | Läs mer
2026-09-30;10:27:23+0000;Emerald Core Construction Trading as The Advantage Ireland;Uddebovägen 1 97437 Luleå;1;Luleå;https://www.av.se/arbetsmiljoarbete-och-inspektioner/e-tjanster-och-blanketter/sok-utstationering/?id=8da4f1e2-e554-43df-4c02-08de704829f1&E=System.String[];2;Emerald Core Construction Trading as The Advantage Ireland | Uddebovägen 1 97437 Luleå | 1 | Läs mer
2026-09-30;10:27:23+0000;Emerald Core Construction Trading as The Advantage Ireland;Svartövägen 22 97437 Luleå;2;Luleå;https://www.av.se/arbetsmiljoarbete-och-inspektioner/e-tjanster-och-blanketter/sok-utstationering/?id=ffa85eb9-183a-4ef6-4d6d-08de75022dc1&E=System.String[];2;Emerald Core Construction Trading as The Advantage Ireland | Svartövägen 22 97437 Luleå | 2 | Läs mer
2026-09-30;10:27:23+0000;Destia Oy;Svartövägen 22 97437 Luleå;5;Luleå;https://www.av.se/arbetsmiljoarbete-och-inspektioner/e-tjanster-och-blanketter/sok-utstationering/?id=c5b78ca9-993c-4e1e-2a3f-08deb561d804&E=System.String[];2;Destia Oy | Svartövägen 22 97437 Luleå | 5 | Läs mer
2026-09-30;10:27:23+0000;Destia Oy;Svartövägen 22 97437 Luleå;3;Luleå;https://www.av.se/arbetsmiljoarbete-och-inspektioner/e-tjanster-och-blanketter/sok-utstationering/?id=ebb0e441-f609-4cb0-098c-08deeb94af0b&E=System.String[];2;Destia Oy | Svartövägen 22 97437 Luleå | 3 | Läs mer
2026-09-30;10:27:23+0000;Destia Oy;Svartövägen 22 97437 Luleå;8;Luleå;https://www.av.se/arbetsmiljoarbete-och-inspektioner/e-tjanster-och-blanketter/sok-utstationering/?id=aa7f1251-1cb3-4dcd-2a4b-08deb561d804&E=System.String[];2;Destia Oy | Svartövägen 22 97437 Luleå | 8 | Läs mer
2026-09-30;10:27:23+0000;Deel Germany GmbH;Svartövägen 22 97437 Luleå;1;Luleå;https://www.av.se/arbetsmiljoarbete-och-inspektioner/e-tjanster-och-blanketter/sok-utstationering/?id=a23b74c0-cb77-46fa-4ab1-08df146b5fd2&E=System.String[];2;Deel Germany GmbH | Svartövägen 22 97437 Luleå | 1 | Läs mer
2026-09-30;10:27:23+0000;Crane Norway Midt-Norge AS;Svartövägen 22 97437 Luleå;3;Luleå;https://www.av.se/arbetsmiljoarbete-och-inspektioner/e-tjanster-och-blanketter/sok-utstationering/?id=53e4169d-601b-4770-e036-08de5c97ab07&E=System.String[];2;Crane Norway Midt-Norge AS | Svartövägen 22 97437 Luleå | 3 | Läs mer
2026-09-30;10:27:23+0000;Construction Solutions sp. z o.o;Maskinvägen 16 97254 Luleå;6;Luleå;https://www.av.se/arbetsmiljoarbete-och-inspektioner/e-tjanster-och-blanketter/sok-utstationering/?id=7cc83e20-8146-4367-86b6-08dec6a966a4&E=System.String[];2;Construction Solutions sp. z o.o | Maskinvägen 16 97254 Luleå | 6 | Läs mer
2026-09-30;10:27:23+0000;Construction Solutions sp. z o.o;Långbackavägen 10 97595 Luleå;1;Luleå;https://www.av.se/arbetsmiljoarbete-och-inspektioner/e-tjanster-och-blanketter/sok-utstationering/?id=e817cf90-3d8a-4168-6007-08df179bc8c0&E=System.String[];2;Construction Solutions sp. z o.o | Långbackavägen 10 97595 Luleå | 1 | Läs mer
2026-09-30;10:27:23+0000;Carina Solutions Oy;Svartövägen 22 97437 Luleå;7;Luleå;https://www.av.se/arbetsmiljoarbete-och-inspektioner/e-tjanster-och-blanketter/sok-utstationering/?id=a1d3e2df-bebc-451a-4fe5-08de10608a63&E=System.String[];2;Carina Solutions Oy | Svartövägen 22 97437 Luleå | 7 | Läs mer
2026-09-30;10:27:23+0000;BMS Heavy Cranes A/S;Betongvägen 15 97345 Luleå;2;Luleå;https://www.av.se/arbetsmiljoarbete-och-inspektioner/e-tjanster-och-blanketter/sok-utstationering/?id=61497395-2aac-4f67-f20f-08df1ea82e22&E=System.String[];2;BMS Heavy Cranes A/S | Betongvägen 15 97345 Luleå | 2 | Läs mer
2026-09-30;10:27:23+0000;Binks Overseas Nordics ApS;Svartövägen 22 97437 Luleå;1;Luleå;https://www.av.se/arbetsmiljoarbete-och-inspektioner/e-tjanster-och-blanketter/sok-utstationering/?id=1d7a6c55-6e6b-4f90-9cd3-08decc209259&E=System.String[];2;Binks Overseas Nordics ApS | Svartövägen 22 97437 Luleå | 1 | Läs mer
2026-09-30;10:27:23+0000;AFRY Finland Oy;Svartövägen 22 97437 Luleå;42;Luleå;https://www.av.se/arbetsmiljoarbete-och-inspektioner/e-tjanster-och-blanketter/sok-utstationering/?id=af9de40e-42f9-434b-4bf2-08de704829f1&E=System.String[];2;AFRY Finland Oy | Svartövägen 22 97437 Luleå | 42 | Läs mer
2026-09-30;10:27:23+0000;AETHERIZE SYSTEMS, SL;Svartövägen 22 97437 Luleå;1;Luleå;https://www.av.se/arbetsmiljoarbete-och-inspektioner/e-tjanster-och-blanketter/sok-utstationering/?id=029c27a3-c841-497a-4f3a-08de8bc612a9&E=System.String[];2;AETHERIZE SYSTEMS, SL | Svartövägen 22 97437 Luleå | 1 | Läs mer
2026-09-30;10:27:23+0000;AETHERIZE SL;Svartövägen 22 97437 Luleå;1;Luleå;https://www.av.se/arbetsmiljoarbete-och-inspektioner/e-tjanster-och-blanketter/sok-utstationering/?id=75b3150c-bc29-4a74-3dae-08defc0ccd4d&E=System.String[];2;AETHERIZE SL | Svartövägen 22 97437 Luleå | 1 | Läs mer
2026-09-30;10:27:23+0000;Österlunds Jordbyggnad;Stålverket 20 96140 Boden;1;Boden;https://www.av.se/arbetsmiljoarbete-och-inspektioner/e-tjanster-och-blanketter/sok-utstationering/?id=b8cb0b9f-eeb0-4404-50f7-08df1d1886e1&E=System.String[];1;Österlunds Jordbyggnad | Stålverket 20 96140 Boden | 1 | Läs mer
2026-09-30;10:27:23+0000;"ZAKLAD OBSLUGI HOLDINGU ""ZOH"" Sp. z o.o.";Stålverket 20 96140 Boden;5;Boden;https://www.av.se/arbetsmiljoarbete-och-inspektioner/e-tjanster-och-blanketter/sok-utstationering/?id=2da14d0f-e6bf-461c-9bd1-08df0f60d3d1&E=System.String[];1;"ZAKLAD OBSLUGI HOLDINGU ""ZOH"" Sp. z o.o. | Stålverket 20 96140 Boden | 5 | Läs mer"
2026-09-30;10:27:23+0000;Vt & Kumpp. Construction Oy;Stålverket 20 96140 Boden;5;Boden;https://www.av.se/arbetsmiljoarbete-och-inspektioner/e-tjanster-och-blanketter/sok-utstationering/?id=0afa0d93-eb69-4aa6-15f5-08ddb209085d&E=System.String[];1;Vt & Kumpp. Construction Oy | Stålverket 20 96140 Boden | 5 | Läs mer
2026-09-30;10:27:23+0000;WQ Master oy;Stålverket 20 96140 Boden;1;Boden;https://www.av.se/arbetsmiljoarbete-och-inspektioner/e-tjanster-och-blanketter/sok-utstationering/?id=b557ee5f-ea4e-451c-13e3-08ddeb728b8d&E=System.String[];1;WQ Master oy | Stålverket 20 96140 Boden | 1 | Läs mer
2026-09-30;10:27:23+0000;WPI pro service;Bullerleden 5 96167 Boden;2;Boden;https://www.av.se/arbetsmiljoarbete-och-inspektioner/e-tjanster-och-blanketter/sok-utstationering/?id=62af04e0-2969-49f4-5ec5-08def11eb407&E=System.String[];1;WPI pro service | Bullerleden 5 96167 Boden | 2 | Läs mer
2026-09-30;10:27:23+0000;Workforsa Nord OÜ;Stålverket 20 96140 Boden;47;Boden;https://www.av.se/arbetsmiljoarbete-och-inspektioner/e-tjanster-och-blanketter/sok-utstationering/?id=35b2d0f3-a8b4-486f-c3ad-08def7577433&E=System.String[];1;Workforsa Nord OÜ | Stålverket 20 96140 Boden | 47 | Läs mer
2026-09-30;10:27:23+0000;Volvo Construction Equipment Finland Oy;Stålverket 20 96140 Boden;3;Boden;https://www.av.se/arbetsmiljoarbete-och-inspektioner/e-tjanster-och-blanketter/sok-utstationering/?id=d4d1045c-c60e-43a6-7c89-08dc53ebc584&E=System.String[];1;Volvo Construction Equipment Finland Oy | Stålverket 20 96140 Boden | 3 | Läs mer
2026-09-30;10:27:23+0000;VMAT CONSTRUCTION;Stålverket 20 96140 Boden;4;Boden;https://www.av.se/arbetsmiljoarbete-och-inspektioner/e-tjanster-och-blanketter/sok-utstationering/?id=b679b740-95ed-4079-8977-08dea1bee328&E=System.String[];1;VMAT CONSTRUCTION | Stålverket 20 96140 Boden | 4 | Läs mer
2026-09-30;10:27:23+0000;VLAVI Resurss;Stålverket 20 96140 Boden;13;Boden;https://www.av.se/arbetsmiljoarbete-och-inspektioner/e-tjanster-och-blanketter/sok-utstationering/?id=d2d420fb-85d3-43b6-e4fb-08df1ac5a792&E=System.String[];1;VLAVI Resurss | Stålverket 20 96140 Boden | 13 | Läs mer
2026-09-30;10:27:23+0000;Viorenicom SRL;Stålverket 20 96140 Boden;88;Boden;https://www.av.se/arbetsmiljoarbete-och-inspektioner/e-tjanster-och-blanketter/sok-utstationering/?id=00c4be3b-357f-4ed5-4bd7-08dedb16682e&E=System.String[];1;Viorenicom SRL | Stålverket 20 96140 Boden | 88 | Läs mer
2026-09-30;10:27:23+0000;Viorenicom SRL;Abramsvägen 40 96196 Boden;19;Boden;https://www.av.se/arbetsmiljoarbete-och-inspektioner/e-tjanster-och-blanketter/sok-utstationering/?id=ee626b08-338a-44d0-1ff6-08ded738b3ad&E=System.String[];1;Viorenicom SRL | Abramsvägen 40 96196 Boden | 19 | Läs mer
2026-09-30;10:27:23+0000;Welado Oy;Stålverket 20 96140 Boden;1;Boden;https://www.av.se/arbetsmiljoarbete-och-inspektioner/e-tjanster-och-blanketter/sok-utstationering/?id=8cb16077-4e3d-4fda-ac54-08de6eb16eb1&E=System.String[];1;Welado Oy | Stålverket 20 96140 Boden | 1 | Läs mer
2026-09-30;10:27:23+0000;VecTrance;Stålverket 20 96140 Boden;2;Boden;https://www.av.se/arbetsmiljoarbete-och-inspektioner/e-tjanster-och-blanketter/sok-utstationering/?id=5944e763-f927-4b70-b44f-08de1cfb8be1&E=System.String[];1;VecTrance | Stålverket 20 96140 Boden | 2 | Läs mer
2026-09-30;10:27:23+0000;Vaseliinimonni Holding Oy;Stålverket 20 96140 Boden;16;Boden;https://www.av.se/arbetsmiljoarbete-och-inspektioner/e-tjanster-och-blanketter/sok-utstationering/?id=694fc050-9a26-4c04-ce8c-08de8ee214d5&E=System.String[];1;Vaseliinimonni Holding Oy | Stålverket 20 96140 Boden | 16 | Läs mer
2026-09-30;10:27:23+0000;Vara-Ville oy;Stålverket 20 96140 Boden;1;Boden;https://www.av.se/arbetsmiljoarbete-och-inspektioner/e-tjanster-och-blanketter/sok-utstationering/?id=a2fb6c00-cebc-4bf0-5f63-08dd9370e1bd&E=System.String[];1;Vara-Ville oy | Stålverket 20 96140 Boden | 1 | Läs mer
2026-09-30;10:27:23+0000;UAB/JSC WELDWORK;Stålverket 20 96140 Boden;1;Boden;https://www.av.se/arbetsmiljoarbete-och-inspektioner/e-tjanster-och-blanketter/sok-utstationering/?id=d0ac8163-c1cc-4ba4-bf32-08df12e5d714&E=System.String[];1;UAB/JSC WELDWORK | Stålverket 20 96140 Boden | 1 | Läs mer
2026-09-30;10:27:23+0000;UAB Vaibloka;Bullerleden 5 96167 Boden;6;Boden;https://www.av.se/arbetsmiljoarbete-och-inspektioner/e-tjanster-och-blanketter/sok-utstationering/?id=f5860d99-4df4-44ce-5fce-08ddc4f010f9&E=System.String[];1;UAB Vaibloka | Bullerleden 5 96167 Boden | 6 | Läs mer
2026-09-30;10:27:23+0000;UAB NORDMONTA;Stålverket 20 96140 Boden;47;Boden;https://www.av.se/arbetsmiljoarbete-och-inspektioner/e-tjanster-och-blanketter/sok-utstationering/?id=30588316-2efb-4b5e-4369-08dd968d3614&E=System.String[];1;UAB NORDMONTA | Stålverket 20 96140 Boden | 47 | Läs mer
2026-09-30;10:27:23+0000;UAB NDT POWER;Stålverket 20 96140 Boden;6;Boden;https://www.av.se/arbetsmiljoarbete-och-inspektioner/e-tjanster-och-blanketter/sok-utstationering/?id=2555f7ab-5efe-4ce2-9e2e-08de99e7e689&E=System.String[];1;UAB NDT POWER | Stålverket 20 96140 Boden | 6 | Läs mer
2026-09-30;10:27:23+0000;UAB NDT POWER;Stålverket 20 96140 Boden;4;Boden;https://www.av.se/arbetsmiljoarbete-och-inspektioner/e-tjanster-och-blanketter/sok-utstationering/?id=f5564993-fd6c-4be6-68bf-08de8964fe7e&E=System.String[];1;UAB NDT POWER | Stålverket 20 96140 Boden | 4 | Läs mer
2026-09-30;10:27:23+0000;UAB MARINO GRUPE;Bullerleden 5 96167 Boden;3;Boden;https://www.av.se/arbetsmiljoarbete-och-inspektioner/e-tjanster-och-blanketter/sok-utstationering/?id=7facc5b6-576e-497d-75ea-08ded0e3a0e2&E=System.String[];1;UAB MARINO GRUPE | Bullerleden 5 96167 Boden | 3 | Läs mer
2026-09-30;10:27:23+0000;UAB LITLAFTAS;Brogatan 32 96164 Boden;2;Boden;https://www.av.se/arbetsmiljoarbete-och-inspektioner/e-tjanster-och-blanketter/sok-utstationering/?id=5fec89f1-5f1c-4332-3dc6-08defc0ccd4d&E=System.String[];1;UAB LITLAFTAS | Brogatan 32 96164 Boden | 2 | Läs mer
2026-09-30;10:27:23+0000;UAB ESP Projects;Stålverket 20 96140 Boden;8;Boden;https://www.av.se/arbetsmiljoarbete-och-inspektioner/e-tjanster-och-blanketter/sok-utstationering/?id=3e180d4a-9313-40e6-e0cd-08de857c7a9f&E=System.String[];1;UAB ESP Projects | Stålverket 20 96140 Boden | 8 | Läs mer
2026-09-30;10:27:23+0000;UAB Co-techna;Stålverket 20 96140 Boden;2;Boden;https://www.av.se/arbetsmiljoarbete-och-inspektioner/e-tjanster-och-blanketter/sok-utstationering/?id=fcd1454c-e713-41fb-f620-08ded59cff7c&E=System.String[];1;UAB Co-techna | Stålverket 20 96140 Boden | 2 | Läs mer
2026-09-30;10:27:23+0000;UAB Cebeco grupe;Stålverket 20 96140 Boden;4;Boden;https://www.av.se/arbetsmiljoarbete-och-inspektioner/e-tjanster-och-blanketter/sok-utstationering/?id=40adaca7-ccf6-4664-099f-08deeb94af0b&E=System.String[];1;UAB Cebeco grupe | Stålverket 20 96140 Boden | 4 | Läs mer
2026-09-30;10:27:23+0000;UAB BSW Engineering;Stålverket 20 96140 Boden;5;Boden;https://www.av.se/arbetsmiljoarbete-och-inspektioner/e-tjanster-och-blanketter/sok-utstationering/?id=f0e8927c-dd09-4ba4-4be2-08dd7bdd3c23&E=System.String[];1;UAB BSW Engineering | Stålverket 20 96140 Boden | 5 | Läs mer
2026-09-30;10:27:23+0000;Turun Nostopalvelu Oy;Stålverket 20 96140 Boden;1;Boden;https://www.av.se/arbetsmiljoarbete-och-inspektioner/e-tjanster-och-blanketter/sok-utstationering/?id=bf61e8f1-2de7-48ba-052c-08de8b01447d&E=System.String[];1;Turun Nostopalvelu Oy | Stålverket 20 96140 Boden | 1 | Läs mer
2026-09-30;10:27:23+0000;Turun Nostopalvelu Oy;Stålverket 20 96140 Boden;25;Boden;https://www.av.se/arbetsmiljoarbete-och-inspektioner/e-tjanster-och-blanketter/sok-utstationering/?id=6b507b8d-98e4-4eca-c586-08dcd5acc077&E=System.String[];1;Turun Nostopalvelu Oy | Stålverket 20 96140 Boden | 25 | Läs mer
2026-09-30;10:27:23+0000;TSN GROUP OÜ;Stålverket 20 96140 Boden;13;Boden;https://www.av.se/arbetsmiljoarbete-och-inspektioner/e-tjanster-och-blanketter/sok-utstationering/?id=833d2055-7ba0-4355-b9e7-08de112f3026&E=System.String[];1;TSN GROUP OÜ | Stålverket 20 96140 Boden | 13 | Läs mer
2026-09-30;10:27:23+0000;TSN GROUP OÜ;Stålverket 20 96140 Boden;24;Boden;https://www.av.se/arbetsmiljoarbete-och-inspektioner/e-tjanster-och-blanketter/sok-utstationering/?id=30dec422-8166-4811-33de-08de11ef3b7e&E=System.String[];1;TSN GROUP OÜ | Stålverket 20 96140 Boden | 24 | Läs mer
2026-09-30;10:27:23+0000;Transhouse Viitala Oy;Stålverket 20 96140 Boden;1;Boden;https://www.av.se/arbetsmiljoarbete-och-inspektioner/e-tjanster-och-blanketter/sok-utstationering/?id=03f142b3-be88-4b0d-def0-08de95f55368&E=System.String[];1;Transhouse Viitala Oy | Stålverket 20 96140 Boden | 1 | Läs mer
2026-09-30;10:27:23+0000;Tornion Harjateräs Oy;Flarkenvägen 15 Boden;5;Boden;https://www.av.se/arbetsmiljoarbete-och-inspektioner/e-tjanster-och-blanketter/sok-utstationering/?id=c79f1013-33f9-422e-e1de-08dea67520c8&E=System.String[];1;Tornion Harjateräs Oy | Flarkenvägen 15 Boden | 5 | Läs mer
2026-09-30;10:27:23+0000;Tornion Harjateräs Oy;Råbäcken 1 96193 Boden;14;Boden;https://www.av.se/arbetsmiljoarbete-och-inspektioner/e-tjanster-och-blanketter/sok-utstationering/?id=8de227a1-c7be-4a66-3e1e-08def373c9dd&E=System.String[];1;Tornion Harjateräs Oy | Råbäcken 1 96193 Boden | 14 | Läs mer
2026-09-30;10:27:23+0000;Tornion Harjateräs Oy;Flarkenvägen 15 Boden;13;Boden;https://www.av.se/arbetsmiljoarbete-och-inspektioner/e-tjanster-och-blanketter/sok-utstationering/?id=653e4db3-0ec6-43c6-7696-08ded3402585&E=System.String[];1;Tornion Harjateräs Oy | Flarkenvägen 15 Boden | 13 | Läs mer
2026-09-30;10:27:23+0000;Tornion Harjateräs Oy;Stålverket 20 96140 Boden;58;Boden;https://www.av.se/arbetsmiljoarbete-och-inspektioner/e-tjanster-och-blanketter/sok-utstationering/?id=2634f3b6-ee87-4b47-768a-08ded3402585&E=System.String[];1;Tornion Harjateräs Oy | Stålverket 20 96140 Boden | 58 | Läs mer
2026-09-30;10:27:23+0000;TM Kran AS;Stålverket 20 96140 Boden;2;Boden;https://www.av.se/arbetsmiljoarbete-och-inspektioner/e-tjanster-och-blanketter/sok-utstationering/?id=b1c68657-fb37-4408-8f87-08dca08e048d&E=System.String[];1;TM Kran AS | Stålverket 20 96140 Boden | 2 | Läs mer
2026-09-30;10:27:23+0000;thyssenkrupp nucera Italy s.r.l.;Stålverket 20 96140 Boden;3;Boden;https://www.av.se/arbetsmiljoarbete-och-inspektioner/e-tjanster-och-blanketter/sok-utstationering/?id=ca9f1cbf-fd51-47bb-d325-08dd99b4d4cf&E=System.String[];1;thyssenkrupp nucera Italy s.r.l. | Stålverket 20 96140 Boden | 3 | Läs mer
2026-09-30;10:27:23+0000;thyssenkrupp nucera AG & Co. KGaA;Stålverket 20 96140 Boden;1;Boden;https://www.av.se/arbetsmiljoarbete-och-inspektioner/e-tjanster-och-blanketter/sok-utstationering/?id=90b7064a-58cc-4204-40a2-08dd9dae5d32&E=System.String[];1;thyssenkrupp nucera AG & Co. KGaA | Stålverket 20 96140 Boden | 1 | Läs mer
2026-09-30;10:27:23+0000;thyssenkrupp nucera AG & Co. KGaA;Stålverket 20 96140 Boden;1;Boden;https://www.av.se/arbetsmiljoarbete-och-inspektioner/e-tjanster-och-blanketter/sok-utstationering/?id=0d80cd20-aee4-4864-d348-08dd99b4d4cf&E=System.String[];1;thyssenkrupp nucera AG & Co. KGaA | Stålverket 20 96140 Boden | 1 | Läs mer
2026-09-30;10:27:23+0000;Techno Services SRL;Stålverket 20 96140 Boden;1;Boden;https://www.av.se/arbetsmiljoarbete-och-inspektioner/e-tjanster-och-blanketter/sok-utstationering/?id=d60acdb3-66bd-4837-fdfc-08dd68421f52&E=System.String[];1;Techno Services SRL | Stålverket 20 96140 Boden | 1 | Läs mer
2026-09-30;10:27:23+0000;TECH ENGINEERING SERVICE PROVIDER SRL;Stålverket 20 96140 Boden;1;Boden;https://www.av.se/arbetsmiljoarbete-och-inspektioner/e-tjanster-och-blanketter/sok-utstationering/?id=a85b6afd-9906-403b-dad3-08deca9bf7a7&E=System.String[];1;TECH ENGINEERING SERVICE PROVIDER SRL | Stålverket 20 96140 Boden | 1 | Läs mer
2026-09-30;10:27:23+0000;TECH ENGINEERING SERVICE PROVIDER S.R.L.;Sturegatan 5A 96173 Boden;1;Boden;https://www.av.se/arbetsmiljoarbete-och-inspektioner/e-tjanster-och-blanketter/sok-utstationering/?id=5d69b68e-287a-45bf-1216-08debf98a1d5&E=System.String[];1;TECH ENGINEERING SERVICE PROVIDER S.R.L. | Sturegatan 5A 96173 Boden | 1 | Läs mer
2026-09-30;10:27:23+0000;team jussila oy;Stålverket 20 96140 Boden;6;Boden;https://www.av.se/arbetsmiljoarbete-och-inspektioner/e-tjanster-och-blanketter/sok-utstationering/?id=66b34f87-c588-4b29-1dfb-08dc46d18999&E=System.String[];1;team jussila oy | Stålverket 20 96140 Boden | 6 | Läs mer
2026-09-30;10:27:23+0000;Sähköpalvelu Juha Palonen oy;Stålverket 20 96140 Boden;1;Boden;https://www.av.se/arbetsmiljoarbete-och-inspektioner/e-tjanster-och-blanketter/sok-utstationering/?id=3f97d986-f838-43c8-1565-08ddb62845f9&E=System.String[];1;Sähköpalvelu Juha Palonen oy | Stålverket 20 96140 Boden | 1 | Läs mer
2026-09-30;10:27:23+0000;Sweco Polska Sp.z o.o.;Stålverket 20 96140 Boden;9;Boden;https://www.av.se/arbetsmiljoarbete-och-inspektioner/e-tjanster-och-blanketter/sok-utstationering/?id=3bf3827e-70fb-4160-fd53-08dc79536504&E=System.String[];1;Sweco Polska Sp.z o.o. | Stålverket 20 96140 Boden | 9 | Läs mer
2026-09-30;10:27:23+0000;STS SOCIETE TRAVAUX SPECIAUX ALPES;Stålverket 20 96140 Boden;6;Boden;https://www.av.se/arbetsmiljoarbete-och-inspektioner/e-tjanster-och-blanketter/sok-utstationering/?id=d25a3c06-50f4-42bd-2ebc-08de26697691&E=System.String[];1;STS SOCIETE TRAVAUX SPECIAUX ALPES | Stålverket 20 96140 Boden | 6 | Läs mer
2026-09-30;10:27:23+0000;Streams;Teknikvägen 3 96150 Boden;1;Boden;https://www.av.se/arbetsmiljoarbete-och-inspektioner/e-tjanster-och-blanketter/sok-utstationering/?id=b5f531b4-8cb6-423d-3ed2-08de763cb9a9&E=System.String[];1;Streams | Teknikvägen 3 96150 Boden | 1 | Läs mer
2026-09-30;10:27:23+0000;Specialist Technical Services;Stålverket 20 96140 Boden;1;Boden;https://www.av.se/arbetsmiljoarbete-och-inspektioner/e-tjanster-och-blanketter/sok-utstationering/?id=225e13be-acfa-4cdc-a8dd-08de177be62c&E=System.String[];1;Specialist Technical Services | Stålverket 20 96140 Boden | 1 | Läs mer
2026-09-30;10:27:23+0000;Sorox Oy;Stålverket 20 96140 Boden;4;Boden;https://www.av.se/arbetsmiljoarbete-och-inspektioner/e-tjanster-och-blanketter/sok-utstationering/?id=74444fd6-79d8-48c1-6e40-08dde45e170a&E=System.String[];1;Sorox Oy | Stålverket 20 96140 Boden | 4 | Läs mer
2026-09-30;10:27:23+0000;SMS Group GmbH;Stålverket 20 96140 Boden;27;Boden;https://www.av.se/arbetsmiljoarbete-och-inspektioner/e-tjanster-och-blanketter/sok-utstationering/?id=4c91875e-a0a0-4ea2-f8b3-08dd0d0e1d83&E=System.String[];1;SMS Group GmbH | Stålverket 20 96140 Boden | 27 | Läs mer
2026-09-30;10:27:23+0000;SMS group GmbH;Stålverket 20 96140 Boden;1;Boden;https://www.av.se/arbetsmiljoarbete-och-inspektioner/e-tjanster-och-blanketter/sok-utstationering/?id=44e8114b-f080-435f-3699-08de8a2e6bd7&E=System.String[];2;SMS group GmbH | Stålverket 20 96140 Boden | 1 | Läs mer
2026-09-30;10:27:23+0000;SMS group GmbH;Stålverket 20 96140 Boden;16;Boden;https://www.av.se/arbetsmiljoarbete-och-inspektioner/e-tjanster-och-blanketter/sok-utstationering/?id=e2f5c957-c880-4e72-5c58-08deb4955a23&E=System.String[];2;SMS group GmbH | Stålverket 20 96140 Boden | 16 | Läs mer
2026-09-30;10:27:23+0000;SMART GLOBAL ENERGY SRL;Stålverket 20 96140 Boden;94;Boden;https://www.av.se/arbetsmiljoarbete-och-inspektioner/e-tjanster-och-blanketter/sok-utstationering/?id=9089c6be-164c-473e-59ea-08dd9827acca&E=System.String[];2;SMART GLOBAL ENERGY SRL | Stålverket 20 96140 Boden | 94 | Läs mer
2026-09-30;10:27:23+0000;Skanska SK a.s.;Lavettvägen 1 96143 Boden;26;Boden;https://www.av.se/arbetsmiljoarbete-och-inspektioner/e-tjanster-och-blanketter/sok-utstationering/?id=724834dc-1645-441e-69e2-08de96bb1da4&E=System.String[];2;Skanska SK a.s. | Lavettvägen 1 96143 Boden | 26 | Läs mer
2026-09-30;10:27:23+0000;Sisärakenne Kukkola Oy;Stålverket 20 96140 Boden;2;Boden;https://www.av.se/arbetsmiljoarbete-och-inspektioner/e-tjanster-och-blanketter/sok-utstationering/?id=4e0cb3a9-d576-47fd-5ffe-08df179bc8c0&E=System.String[];2;Sisärakenne Kukkola Oy | Stålverket 20 96140 Boden | 2 | Läs mer
2026-09-30;10:27:23+0000;Silverback Staffing Ltd;Stålverket 20 96140 Boden;1;Boden;https://www.av.se/arbetsmiljoarbete-och-inspektioner/e-tjanster-och-blanketter/sok-utstationering/?id=19c11394-1426-4f9d-7519-08ddae2a7822&E=System.String[];2;Silverback Staffing Ltd | Stålverket 20 96140 Boden | 1 | Läs mer
2026-09-30;10:27:23+0000;Silverback Staffing Ltd;Stålverket 20 96140 Boden;3;Boden;https://www.av.se/arbetsmiljoarbete-och-inspektioner/e-tjanster-och-blanketter/sok-utstationering/?id=a471c6b7-d3e3-4f6e-e1c5-08dea67520c8&E=System.String[];2;Silverback Staffing Ltd | Stålverket 20 96140 Boden | 3 | Läs mer
2026-09-30;10:27:23+0000;sigma3D GmbH;Stålverket 20 96140 Boden;2;Boden;https://www.av.se/arbetsmiljoarbete-och-inspektioner/e-tjanster-och-blanketter/sok-utstationering/?id=bf40b732-b75e-4755-85e1-08ded1b3d552&E=System.String[];2;sigma3D GmbH | Stålverket 20 96140 Boden | 2 | Läs mer
2026-09-30;10:27:23+0000;Sibecamontagens Lda;Stålverket 20 96140 Boden;9;Boden;https://www.av.se/arbetsmiljoarbete-och-inspektioner/e-tjanster-och-blanketter/sok-utstationering/?id=19d061c3-de02-4f17-03ae-08df07151491&E=System.String[];2;Sibecamontagens Lda | Stålverket 20 96140 Boden | 9 | Läs mer
2026-09-30;10:27:23+0000;SIA VLAVI RESURSS;Stålverket 20 96140 Boden;13;Boden;https://www.av.se/arbetsmiljoarbete-och-inspektioner/e-tjanster-och-blanketter/sok-utstationering/?id=546e29d0-63d5-4d79-bccd-08ded8b936ef&E=System.String[];2;SIA VLAVI RESURSS | Stålverket 20 96140 Boden | 13 | Läs mer
2026-09-30;10:27:23+0000;"SIA ""FN-SERVISS""";Stålverket 20 96140 Boden;5;Boden;https://www.av.se/arbetsmiljoarbete-och-inspektioner/e-tjanster-och-blanketter/sok-utstationering/?id=ba7e49ea-90cc-4085-18f3-08deb22eb7a0&E=System.String[];2;"SIA ""FN-SERVISS"" | Stålverket 20 96140 Boden | 5 | Läs mer"
2026-09-30;10:27:23+0000;SERVICE POMPAGE FIXE;Stålverket 20 96140 Boden;5;Boden;https://www.av.se/arbetsmiljoarbete-och-inspektioner/e-tjanster-och-blanketter/sok-utstationering/?id=dfa65381-d226-4a0c-aed8-08de322b74da&E=System.String[];2;SERVICE POMPAGE FIXE | Stålverket 20 96140 Boden | 5 | Läs mer
2026-09-30;10:27:23+0000;Sendin;Stålverket 20 96140 Boden;36;Boden;https://www.av.se/arbetsmiljoarbete-och-inspektioner/e-tjanster-och-blanketter/sok-utstationering/?id=28b11e65-ccec-4797-7172-08ddde14e1aa&E=System.String[];2;Sendin | Stålverket 20 96140 Boden | 36 | Läs mer
2026-09-30;10:27:23+0000;SEMISUL POLAND SP Z.O.O;Stålverket 20 96140 Boden;19;Boden;https://www.av.se/arbetsmiljoarbete-och-inspektioner/e-tjanster-och-blanketter/sok-utstationering/?id=46a25629-7a04-49a5-18bd-08de2cb33c5c&E=System.String[];2;SEMISUL POLAND SP Z.O.O | Stålverket 20 96140 Boden | 19 | Läs mer
2026-09-30;10:27:23+0000;Seaside industries UAB;Stålverket 20 96140 Boden;18;Boden;https://www.av.se/arbetsmiljoarbete-och-inspektioner/e-tjanster-och-blanketter/sok-utstationering/?id=30ba8b71-dc3f-41f5-7163-08def2b8250b&E=System.String[];2;Seaside industries UAB | Stålverket 20 96140 Boden | 18 | Läs mer
2026-09-30;10:27:23+0000;SCHWARTZ HAUTMONT, CONSTRUCCIONES METALICAS, S.A.;Stålverket 20 96140 Boden;8;Boden;https://www.av.se/arbetsmiljoarbete-och-inspektioner/e-tjanster-och-blanketter/sok-utstationering/?id=8ab2b746-8085-41d6-d2ce-08dd9757872b&E=System.String[];2;SCHWARTZ HAUTMONT, CONSTRUCCIONES METALICAS, S.A. | Stålverket 20 96140 Boden | 8 | Läs mer
2026-09-30;10:27:23+0000;Schneider Electric Romania SRL;Stålverket 20 96140 Boden;1;Boden;https://www.av.se/arbetsmiljoarbete-och-inspektioner/e-tjanster-och-blanketter/sok-utstationering/?id=fc4f71d5-f3d4-4af5-e1d7-08dea67520c8&E=System.String[];2;Schneider Electric Romania SRL | Stålverket 20 96140 Boden | 1 | Läs mer
2026-09-30;10:27:23+0000;Scanpiping oy;Stålverket 20 96140 Boden;1;Boden;https://www.av.se/arbetsmiljoarbete-och-inspektioner/e-tjanster-och-blanketter/sok-utstationering/?id=80629353-2ffe-4595-2537-08df0d66df3c&E=System.String[];2;Scanpiping oy | Stålverket 20 96140 Boden | 1 | Läs mer
2026-09-30;10:27:23+0000;Scanpiping oy;Stålverket 20 96140 Boden;10;Boden;https://www.av.se/arbetsmiljoarbete-och-inspektioner/e-tjanster-och-blanketter/sok-utstationering/?id=e25ed396-19e6-4b87-ee15-08dee15cb58e&E=System.String[];2;Scanpiping oy | Stålverket 20 96140 Boden | 10 | Läs mer
2026-09-30;10:27:23+0000;Scaff-Tech Maja Laskowska;Stålverket 20 96140 Boden;2;Boden;https://www.av.se/arbetsmiljoarbete-och-inspektioner/e-tjanster-och-blanketter/sok-utstationering/?id=9375bf92-cf50-4926-eb64-08ddb473b801&E=System.String[];2;Scaff-Tech Maja Laskowska | Stålverket 20 96140 Boden | 2 | Läs mer
2026-09-30;10:27:23+0000;Scaff-Mont Group Sp.z.o.o.;Stålverket 20 96140 Boden;75;Boden;https://www.av.se/arbetsmiljoarbete-och-inspektioner/e-tjanster-och-blanketter/sok-utstationering/?id=d9e7430b-3f3d-45db-19fa-08dda324109d&E=System.String[];2;Scaff-Mont Group Sp.z.o.o. | Stålverket 20 96140 Boden | 75 | Läs mer
2026-09-30;10:27:23+0000;Samuli Kalliosalo Oy;Stålverket 20 96140 Boden;1;Boden;https://www.av.se/arbetsmiljoarbete-och-inspektioner/e-tjanster-och-blanketter/sok-utstationering/?id=91c05714-3859-4d03-ca2a-08de20192a63&E=System.String[];2;Samuli Kalliosalo Oy | Stålverket 20 96140 Boden | 1 | Läs mer
2026-09-30;10:27:23+0000;S.S. By Strazzer Solutions;Stålverket 20 96140 Boden;1;Boden;https://www.av.se/arbetsmiljoarbete-och-inspektioner/e-tjanster-och-blanketter/sok-utstationering/?id=3ba28f9e-58dc-4d1b-a2c2-08dd57c0344c&E=System.String[];2;S.S. By Strazzer Solutions | Stålverket 20 96140 Boden | 1 | Läs mer
2026-09-30;10:27:23+0000;Rudus Oy;Stålverket 20 96140 Boden;20;Boden;https://www.av.se/arbetsmiljoarbete-och-inspektioner/e-tjanster-och-blanketter/sok-utstationering/?id=edd711b2-b811-4d58-30e9-08de21b2f932&E=System.String[];2;Rudus Oy | Stålverket 20 96140 Boden | 20 | Läs mer
2026-09-30;10:27:23+0000;Rudus Oy;Stålverket 20 96140 Boden;17;Boden;https://www.av.se/arbetsmiljoarbete-och-inspektioner/e-tjanster-och-blanketter/sok-utstationering/?id=913ffa19-4500-4a52-5ef5-08dbbf3eac14&E=System.String[];2;Rudus Oy | Stålverket 20 96140 Boden | 17 | Läs mer
2026-09-30;10:27:23+0000;RSK NORD;Stålverket 20 96140 Boden;5;Boden;https://www.av.se/arbetsmiljoarbete-och-inspektioner/e-tjanster-och-blanketter/sok-utstationering/?id=92cd0039-2d58-4d8d-c85e-08ddf29d13e0&E=System.String[];2;RSK NORD | Stålverket 20 96140 Boden | 5 | Läs mer
2026-09-30;10:27:23+0000;RNDV Group;Stålverket 20 96140 Boden;7;Boden;https://www.av.se/arbetsmiljoarbete-och-inspektioner/e-tjanster-och-blanketter/sok-utstationering/?id=dd3da091-6443-44c8-f5f6-08ded59cff7c&E=System.String[];2;RNDV Group | Stålverket 20 96140 Boden | 7 | Läs mer
2026-09-30;10:27:23+0000;RM Ylimäki Oy;Stålverket 20 96140 Boden;1;Boden;https://www.av.se/arbetsmiljoarbete-och-inspektioner/e-tjanster-och-blanketter/sok-utstationering/?id=0622b62c-bb08-4b0f-85da-08ded1b3d552&E=System.String[];2;RM Ylimäki Oy | Stålverket 20 96140 Boden | 1 | Läs mer
2026-09-30;10:27:23+0000;Rivest OÜ;Stålverket 20 96140 Boden;7;Boden;https://www.av.se/arbetsmiljoarbete-och-inspektioner/e-tjanster-och-blanketter/sok-utstationering/?id=03cf45f6-fd94-4617-42ee-08de889d29a3&E=System.String[];2;Rivest OÜ | Stålverket 20 96140 Boden | 7 | Läs mer
2026-09-30;10:27:23+0000;Rigger rent sp. z o.o;Stålverket 20 96140 Boden;1;Boden;https://www.av.se/arbetsmiljoarbete-och-inspektioner/e-tjanster-och-blanketter/sok-utstationering/?id=d45de76f-36a6-4704-09b8-08deeb94af0b&E=System.String[];2;Rigger rent sp. z o.o | Stålverket 20 96140 Boden | 1 | Läs mer
2026-09-30;10:27:23+0000;Reston Industries;Stålverket 20 96140 Boden;5;Boden;https://www.av.se/arbetsmiljoarbete-och-inspektioner/e-tjanster-och-blanketter/sok-utstationering/?id=9d348fb1-f8c9-45b9-5a53-08deacb3102c&E=System.String[];2;Reston Industries | Stålverket 20 96140 Boden | 5 | Läs mer
2026-09-30;10:27:23+0000;Restak Tornio Oy;Sjövägen 2A 96137 Boden;18;Boden;https://www.av.se/arbetsmiljoarbete-och-inspektioner/e-tjanster-och-blanketter/sok-utstationering/?id=ac437f2e-9fb8-4287-63e7-08df13a80524&E=System.String[];2;Restak Tornio Oy | Sjövägen 2A 96137 Boden | 18 | Läs mer
2026-09-30;10:27:23+0000;Restak Tornio Oy;Sturegatan 34 96133 Boden;18;Boden;https://www.av.se/arbetsmiljoarbete-och-inspektioner/e-tjanster-och-blanketter/sok-utstationering/?id=6d0ce70b-896e-4e36-63e3-08df13a80524&E=System.String[];2;Restak Tornio Oy | Sturegatan 34 96133 Boden | 18 | Läs mer
2026-09-30;10:27:23+0000;Rentop Oy;Stålverket 20 96140 Boden;1;Boden;https://www.av.se/arbetsmiljoarbete-och-inspektioner/e-tjanster-och-blanketter/sok-utstationering/?id=6f0046d0-25d9-4dae-5a07-08ddf66c9fef&E=System.String[];2;Rentop Oy | Stålverket 20 96140 Boden | 1 | Läs mer
2026-09-30;10:27:23+0000;Q-Build Invest Oy;Stålverket 20 96140 Boden;4;Boden;https://www.av.se/arbetsmiljoarbete-och-inspektioner/e-tjanster-och-blanketter/sok-utstationering/?id=06c899e9-903e-4da3-9395-08deff421407&E=System.String[];2;Q-Build Invest Oy | Stålverket 20 96140 Boden | 4 | Läs mer
2026-09-30;10:27:23+0000;PROXA (PTY) LTD;Stålverket 20 96140 Boden;1;Boden;https://www.av.se/arbetsmiljoarbete-och-inspektioner/e-tjanster-och-blanketter/sok-utstationering/?id=666da03a-cce9-4694-288e-08deedff0851&E=System.String[];2;PROXA (PTY) LTD | Stålverket 20 96140 Boden | 1 | Läs mer
2026-09-30;10:27:23+0000;PROJECT MANAGEMENT ORGANISATION;Stålverket 20 96140 Boden;1;Boden;https://www.av.se/arbetsmiljoarbete-och-inspektioner/e-tjanster-och-blanketter/sok-utstationering/?id=2c714118-330b-45b5-13c5-08de736d751d&E=System.String[];2;PROJECT MANAGEMENT ORGANISATION | Stålverket 20 96140 Boden | 1 | Läs mer
2026-09-30;10:27:23+0000;PRIMEKSS SIA;Stålverket 20 96140 Boden;200;Boden;https://www.av.se/arbetsmiljoarbete-och-inspektioner/e-tjanster-och-blanketter/sok-utstationering/?id=0d143341-2e66-4f8b-e5bd-08de3d3313b3&E=System.String[];2;PRIMEKSS SIA | Stålverket 20 96140 Boden | 200 | Läs mer
2026-09-30;10:27:23+0000;Prefabricación y Montajes del Noroeste;Stålverket 20 96140 Boden;8;Boden;https://www.av.se/arbetsmiljoarbete-och-inspektioner/e-tjanster-och-blanketter/sok-utstationering/?id=56fd87f9-ed16-4769-98e9-08dcba3c502b&E=System.String[];2;Prefabricación y Montajes del Noroeste | Stålverket 20 96140 Boden | 8 | Läs mer
2026-09-30;10:27:23+0000;Pohjois-Suomen Perustuspalvelu Oy;Stålverket 20 96140 Boden;6;Boden;https://www.av.se/arbetsmiljoarbete-och-inspektioner/e-tjanster-och-blanketter/sok-utstationering/?id=44f3f79b-232f-40ba-3325-08def1e8c19e&E=System.String[];2;Pohjois-Suomen Perustuspalvelu Oy | Stålverket 20 96140 Boden | 6 | Läs mer
2026-09-30;10:27:23+0000;Pohjois-Suomen Perustuspalvelu Oy;Stålverket 20 96140 Boden;3;Boden;https://www.av.se/arbetsmiljoarbete-och-inspektioner/e-tjanster-och-blanketter/sok-utstationering/?id=caa581aa-5265-4259-59fd-08dd9827acca&E=System.String[];2;Pohjois-Suomen Perustuspalvelu Oy | Stålverket 20 96140 Boden | 3 | Läs mer
2026-09-30;10:27:23+0000;Pohjanmaan Talotekniikka Oy;Stålverket 20 96140 Boden;3;Boden;https://www.av.se/arbetsmiljoarbete-och-inspektioner/e-tjanster-och-blanketter/sok-utstationering/?id=42279fcf-ce69-4a1c-5918-08de6545b7a6&E=System.String[];2;Pohjanmaan Talotekniikka Oy | Stålverket 20 96140 Boden | 3 | Läs mer
2026-09-30;10:27:23+0000;Peri Suomi Ltd Oy;Stålverket 20 96140 Boden;1;Boden;https://www.av.se/arbetsmiljoarbete-och-inspektioner/e-tjanster-och-blanketter/sok-utstationering/?id=73a09fe2-6fa3-4656-254b-08df0d66df3c&E=System.String[];2;Peri Suomi Ltd Oy | Stålverket 20 96140 Boden | 1 | Läs mer
2026-09-30;10:27:23+0000;PERI A/S;Stålverket 20 96140 Boden;1;Boden;https://www.av.se/arbetsmiljoarbete-och-inspektioner/e-tjanster-och-blanketter/sok-utstationering/?id=1135a395-b5f3-41e8-65b7-08df1867849e&E=System.String[];2;PERI A/S | Stålverket 20 96140 Boden | 1 | Läs mer
2026-09-30;10:27:23+0000;Peak Power Service Oy;Stålverket 20 96140 Boden;3;Boden;https://www.av.se/arbetsmiljoarbete-och-inspektioner/e-tjanster-och-blanketter/sok-utstationering/?id=bd09fb58-4df1-4643-9859-08dea4e9bc99&E=System.String[];2;Peak Power Service Oy | Stålverket 20 96140 Boden | 3 | Läs mer
2026-09-30;10:27:23+0000;Peak Power Service Oy;Stålverket 20 96140 Boden;1;Boden;https://www.av.se/arbetsmiljoarbete-och-inspektioner/e-tjanster-och-blanketter/sok-utstationering/?id=8ef1be35-626b-4e49-3301-08def1e8c19e&E=System.String[];2;Peak Power Service Oy | Stålverket 20 96140 Boden | 1 | Läs mer
2026-09-30;10:27:23+0000;Paul Wurth Italia S.P.A;Stålverket 20 96140 Boden;2;Boden;https://www.av.se/arbetsmiljoarbete-och-inspektioner/e-tjanster-och-blanketter/sok-utstationering/?id=864560c3-b9f9-4eb5-f1ab-08dd4a653a40&E=System.String[];2;Paul Wurth Italia S.P.A | Stålverket 20 96140 Boden | 2 | Läs mer
2026-09-30;10:27:23+0000;Oy NordWest Engineering Ab Ltd.;Lakaträsk 404 Boden;2;Boden;https://www.av.se/arbetsmiljoarbete-och-inspektioner/e-tjanster-och-blanketter/sok-utstationering/?id=a7b6237f-7824-4da7-6489-08def82f4ed9&E=System.String[];2;Oy NordWest Engineering Ab Ltd. | Lakaträsk 404 Boden | 2 | Läs mer
2026-09-30;10:27:23+0000;OÜ Maleva Betoon;Stålverket 20 96140 Boden;9;Boden;https://www.av.se/arbetsmiljoarbete-och-inspektioner/e-tjanster-och-blanketter/sok-utstationering/?id=6accba05-9d05-41b7-43b5-08dd968d3614&E=System.String[];2;OÜ Maleva Betoon | Stålverket 20 96140 Boden | 9 | Läs mer
2026-09-30;10:27:23+0000;OÜ Maleva Betoon;Stålverket 20 96140 Boden;17;Boden;https://www.av.se/arbetsmiljoarbete-och-inspektioner/e-tjanster-och-blanketter/sok-utstationering/?id=7f80e970-400a-4af7-e60d-08defcf0c49c&E=System.String[];2;OÜ Maleva Betoon | Stålverket 20 96140 Boden | 17 | Läs mer
2026-09-30;10:27:23+0000;Oulun Timanttiporaus Oy;Stålverket 20 96140 Boden;2;Boden;https://www.av.se/arbetsmiljoarbete-och-inspektioner/e-tjanster-och-blanketter/sok-utstationering/?id=d7aab501-bfbe-4870-6eb5-08dce8eb0cdb&E=System.String[];3;Oulun Timanttiporaus Oy | Stålverket 20 96140 Boden | 2 | Läs mer
2026-09-30;10:27:23+0000;Osterlunds Jordbyggnad;Stålverket 20 96140 Boden;1;Boden;https://www.av.se/arbetsmiljoarbete-och-inspektioner/e-tjanster-och-blanketter/sok-utstationering/?id=c72f6465-89ef-4c9c-2ed5-08de26697691&E=System.String[];3;Osterlunds Jordbyggnad | Stålverket 20 96140 Boden | 1 | Läs mer
2026-09-30;10:27:23+0000;Osterlunds Jordbyggnad;Teknikvägen 13 96150 Boden;1;Boden;https://www.av.se/arbetsmiljoarbete-och-inspektioner/e-tjanster-och-blanketter/sok-utstationering/?id=d2c0e6f0-8671-413c-f733-08df07e709c2&E=System.String[];3;Osterlunds Jordbyggnad | Teknikvägen 13 96150 Boden | 1 | Läs mer
2026-09-30;10:27:23+0000;Osterlunds Jordbyggnad;Stålverket 20 96140 Boden;2;Boden;https://www.av.se/arbetsmiljoarbete-och-inspektioner/e-tjanster-och-blanketter/sok-utstationering/?id=197a30e7-a0cb-472d-f736-08df07e709c2&E=System.String[];3;Osterlunds Jordbyggnad | Stålverket 20 96140 Boden | 2 | Läs mer
2026-09-30;10:27:23+0000;Ortek EL OÜ;Stålverket 20 96140 Boden;8;Boden;https://www.av.se/arbetsmiljoarbete-och-inspektioner/e-tjanster-och-blanketter/sok-utstationering/?id=66e95281-dcc7-4312-9769-08dd5235564d&E=System.String[];3;Ortek EL OÜ | Stålverket 20 96140 Boden | 8 | Läs mer
2026-09-30;10:27:23+0000;ORGANISATION PRODUCTIVITE PERFORMANCE;Stålverket 20 96140 Boden;2;Boden;https://www.av.se/arbetsmiljoarbete-och-inspektioner/e-tjanster-och-blanketter/sok-utstationering/?id=485a6542-8b31-4bda-5cf1-08ddffdeccca&E=System.String[];3;ORGANISATION PRODUCTIVITE PERFORMANCE | Stålverket 20 96140 Boden | 2 | Läs mer
2026-09-30;10:27:23+0000;Opti Solutions Ab;Lakaträsk 404 Boden;3;Boden;https://www.av.se/arbetsmiljoarbete-och-inspektioner/e-tjanster-och-blanketter/sok-utstationering/?id=098e5480-d516-4667-ee10-08df02639f17&E=System.String[];3;Opti Solutions Ab | Lakaträsk 404 Boden | 3 | Läs mer
2026-09-30;10:27:23+0000;OP2 SAS;Drottninggatan 4 96135 Boden;3;Boden;https://www.av.se/arbetsmiljoarbete-och-inspektioner/e-tjanster-och-blanketter/sok-utstationering/?id=0f25118e-3a70-41de-9969-08ddf98fe64f&E=System.String[];3;OP2 SAS | Drottninggatan 4 96135 Boden | 3 | Läs mer
2026-09-30;10:27:23+0000;OLTO Mechanical Sp. z o.o.;Stålverket 20 96140 Boden;7;Boden;https://www.av.se/arbetsmiljoarbete-och-inspektioner/e-tjanster-och-blanketter/sok-utstationering/?id=9b30697c-8990-431b-4398-08dd968d3614&E=System.String[];3;OLTO Mechanical Sp. z o.o. | Stålverket 20 96140 Boden | 7 | Läs mer
2026-09-30;10:27:23+0000;Odštěpný závod GreMi KLIMA, s.r.o.;Stålverket 20 96140 Boden;7;Boden;https://www.av.se/arbetsmiljoarbete-och-inspektioner/e-tjanster-och-blanketter/sok-utstationering/?id=9c31ad9b-1c9a-457f-d305-08dd9757872b&E=System.String[];3;Odštěpný závod GreMi KLIMA, s.r.o. | Stålverket 20 96140 Boden | 7 | Läs mer
2026-09-30;10:27:23+0000;OBERON TEHNIKA;Stålverket 20 96140 Boden;15;Boden;https://www.av.se/arbetsmiljoarbete-och-inspektioner/e-tjanster-och-blanketter/sok-utstationering/?id=8b446304-777e-44fc-813d-08de7e5e8497&E=System.String[];3;OBERON TEHNIKA | Stålverket 20 96140 Boden | 15 | Läs mer
2026-09-30;10:27:23+0000;Nousujohde Raudoitus Oy;Stålverket 20 96140 Boden;1;Boden;https://www.av.se/arbetsmiljoarbete-och-inspektioner/e-tjanster-och-blanketter/sok-utstationering/?id=04bbba26-1bea-4416-9f69-08de4daeba9e&E=System.String[];3;Nousujohde Raudoitus Oy | Stålverket 20 96140 Boden | 1 | Läs mer
2026-09-30;10:27:23+0000;Nostolava-auto Jalo & Jalo Oy;Stålverket 20 96140 Boden;1;Boden;https://www.av.se/arbetsmiljoarbete-och-inspektioner/e-tjanster-och-blanketter/sok-utstationering/?id=fc3624a1-836d-4a53-3dc1-08defc0ccd4d&E=System.String[];3;Nostolava-auto Jalo & Jalo Oy | Stålverket 20 96140 Boden | 1 | Läs mer
2026-09-30;10:27:23+0000;Nostolava-auto Jalo & Jalo Oy;Stålverket 20 96140 Boden;3;Boden;https://www.av.se/arbetsmiljoarbete-och-inspektioner/e-tjanster-och-blanketter/sok-utstationering/?id=66c6e0b1-5ef7-42cf-791e-08dc498c348c&E=System.String[];3;Nostolava-auto Jalo & Jalo Oy | Stålverket 20 96140 Boden | 3 | Läs mer
2026-09-30;10:27:23+0000;Norpinus OÜ;Stålverket 20 96140 Boden;45;Boden;https://www.av.se/arbetsmiljoarbete-och-inspektioner/e-tjanster-och-blanketter/sok-utstationering/?id=9df2b404-65b5-4eb6-7005-08dee7b829f5&E=System.String[];3;Norpinus OÜ | Stålverket 20 96140 Boden | 45 | Läs mer
2026-09-30;10:27:23+0000;Nordic Special Project AS;Stålverket 20 96140 Boden;4;Boden;https://www.av.se/arbetsmiljoarbete-och-inspektioner/e-tjanster-och-blanketter/sok-utstationering/?id=b2f8cae8-540c-4e76-f6fa-08df07e709c2&E=System.String[];3;Nordic Special Project AS | Stålverket 20 96140 Boden | 4 | Läs mer
2026-09-30;10:27:23+0000;Nordic Crane Kynningsrud AS;Stålverket 20 96140 Boden;3;Boden;https://www.av.se/arbetsmiljoarbete-och-inspektioner/e-tjanster-och-blanketter/sok-utstationering/?id=2360d193-8857-4bf2-6473-08def82f4ed9&E=System.String[];3;Nordic Crane Kynningsrud AS | Stålverket 20 96140 Boden | 3 | Läs mer
2026-09-30;10:27:23+0000;NORDGEO PRO SP. Z O.O;Stålverket 20 96140 Boden;2;Boden;https://www.av.se/arbetsmiljoarbete-och-inspektioner/e-tjanster-och-blanketter/sok-utstationering/?id=bfb74389-bf12-49b8-83d8-08de12bfcc0c&E=System.String[];3;NORDGEO PRO SP. Z O.O | Stålverket 20 96140 Boden | 2 | Läs mer
2026-09-30;10:27:23+0000;NORDGEO PRO SP. Z O.O;Stålverket 20 96140 Boden;3;Boden;https://www.av.se/arbetsmiljoarbete-och-inspektioner/e-tjanster-och-blanketter/sok-utstationering/?id=6c19fea4-917b-4bb7-500e-08de10608a63&E=System.String[];3;NORDGEO PRO SP. Z O.O | Stålverket 20 96140 Boden | 3 | Läs mer
2026-09-30;10:27:23+0000;Nord Raudoitus Oy;Svartbyvägen 1 96137 Boden;1;Boden;https://www.av.se/arbetsmiljoarbete-och-inspektioner/e-tjanster-och-blanketter/sok-utstationering/?id=04a29c9b-9048-4b2e-09fd-08dee946b1b6&E=System.String[];3;Nord Raudoitus Oy | Svartbyvägen 1 96137 Boden | 1 | Läs mer
2026-09-30;10:27:23+0000;Nord Raudoitus Oy;Stålverket 20 96140 Boden;1;Boden;https://www.av.se/arbetsmiljoarbete-och-inspektioner/e-tjanster-och-blanketter/sok-utstationering/?id=a93beabe-a3b1-4ddc-ee2c-08df02639f17&E=System.String[];3;Nord Raudoitus Oy | Stålverket 20 96140 Boden | 1 | Läs mer
2026-09-30;10:27:23+0000;Nakkila Works Oy;Stålverket 20 96140 Boden;2;Boden;https://www.av.se/arbetsmiljoarbete-och-inspektioner/e-tjanster-och-blanketter/sok-utstationering/?id=de1f500e-3b58-474b-11ee-08debf98a1d5&E=System.String[];3;Nakkila Works Oy | Stålverket 20 96140 Boden | 2 | Läs mer
2026-09-30;10:27:23+0000;MTO Industries Oy;Stålverket 20 96140 Boden;8;Boden;https://www.av.se/arbetsmiljoarbete-och-inspektioner/e-tjanster-och-blanketter/sok-utstationering/?id=7c59c762-1b63-44ad-73a0-08de06f61b32&E=System.String[];3;MTO Industries Oy | Stålverket 20 96140 Boden | 8 | Läs mer
2026-09-30;10:27:23+0000;M-SOLUTION INDUSTRIAL SERVICES;Stålverket 20 96140 Boden;3;Boden;https://www.av.se/arbetsmiljoarbete-och-inspektioner/e-tjanster-och-blanketter/sok-utstationering/?id=d3c17f64-0750-47bb-0cb2-08decb6c2122&E=System.String[];3;M-SOLUTION INDUSTRIAL SERVICES | Stålverket 20 96140 Boden | 3 | Läs mer
2026-09-30;10:27:23+0000;Midrex Technologies Inc;Stålverket 20 96140 Boden;1;Boden;https://www.av.se/arbetsmiljoarbete-och-inspektioner/e-tjanster-och-blanketter/sok-utstationering/?id=ef9db87b-3cf1-4268-276a-08de9069cad6&E=System.String[];3;Midrex Technologies Inc | Stålverket 20 96140 Boden | 1 | Läs mer
2026-09-30;10:27:23+0000;Midrex Technologies Inc;Stålverket 20 96140 Boden;3;Boden;https://www.av.se/arbetsmiljoarbete-och-inspektioner/e-tjanster-och-blanketter/sok-utstationering/?id=e6420342-fc18-4329-44dd-08dcfee77a9f&E=System.String[];3;Midrex Technologies Inc | Stålverket 20 96140 Boden | 3 | Läs mer
2026-09-30;10:27:23+0000;MIDAS INDUSTRIES SP Z OO;Stålverket 20 96140 Boden;3;Boden;https://www.av.se/arbetsmiljoarbete-och-inspektioner/e-tjanster-och-blanketter/sok-utstationering/?id=823d2379-2a6d-4b11-a54c-08df1219aa16&E=System.String[];3;MIDAS INDUSTRIES SP Z OO | Stålverket 20 96140 Boden | 3 | Läs mer
2026-09-30;10:27:23+0000;MGCT Consulting & Services srl;Stålverket 20 96140 Boden;1;Boden;https://www.av.se/arbetsmiljoarbete-och-inspektioner/e-tjanster-och-blanketter/sok-utstationering/?id=dc85ff88-2f60-4dcf-3e3e-08def373c9dd&E=System.String[];3;MGCT Consulting & Services srl | Stålverket 20 96140 Boden | 1 | Läs mer
2026-09-30;10:27:23+0000;METRUM, SIA;Stålverket 20 96140 Boden;3;Boden;https://www.av.se/arbetsmiljoarbete-och-inspektioner/e-tjanster-och-blanketter/sok-utstationering/?id=74cd7685-e236-4c4a-0f94-08de95274a1e&E=System.String[];3;METRUM, SIA | Stålverket 20 96140 Boden | 3 | Läs mer
2026-09-30;10:27:23+0000;Meri-Lapin huolto Oy;Stålverket 20 96140 Boden;1;Boden;https://www.av.se/arbetsmiljoarbete-och-inspektioner/e-tjanster-och-blanketter/sok-utstationering/?id=8c222d31-434b-49d9-c3c5-08def7577433&E=System.String[];3;Meri-Lapin huolto Oy | Stålverket 20 96140 Boden | 1 | Läs mer
2026-09-30;10:27:23+0000;MB JOLTERA;Stålverket 20 96140 Boden;65;Boden;https://www.av.se/arbetsmiljoarbete-och-inspektioner/e-tjanster-och-blanketter/sok-utstationering/?id=8134f2ea-0504-42f0-781e-08ddfbf48b88&E=System.String[];3;MB JOLTERA | Stålverket 20 96140 Boden | 65 | Läs mer
2026-09-30;10:27:23+0000;MaxPro Solutions;Stålverket 20 96140 Boden;251;Boden;https://www.av.se/arbetsmiljoarbete-och-inspektioner/e-tjanster-och-blanketter/sok-utstationering/?id=20d90ffb-6952-4c71-5abc-08de3fc9c116&E=System.String[];3;MaxPro Solutions | Stålverket 20 96140 Boden | 251 | Läs mer
2026-09-30;10:27:23+0000;Maanrakennus Kallinen Oy;Stålverket 20 96140 Boden;1;Boden;https://www.av.se/arbetsmiljoarbete-och-inspektioner/e-tjanster-och-blanketter/sok-utstationering/?id=91906299-ad7a-4ab4-5edf-08def11eb407&E=System.String[];3;Maanrakennus Kallinen Oy | Stålverket 20 96140 Boden | 1 | Läs mer
2026-09-30;10:27:23+0000;Maanrakennus Kallinen Oy;Stålverket 20 96140 Boden;2;Boden;https://www.av.se/arbetsmiljoarbete-och-inspektioner/e-tjanster-och-blanketter/sok-utstationering/?id=2f8964ea-e056-4d41-00be-08deeec141db&E=System.String[];3;Maanrakennus Kallinen Oy | Stålverket 20 96140 Boden | 2 | Läs mer
2026-09-30;10:27:23+0000;LTR-Rakennus Oy;Stålverket 20 96140 Boden;4;Boden;https://www.av.se/arbetsmiljoarbete-och-inspektioner/e-tjanster-och-blanketter/sok-utstationering/?id=a3c76054-834d-4266-8b35-08ddf5a331a2&E=System.String[];3;LTR-Rakennus Oy | Stålverket 20 96140 Boden | 4 | Läs mer
2026-09-30;10:27:23+0000;LK Bygg UAB;Stålverket 20 96140 Boden;65;Boden;https://www.av.se/arbetsmiljoarbete-och-inspektioner/e-tjanster-och-blanketter/sok-utstationering/?id=eb3ed4e8-45d5-4bb4-19ea-08dda324109d&E=System.String[];3;LK Bygg UAB | Stålverket 20 96140 Boden | 65 | Läs mer
2026-09-30;10:27:23+0000;LIZMONTAGENS - EMPRESA DE MONTAGENS TERM INDUSTRIAIS SA;Stålverket 20 96140 Boden;46;Boden;https://www.av.se/arbetsmiljoarbete-och-inspektioner/e-tjanster-och-blanketter/sok-utstationering/?id=dfc04437-0365-492d-9d83-08ddda2cfd6c&E=System.String[];3;LIZMONTAGENS - EMPRESA DE MONTAGENS TERM INDUSTRIAIS SA | Stålverket 20 96140 Boden | 46 | Läs mer
2026-09-30;10:27:23+0000;LIZ ITALIANA SRL;Stålverket 20 96140 Boden;1;Boden;https://www.av.se/arbetsmiljoarbete-och-inspektioner/e-tjanster-och-blanketter/sok-utstationering/?id=f33fe7a4-f59e-48ba-2897-08deedff0851&E=System.String[];3;LIZ ITALIANA SRL | Stålverket 20 96140 Boden | 1 | Läs mer
2026-09-30;10:27:23+0000;Kymsol;Stålverket 20 96140 Boden;2;Boden;https://www.av.se/arbetsmiljoarbete-och-inspektioner/e-tjanster-och-blanketter/sok-utstationering/?id=dcab1d58-2a7b-4931-7f98-08ddf1bc39bb&E=System.String[];3;Kymsol | Stålverket 20 96140 Boden | 2 | Läs mer
2026-09-30;10:27:23+0000;Kuljetusliike Ville Silvasti Oy;Stålverket 20 96140 Boden;7;Boden;https://www.av.se/arbetsmiljoarbete-och-inspektioner/e-tjanster-och-blanketter/sok-utstationering/?id=eb411f78-0e88-4a04-77fe-08ddfbf48b88&E=System.String[];3;Kuljetusliike Ville Silvasti Oy | Stålverket 20 96140 Boden | 7 | Läs mer
2026-09-30;10:27:23+0000;Kuljetusliike Thoden Oy;Stålverket 20 96140 Boden;7;Boden;https://www.av.se/arbetsmiljoarbete-och-inspektioner/e-tjanster-och-blanketter/sok-utstationering/?id=4fb4a1e8-6c4d-48b6-1da7-08dc3299b4b3&E=System.String[];3;Kuljetusliike Thoden Oy | Stålverket 20 96140 Boden | 7 | Läs mer
2026-09-30;10:27:23+0000;Kuljetusliike Aleksi Rytkönen Oy;Stålverket 20 96140 Boden;1;Boden;https://www.av.se/arbetsmiljoarbete-och-inspektioner/e-tjanster-och-blanketter/sok-utstationering/?id=c28b5f08-0ecc-4b17-3817-08dbc5c053d7&E=System.String[];3;Kuljetusliike Aleksi Rytkönen Oy | Stålverket 20 96140 Boden | 1 | Läs mer
2026-09-30;10:27:23+0000;KSH Steel sp. z o.o.;Stålverket 20 96140 Boden;6;Boden;https://www.av.se/arbetsmiljoarbete-och-inspektioner/e-tjanster-och-blanketter/sok-utstationering/?id=cfa519b7-7b50-4fd1-96c3-08de055cb329&E=System.String[];3;KSH Steel sp. z o.o. | Stålverket 20 96140 Boden | 6 | Läs mer
2026-09-30;10:27:23+0000;KMD Teknik AB;Svedjebergsvägen 10 96140 Boden;5;Boden;https://www.av.se/arbetsmiljoarbete-och-inspektioner/e-tjanster-och-blanketter/sok-utstationering/?id=c4ec6c1a-1c5a-48f5-b1b3-08dd86d25287&E=System.String[];3;KMD Teknik AB | Svedjebergsvägen 10 96140 Boden | 5 | Läs mer
2026-09-30;10:27:23+0000;KLM Ehitus OÜ;Moråsleden 1 96167 Boden;17;Boden;https://www.av.se/arbetsmiljoarbete-och-inspektioner/e-tjanster-och-blanketter/sok-utstationering/?id=1fab2ab9-fc5e-4892-8cda-08def69a8c01&E=System.String[];3;KLM Ehitus OÜ | Moråsleden 1 96167 Boden | 17 | Läs mer
2026-09-30;10:27:23+0000;KINTEC RECRUITMENT LIMITED;Stålverket 20 96140 Boden;15;Boden;https://www.av.se/arbetsmiljoarbete-och-inspektioner/e-tjanster-och-blanketter/sok-utstationering/?id=f1055d29-653a-4c2b-d2fa-08dd9757872b&E=System.String[];3;KINTEC RECRUITMENT LIMITED | Stålverket 20 96140 Boden | 15 | Läs mer
2026-09-30;10:27:23+0000;KINTEC RECRUITMENT LIMITED;Stålverket 20 96140 Boden;2;Boden;https://www.av.se/arbetsmiljoarbete-och-inspektioner/e-tjanster-och-blanketter/sok-utstationering/?id=32a77240-c41a-4500-6bd2-08de9aaf411a&E=System.String[];3;KINTEC RECRUITMENT LIMITED | Stålverket 20 96140 Boden | 2 | Läs mer
2026-09-30;10:27:23+0000;KINGA SZYMCZYK S-ASSIST;Stålverket 20 96140 Boden;3;Boden;https://www.av.se/arbetsmiljoarbete-och-inspektioner/e-tjanster-och-blanketter/sok-utstationering/?id=29a56001-4336-4746-6bd5-08dee0a293ed&E=System.String[];3;KINGA SZYMCZYK S-ASSIST | Stålverket 20 96140 Boden | 3 | Läs mer
2026-09-30;10:27:23+0000;Kavamet-Konepaja Oy;Stålverket 20 96140 Boden;2;Boden;https://www.av.se/arbetsmiljoarbete-och-inspektioner/e-tjanster-och-blanketter/sok-utstationering/?id=6a01f71d-c553-47b1-734d-08dcee6c08e1&E=System.String[];3;Kavamet-Konepaja Oy | Stålverket 20 96140 Boden | 2 | Läs mer
2026-09-30;10:27:23+0000;Kantojärven Metalli Oy;Stålverket 20 96140 Boden;3;Boden;https://www.av.se/arbetsmiljoarbete-och-inspektioner/e-tjanster-och-blanketter/sok-utstationering/?id=9f297a22-d6e0-46c9-45a7-08de2279daeb&E=System.String[];3;Kantojärven Metalli Oy | Stålverket 20 96140 Boden | 3 | Läs mer
2026-09-30;10:27:23+0000;Kametal bv;Stålverket 20 96140 Boden;3;Boden;https://www.av.se/arbetsmiljoarbete-och-inspektioner/e-tjanster-och-blanketter/sok-utstationering/?id=9237703e-ab65-44e0-751a-08ddae2a7822&E=System.String[];4;Kametal bv | Stålverket 20 96140 Boden | 3 | Läs mer
2026-09-30;10:27:23+0000;KADDGROUP SERVICES OÜ;Stålverket 20 96140 Boden;3;Boden;https://www.av.se/arbetsmiljoarbete-och-inspektioner/e-tjanster-och-blanketter/sok-utstationering/?id=7509f404-0ed3-472f-1d87-08de5d6ca7a5&E=System.String[];4;KADDGROUP SERVICES OÜ | Stålverket 20 96140 Boden | 3 | Läs mer
2026-09-30;10:27:23+0000;Izoref iberia Unipessoal LDA;Stålverket 20 96140 Boden;4;Boden;https://www.av.se/arbetsmiljoarbete-och-inspektioner/e-tjanster-och-blanketter/sok-utstationering/?id=12a0364d-22da-4992-2eff-08deec14c22e&E=System.String[];4;Izoref iberia Unipessoal LDA | Stålverket 20 96140 Boden | 4 | Läs mer
2026-09-30;10:27:23+0000;Izoref Constructii srl;Stålverket 20 96140 Boden;13;Boden;https://www.av.se/arbetsmiljoarbete-och-inspektioner/e-tjanster-och-blanketter/sok-utstationering/?id=324f1a41-757a-4542-09ba-08deeb94af0b&E=System.String[];4;Izoref Constructii srl | Stålverket 20 96140 Boden | 13 | Läs mer
2026-09-30;10:27:23+0000;Ilmastointi Salminen Oy;Stålverket 20 96140 Boden;2;Boden;https://www.av.se/arbetsmiljoarbete-och-inspektioner/e-tjanster-och-blanketter/sok-utstationering/?id=e44e189d-e43f-495c-6a36-08ddcb3df1b2&E=System.String[];4;Ilmastointi Salminen Oy | Stålverket 20 96140 Boden | 2 | Läs mer
2026-09-30;10:27:23+0000;IDOM CONSULTING ENGINEERING ARCHITECTURE SAU;Stålverket 20 96140 Boden;17;Boden;https://www.av.se/arbetsmiljoarbete-och-inspektioner/e-tjanster-och-blanketter/sok-utstationering/?id=c15529d6-df31-4efe-8001-08de1c314707&E=System.String[];4;IDOM CONSULTING ENGINEERING ARCHITECTURE SAU | Stålverket 20 96140 Boden | 17 | Läs mer
2026-09-30;10:27:23+0000;Hitspe Oy;Stålverket 20 96140 Boden;2;Boden;https://www.av.se/arbetsmiljoarbete-och-inspektioner/e-tjanster-och-blanketter/sok-utstationering/?id=9507b4b0-ffbb-49b9-668d-08df019d5369&E=System.String[];4;Hitspe Oy | Stålverket 20 96140 Boden | 2 | Läs mer
2026-09-30;10:27:23+0000;Hitachi Energy Czech Republic s.r.o.;Stålverket 20 96140 Boden;1;Boden;https://www.av.se/arbetsmiljoarbete-och-inspektioner/e-tjanster-och-blanketter/sok-utstationering/?id=f311258b-18aa-43a3-1f8d-08dd8944d0dc&E=System.String[];4;Hitachi Energy Czech Republic s.r.o. | Stålverket 20 96140 Boden | 1 | Läs mer
2026-09-30;10:27:23+0000;HELB d.o.o.;Stålverket 20 96140 Boden;10;Boden;https://www.av.se/arbetsmiljoarbete-och-inspektioner/e-tjanster-och-blanketter/sok-utstationering/?id=fcfc8e74-4e7b-4b83-ca9b-08deed26fd81&E=System.String[];4;HELB d.o.o. | Stålverket 20 96140 Boden | 10 | Läs mer
2026-09-30;10:27:23+0000;Havator Oy;Stålverket 20 96140 Boden;72;Boden;https://www.av.se/arbetsmiljoarbete-och-inspektioner/e-tjanster-och-blanketter/sok-utstationering/?id=b0fd023a-3aef-4a4a-123d-08dd2ede08ee&E=System.String[];4;Havator Oy | Stålverket 20 96140 Boden | 72 | Läs mer
2026-09-30;10:27:23+0000;Hallix Finland Oy;Stålverket 20 96140 Boden;4;Boden;https://www.av.se/arbetsmiljoarbete-och-inspektioner/e-tjanster-och-blanketter/sok-utstationering/?id=e945dd38-3d51-4c4d-e1ea-08ddc3551bc8&E=System.String[];4;Hallix Finland Oy | Stålverket 20 96140 Boden | 4 | Läs mer
2026-09-30;10:27:23+0000;Haaponiemi Infra Oy;Stålverket 20 96140 Boden;2;Boden;https://www.av.se/arbetsmiljoarbete-och-inspektioner/e-tjanster-och-blanketter/sok-utstationering/?id=83db1eb2-d559-4a28-e027-08de5c97ab07&E=System.String[];4;Haaponiemi Infra Oy | Stålverket 20 96140 Boden | 2 | Läs mer
2026-09-30;10:27:23+0000;Haaponiemi Infra Oy;Stålverket 20 96140 Boden;1;Boden;https://www.av.se/arbetsmiljoarbete-och-inspektioner/e-tjanster-och-blanketter/sok-utstationering/?id=d8ecc996-f721-44ae-24e0-08dcce356a8b&E=System.String[];4;Haaponiemi Infra Oy | Stålverket 20 96140 Boden | 1 | Läs mer
2026-09-30;10:27:23+0000;GT Polen Sp.z.o.o.;Baldersgatan 1 96133 Boden;4;Boden;https://www.av.se/arbetsmiljoarbete-och-inspektioner/e-tjanster-och-blanketter/sok-utstationering/?id=307a5f33-ea69-4a02-3fc3-08de5ef121a2&E=System.String[];4;GT Polen Sp.z.o.o. | Baldersgatan 1 96133 Boden | 4 | Läs mer
2026-09-30;10:27:23+0000;Give Steel A/S;Stålverket 20 96140 Boden;2;Boden;https://www.av.se/arbetsmiljoarbete-och-inspektioner/e-tjanster-och-blanketter/sok-utstationering/?id=4131b51b-3fd3-471c-57d6-08dd3f640025&E=System.String[];4;Give Steel A/S | Stålverket 20 96140 Boden | 2 | Läs mer
2026-09-30;10:27:23+0000;GF Engineering SRL;Stålverket 20 96140 Boden;69;Boden;https://www.av.se/arbetsmiljoarbete-och-inspektioner/e-tjanster-och-blanketter/sok-utstationering/?id=00a0922e-c6b9-4419-fae0-08dd91d84c26&E=System.String[];4;GF Engineering SRL | Stålverket 20 96140 Boden | 69 | Läs mer
2026-09-30;10:27:23+0000;Fortis Associates Ltd;Stålverket 20 96140 Boden;2;Boden;https://www.av.se/arbetsmiljoarbete-och-inspektioner/e-tjanster-och-blanketter/sok-utstationering/?id=8749ec26-dd61-49af-52c1-08dca2489d76&E=System.String[];4;Fortis Associates Ltd | Stålverket 20 96140 Boden | 2 | Läs mer
2026-09-30;10:27:23+0000;Fortis Associates Ltd;Stålverket 20 96140 Boden;33;Boden;https://www.av.se/arbetsmiljoarbete-och-inspektioner/e-tjanster-och-blanketter/sok-utstationering/?id=c83a09cb-8b92-4712-69b3-08dc3d082c36&E=System.String[];4;Fortis Associates Ltd | Stålverket 20 96140 Boden | 33 | Läs mer
2026-09-30;10:27:23+0000;Fortis Associates Ltd;Stålverket 20 96140 Boden;2;Boden;https://www.av.se/arbetsmiljoarbete-och-inspektioner/e-tjanster-och-blanketter/sok-utstationering/?id=e4c5d00c-3f32-4cb2-317c-08dcf3298406&E=System.String[];4;Fortis Associates Ltd | Stålverket 20 96140 Boden | 2 | Läs mer
2026-09-30;10:27:23+0000;Fluor South Africa (Pty) Ltd;Stålverket 20 96140 Boden;2;Boden;https://www.av.se/arbetsmiljoarbete-och-inspektioner/e-tjanster-och-blanketter/sok-utstationering/?id=349096f3-fc9d-421a-9f08-08dc165da14c&E=System.String[];4;Fluor South Africa (Pty) Ltd | Stålverket 20 96140 Boden | 2 | Läs mer
2026-09-30;10:27:23+0000;Fluor Daniel Technical Services;Stålverket 20 96140 Boden;1;Boden;https://www.av.se/arbetsmiljoarbete-och-inspektioner/e-tjanster-och-blanketter/sok-utstationering/?id=d457bd80-695f-4d22-cbd8-08dbc98af9f7&E=System.String[];4;Fluor Daniel Technical Services | Stålverket 20 96140 Boden | 1 | Läs mer
2026-09-30;10:27:23+0000;Fluor B.V.;Stålverket 20 96140 Boden;1;Boden;https://www.av.se/arbetsmiljoarbete-och-inspektioner/e-tjanster-och-blanketter/sok-utstationering/?id=9b20934b-98ff-4971-99e3-08dba96f5f4d&E=System.String[];4;Fluor B.V. | Stålverket 20 96140 Boden | 1 | Läs mer
2026-09-30;10:27:23+0000;Five-P Enterprises Oy;Stålverket 20 96140 Boden;1;Boden;https://www.av.se/arbetsmiljoarbete-och-inspektioner/e-tjanster-och-blanketter/sok-utstationering/?id=d54e01c5-c8c3-4946-7619-08dce07b542c&E=System.String[];4;Five-P Enterprises Oy | Stålverket 20 96140 Boden | 1 | Läs mer
2026-09-30;10:27:23+0000;Finrak OÜ;Stålverket 20 96140 Boden;2;Boden;https://www.av.se/arbetsmiljoarbete-och-inspektioner/e-tjanster-och-blanketter/sok-utstationering/?id=908397b8-fedf-49c6-d53a-08ddcff1dc10&E=System.String[];4;Finrak OÜ | Stålverket 20 96140 Boden | 2 | Läs mer
2026-09-30;10:27:23+0000;Fimpec PMO Oy;Stålverket 20 96140 Boden;2;Boden;https://www.av.se/arbetsmiljoarbete-och-inspektioner/e-tjanster-och-blanketter/sok-utstationering/?id=0d3391b2-d4d3-4119-e990-08ddd3dcf80e&E=System.String[];4;Fimpec PMO Oy | Stålverket 20 96140 Boden | 2 | Läs mer
2026-09-30;10:27:23+0000;Fimpec PMO Oy;Teknikvägen 3 96150 Boden;1;Boden;https://www.av.se/arbetsmiljoarbete-och-inspektioner/e-tjanster-och-blanketter/sok-utstationering/?id=ab9a8eea-bcfa-4c98-d21f-08ddcd90f4a9&E=System.String[];4;Fimpec PMO Oy | Teknikvägen 3 96150 Boden | 1 | Läs mer
2026-09-30;10:27:23+0000;FERRMIX CONSTRUCTION OÜ;Stålverket 20 96140 Boden;17;Boden;https://www.av.se/arbetsmiljoarbete-och-inspektioner/e-tjanster-och-blanketter/sok-utstationering/?id=af79d267-593e-4bbd-0a4a-08dd352e6bf4&E=System.String[];4;FERRMIX CONSTRUCTION OÜ | Stålverket 20 96140 Boden | 17 | Läs mer
2026-09-30;10:27:23+0000;FERRETTI CONSTRUCTION SRL;Teknikvägen 3 96150 Boden;30;Boden;https://www.av.se/arbetsmiljoarbete-och-inspektioner/e-tjanster-och-blanketter/sok-utstationering/?id=65231aca-32f0-420b-c3aa-08de743c6266&E=System.String[];4;FERRETTI CONSTRUCTION SRL | Teknikvägen 3 96150 Boden | 30 | Läs mer
2026-09-30;10:27:23+0000;Ferretti Construction;Stålverket 20 96140 Boden;36;Boden;https://www.av.se/arbetsmiljoarbete-och-inspektioner/e-tjanster-och-blanketter/sok-utstationering/?id=9e0e1ec1-8c9e-4daf-e99d-08ddd3dcf80e&E=System.String[];4;Ferretti Construction | Stålverket 20 96140 Boden | 36 | Läs mer
2026-09-30;10:27:23+0000;EXACT Geomark AS;Stålverket 20 96140 Boden;1;Boden;https://www.av.se/arbetsmiljoarbete-och-inspektioner/e-tjanster-och-blanketter/sok-utstationering/?id=e3760e21-b783-429a-2f4f-08de316986e1&E=System.String[];4;EXACT Geomark AS | Stålverket 20 96140 Boden | 1 | Läs mer
2026-09-30;10:27:23+0000;Exact Czech s.r.o.;Stålverket 20 96140 Boden;6;Boden;https://www.av.se/arbetsmiljoarbete-och-inspektioner/e-tjanster-och-blanketter/sok-utstationering/?id=a90a1c24-5177-44b7-5fbd-08ddc4f010f9&E=System.String[];4;Exact Czech s.r.o. | Stålverket 20 96140 Boden | 6 | Läs mer
2026-09-30;10:27:23+0000;Euromontas, UAB;Bullerleden 5 96167 Boden;8;Boden;https://www.av.se/arbetsmiljoarbete-och-inspektioner/e-tjanster-och-blanketter/sok-utstationering/?id=7a79064f-b648-4ddc-617d-08dd726cb317&E=System.String[];4;Euromontas, UAB | Bullerleden 5 96167 Boden | 8 | Läs mer
2026-09-30;10:27:23+0000;Euromontas Suomi Oy;Stålverket 20 96140 Boden;1;Boden;https://www.av.se/arbetsmiljoarbete-och-inspektioner/e-tjanster-och-blanketter/sok-utstationering/?id=ed22282d-2170-43eb-7f13-08dd758e981a&E=System.String[];4;Euromontas Suomi Oy | Stålverket 20 96140 Boden | 1 | Läs mer
2026-09-30;10:27:23+0000;EUPTECH;Stålverket 20 96140 Boden;2;Boden;https://www.av.se/arbetsmiljoarbete-och-inspektioner/e-tjanster-och-blanketter/sok-utstationering/?id=7188a517-7f94-4bac-5286-08de8fa033d3&E=System.String[];4;EUPTECH | Stålverket 20 96140 Boden | 2 | Läs mer
2026-09-30;10:27:23+0000;ETT-INTERIM;Stålverket 20 96140 Boden;126;Boden;https://www.av.se/arbetsmiljoarbete-och-inspektioner/e-tjanster-och-blanketter/sok-utstationering/?id=c28dbf47-cfad-4d31-7179-08ddde14e1aa&E=System.String[];4;ETT-INTERIM | Stålverket 20 96140 Boden | 126 | Läs mer
2026-09-30;10:27:23+0000;Erko elektro s.r.o.;Stålverket 20 96140 Boden;1;Boden;https://www.av.se/arbetsmiljoarbete-och-inspektioner/e-tjanster-och-blanketter/sok-utstationering/?id=b7b38542-9079-4379-d659-08dda700024b&E=System.String[];4;Erko elektro s.r.o. | Stålverket 20 96140 Boden | 1 | Läs mer
2026-09-30;10:27:23+0000;Enersense Works Oy;Stålverket 20 96140 Boden;21;Boden;https://www.av.se/arbetsmiljoarbete-och-inspektioner/e-tjanster-och-blanketter/sok-utstationering/?id=6825275d-2b43-4b72-155b-08de016fc431&E=System.String[];4;Enersense Works Oy | Stålverket 20 96140 Boden | 21 | Läs mer
2026-09-30;10:27:23+0000;Enersense Works Oy;Stålverket 20 96140 Boden;2;Boden;https://www.av.se/arbetsmiljoarbete-och-inspektioner/e-tjanster-och-blanketter/sok-utstationering/?id=70621c01-7f44-4250-f397-08dedd79a90c&E=System.String[];4;Enersense Works Oy | Stålverket 20 96140 Boden | 2 | Läs mer
2026-09-30;10:27:23+0000;EMTS;Stålverket 20 96140 Boden;1;Boden;https://www.av.se/arbetsmiljoarbete-och-inspektioner/e-tjanster-och-blanketter/sok-utstationering/?id=071ed2ae-21e6-4e00-a0be-08ddf740f46c&E=System.String[];4;EMTS | Stålverket 20 96140 Boden | 1 | Läs mer
2026-09-30;10:27:23+0000;Emerald Core Construction Trading as The Advantage Ireland;Stålverket 20 96140 Boden;1;Boden;https://www.av.se/arbetsmiljoarbete-och-inspektioner/e-tjanster-och-blanketter/sok-utstationering/?id=d503b7eb-418d-4f50-e201-08dede411cd2&E=System.String[];4;Emerald Core Construction Trading as The Advantage Ireland | Stålverket 20 96140 Boden | 1 | Läs mer
2026-09-30;10:27:23+0000;Emerald Core Construction Trading as The Advantage Ireland;Stålverket 20 96140 Boden;1;Boden;https://www.av.se/arbetsmiljoarbete-och-inspektioner/e-tjanster-och-blanketter/sok-utstationering/?id=9ff6a123-da25-4ba3-46a7-08deafe4a013&E=System.String[];4;Emerald Core Construction Trading as The Advantage Ireland | Stålverket 20 96140 Boden | 1 | Läs mer
2026-09-30;10:27:23+0000;EMC Projects;Stålverket 20 96140 Boden;12;Boden;https://www.av.se/arbetsmiljoarbete-och-inspektioner/e-tjanster-och-blanketter/sok-utstationering/?id=991b78e9-b1aa-4d5c-be0c-08dd092d41d0&E=System.String[];4;EMC Projects | Stålverket 20 96140 Boden | 12 | Läs mer
2026-09-30;10:27:23+0000;EIFFAGE GENIE CIVIL MARINE;Stålverket 20 96140 Boden;55;Boden;https://www.av.se/arbetsmiljoarbete-och-inspektioner/e-tjanster-och-blanketter/sok-utstationering/?id=67b5da9a-6779-43ba-0fec-08ddd95fa57f&E=System.String[];4;EIFFAGE GENIE CIVIL MARINE | Stålverket 20 96140 Boden | 55 | Läs mer
2026-09-30;10:27:23+0000;Egeria OÜ;Stålverket 20 96140 Boden;8;Boden;https://www.av.se/arbetsmiljoarbete-och-inspektioner/e-tjanster-och-blanketter/sok-utstationering/?id=2c03fe19-fc2a-4ac0-f3fe-08df08aedd08&E=System.String[];4;Egeria OÜ | Stålverket 20 96140 Boden | 8 | Läs mer
2026-09-30;10:27:23+0000;Egeria OÜ;Stålverket 20 96140 Boden;21;Boden;https://www.av.se/arbetsmiljoarbete-och-inspektioner/e-tjanster-och-blanketter/sok-utstationering/?id=04ecbc1f-fe06-45d7-ccaa-08de28be7b27&E=System.String[];4;Egeria OÜ | Stålverket 20 96140 Boden | 21 | Läs mer
2026-09-30;10:27:23+0000;Efecta, UAB;Stålverket 20 96140 Boden;275;Boden;https://www.av.se/arbetsmiljoarbete-och-inspektioner/e-tjanster-och-blanketter/sok-utstationering/?id=99e29b60-6651-44ae-7581-08deb17c1a5b&E=System.String[];4;Efecta, UAB | Stålverket 20 96140 Boden | 275 | Läs mer
2026-09-30;10:27:23+0000;Efecta, UAB;Övre Buddbyn 141 96192 Boden;7;Boden;https://www.av.se/arbetsmiljoarbete-och-inspektioner/e-tjanster-och-blanketter/sok-utstationering/?id=1a3a30d0-d973-4967-4584-08df16290256&E=System.String[];4;Efecta, UAB | Övre Buddbyn 141 96192 Boden | 7 | Läs mer
2026-09-30;10:27:23+0000;E. Helaakoski Oy;Stålverket 20 96140 Boden;4;Boden;https://www.av.se/arbetsmiljoarbete-och-inspektioner/e-tjanster-och-blanketter/sok-utstationering/?id=6d062287-c699-490c-bab7-08ded667ef6a&E=System.String[];4;E. Helaakoski Oy | Stålverket 20 96140 Boden | 4 | Läs mer
2026-09-30;10:27:23+0000;Dymont Installation Oy;Stålverket 20 96140 Boden;13;Boden;https://www.av.se/arbetsmiljoarbete-och-inspektioner/e-tjanster-och-blanketter/sok-utstationering/?id=a2589ff7-360e-42ea-16ba-08dd4cba981c&E=System.String[];4;Dymont Installation Oy | Stålverket 20 96140 Boden | 13 | Läs mer
2026-09-30;10:27:23+0000;Drive Consulting GmbH;Stålverket 20 96140 Boden;6;Boden;https://www.av.se/arbetsmiljoarbete-och-inspektioner/e-tjanster-och-blanketter/sok-utstationering/?id=c6721925-9b5f-4857-02ef-08dd5bb6be5f&E=System.String[];4;Drive Consulting GmbH | Stålverket 20 96140 Boden | 6 | Läs mer
2026-09-30;10:27:23+0000;Digita Oy;Teknikvägen 3 96150 Boden;6;Boden;https://www.av.se/arbetsmiljoarbete-och-inspektioner/e-tjanster-och-blanketter/sok-utstationering/?id=f5081375-6f65-4660-7b1e-08de729848d9&E=System.String[];5;Digita Oy | Teknikvägen 3 96150 Boden | 6 | Läs mer
2026-09-30;10:27:23+0000;Digita Oy;Stålverket 20 96140 Boden;1;Boden;https://www.av.se/arbetsmiljoarbete-och-inspektioner/e-tjanster-och-blanketter/sok-utstationering/?id=44848bf1-c813-4df9-0f1a-08deab24c9d0&E=System.String[];5;Digita Oy | Stålverket 20 96140 Boden | 1 | Läs mer
2026-09-30;10:27:23+0000;Digita Oy;Stålverket 20 96140 Boden;1;Boden;https://www.av.se/arbetsmiljoarbete-och-inspektioner/e-tjanster-och-blanketter/sok-utstationering/?id=50eb7ba4-9eea-41ee-6339-08deaa6389c3&E=System.String[];5;Digita Oy | Stålverket 20 96140 Boden | 1 | Läs mer
2026-09-30;10:27:23+0000;Cubitor;Stålverket 20 96140 Boden;10;Boden;https://www.av.se/arbetsmiljoarbete-och-inspektioner/e-tjanster-och-blanketter/sok-utstationering/?id=ec7e56fe-42fe-4364-2b9c-08dd8b8c8245&E=System.String[];5;Cubitor | Stålverket 20 96140 Boden | 10 | Läs mer
2026-09-30;10:27:23+0000;Cronos Digital Safety Solutions Oy;Stålverket 20 96140 Boden;1;Boden;https://www.av.se/arbetsmiljoarbete-och-inspektioner/e-tjanster-och-blanketter/sok-utstationering/?id=fa1d7cbf-76fb-438b-d216-08ddcd90f4a9&E=System.String[];5;Cronos Digital Safety Solutions Oy | Stålverket 20 96140 Boden | 1 | Läs mer
2026-09-30;10:27:23+0000;Crane Norway Midt-Norge AS;Stålverket 20 96140 Boden;1;Boden;https://www.av.se/arbetsmiljoarbete-och-inspektioner/e-tjanster-och-blanketter/sok-utstationering/?id=10bc38a4-c737-42ba-e608-08defcf0c49c&E=System.String[];5;Crane Norway Midt-Norge AS | Stålverket 20 96140 Boden | 1 | Läs mer
2026-09-30;10:27:23+0000;Corsair Consulting OÜ;Stålverket 20 96140 Boden;1;Boden;https://www.av.se/arbetsmiljoarbete-och-inspektioner/e-tjanster-och-blanketter/sok-utstationering/?id=f5c8f811-1cd8-4453-bf82-08dee6179cd8&E=System.String[];5;Corsair Consulting OÜ | Stålverket 20 96140 Boden | 1 | Läs mer
2026-09-30;10:27:23+0000;Corsair Consulting OÜ;Teknikvägen 3 96150 Boden;1;Boden;https://www.av.se/arbetsmiljoarbete-och-inspektioner/e-tjanster-och-blanketter/sok-utstationering/?id=03be4aea-1c02-43fe-c292-08ded01aebb7&E=System.String[];5;Corsair Consulting OÜ | Teknikvägen 3 96150 Boden | 1 | Läs mer
2026-09-30;10:27:23+0000;Construction Solutions sp. z o.o;Stålverket 20 96140 Boden;7;Boden;https://www.av.se/arbetsmiljoarbete-och-inspektioner/e-tjanster-och-blanketter/sok-utstationering/?id=82d16450-6e80-4f04-102b-08ddbd14078a&E=System.String[];5;Construction Solutions sp. z o.o | Stålverket 20 96140 Boden | 7 | Läs mer
2026-09-30;10:27:23+0000;Conpech Resources;Stålverket 20 96140 Boden;1;Boden;https://www.av.se/arbetsmiljoarbete-och-inspektioner/e-tjanster-och-blanketter/sok-utstationering/?id=f2fc2b11-1967-4c4c-7805-08ddfbf48b88&E=System.String[];5;Conpech Resources | Stålverket 20 96140 Boden | 1 | Läs mer
2026-09-30;10:27:23+0000;CN Heavy Transport AS;Stålverket 20 96140 Boden;2;Boden;https://www.av.se/arbetsmiljoarbete-och-inspektioner/e-tjanster-och-blanketter/sok-utstationering/?id=96bb9cf8-5ea2-4a0b-f60c-08ded59cff7c&E=System.String[];5;CN Heavy Transport AS | Stålverket 20 96140 Boden | 2 | Läs mer
2026-09-30;10:27:23+0000;Chart Ferox a.s.;Stålverket 20 96140 Boden;7;Boden;https://www.av.se/arbetsmiljoarbete-och-inspektioner/e-tjanster-och-blanketter/sok-utstationering/?id=aa0ef812-633c-43b1-a0ed-08de048b9df6&E=System.String[];5;Chart Ferox a.s. | Stålverket 20 96140 Boden | 7 | Läs mer
2026-09-30;10:27:23+0000;Centum Servico Ltd;Stålverket 20 96140 Boden;53;Boden;https://www.av.se/arbetsmiljoarbete-och-inspektioner/e-tjanster-och-blanketter/sok-utstationering/?id=21279f08-fa32-4ea2-866c-08de2b16bc5a&E=System.String[];5;Centum Servico Ltd | Stålverket 20 96140 Boden | 53 | Läs mer
2026-09-30;10:27:23+0000;Centum Engineering Services (SE) Ltd;Stålverket 20 96140 Boden;3;Boden;https://www.av.se/arbetsmiljoarbete-och-inspektioner/e-tjanster-och-blanketter/sok-utstationering/?id=09d44346-8837-45f5-ee3d-08dee15cb58e&E=System.String[];5;Centum Engineering Services (SE) Ltd | Stålverket 20 96140 Boden | 3 | Läs mer
2026-09-30;10:27:23+0000;CB&l Nederland B.V;Stålverket 20 96140 Boden;8;Boden;https://www.av.se/arbetsmiljoarbete-och-inspektioner/e-tjanster-och-blanketter/sok-utstationering/?id=6b56a271-c931-48d6-2f4b-08de316986e1&E=System.String[];5;CB&l Nederland B.V | Stålverket 20 96140 Boden | 8 | Läs mer
2026-09-30;10:27:23+0000;CB&I Global Operations International PTE. LTD.;Stålverket 20 96140 Boden;121;Boden;https://www.av.se/arbetsmiljoarbete-och-inspektioner/e-tjanster-och-blanketter/sok-utstationering/?id=25c36c56-3833-45b5-fe6d-08dca62d57e0&E=System.String[];5;CB&I Global Operations International PTE. LTD. | Stålverket 20 96140 Boden | 121 | Läs mer
2026-09-30;10:27:23+0000;Brunel International South East Asia PTE Ltd;Stålverket 20 96140 Boden;1;Boden;https://www.av.se/arbetsmiljoarbete-och-inspektioner/e-tjanster-och-blanketter/sok-utstationering/?id=45c28b24-bcac-4cfd-44b0-08ddbea4b2f3&E=System.String[];5;Brunel International South East Asia PTE Ltd | Stålverket 20 96140 Boden | 1 | Läs mer
2026-09-30;10:27:23+0000;Broderna Nygard Ab;Lakaträsk 404 Boden;12;Boden;https://www.av.se/arbetsmiljoarbete-och-inspektioner/e-tjanster-och-blanketter/sok-utstationering/?id=6302fceb-922f-4351-6880-08dec2c3eed1&E=System.String[];5;Broderna Nygard Ab | Lakaträsk 404 Boden | 12 | Läs mer
2026-09-30;10:27:23+0000;Boreal Paint Oy;Bullerleden 5 96167 Boden;5;Boden;https://www.av.se/arbetsmiljoarbete-och-inspektioner/e-tjanster-och-blanketter/sok-utstationering/?id=42094bb9-37ce-445d-ad53-08df0a44061d&E=System.String[];5;Boreal Paint Oy | Bullerleden 5 96167 Boden | 5 | Läs mer
2026-09-30;10:27:23+0000;BMS Heavy Cranes A/S;Teknikvägen 3 96150 Boden;3;Boden;https://www.av.se/arbetsmiljoarbete-och-inspektioner/e-tjanster-och-blanketter/sok-utstationering/?id=5c4c7c90-a7f4-4e8e-6416-08df13a80524&E=System.String[];5;BMS Heavy Cranes A/S | Teknikvägen 3 96150 Boden | 3 | Läs mer
2026-09-30;10:27:23+0000;BMS Heavy Cranes A/S;Stålverket 20 96140 Boden;2;Boden;https://www.av.se/arbetsmiljoarbete-och-inspektioner/e-tjanster-och-blanketter/sok-utstationering/?id=e413ffd8-de19-4f79-f221-08df1ea82e22&E=System.String[];5;BMS Heavy Cranes A/S | Stålverket 20 96140 Boden | 2 | Läs mer
2026-09-30;10:27:23+0000;BLT Ammunet OY;Stålverket 20 96140 Boden;2;Boden;https://www.av.se/arbetsmiljoarbete-och-inspektioner/e-tjanster-och-blanketter/sok-utstationering/?id=4f2967b7-dedf-4ae0-6d70-08dcd1d03edc&E=System.String[];5;BLT Ammunet OY | Stålverket 20 96140 Boden | 2 | Läs mer
2026-09-30;10:27:23+0000;Binks Overseas Nordics ApS;Stålverket 20 96140 Boden;1;Boden;https://www.av.se/arbetsmiljoarbete-och-inspektioner/e-tjanster-och-blanketter/sok-utstationering/?id=cb38172c-0e29-482b-df56-08dec06ee9e8&E=System.String[];5;Binks Overseas Nordics ApS | Stålverket 20 96140 Boden | 1 | Läs mer
2026-09-30;10:27:23+0000;Binks Overseas Nordics ApS;Stålverket 20 96140 Boden;1;Boden;https://www.av.se/arbetsmiljoarbete-och-inspektioner/e-tjanster-och-blanketter/sok-utstationering/?id=b2d88ab0-d105-43cb-8428-08de62f2656a&E=System.String[];5;Binks Overseas Nordics ApS | Stålverket 20 96140 Boden | 1 | Läs mer
2026-09-30;10:27:23+0000;Binks Overseas;Stålverket 20 96140 Boden;1;Boden;https://www.av.se/arbetsmiljoarbete-och-inspektioner/e-tjanster-och-blanketter/sok-utstationering/?id=41723e7c-947d-4ea6-3fa1-08de5ef121a2&E=System.String[];5;Binks Overseas | Stålverket 20 96140 Boden | 1 | Läs mer
2026-09-30;10:27:23+0000;Binks Overseas;Stålverket 20 96140 Boden;1;Boden;https://www.av.se/arbetsmiljoarbete-och-inspektioner/e-tjanster-och-blanketter/sok-utstationering/?id=500948b5-b83d-4e12-3fa0-08de5ef121a2&E=System.String[];5;Binks Overseas | Stålverket 20 96140 Boden | 1 | Läs mer
2026-09-30;10:27:23+0000;BILLWELD OÜ;Stålverket 20 96140 Boden;3;Boden;https://www.av.se/arbetsmiljoarbete-och-inspektioner/e-tjanster-och-blanketter/sok-utstationering/?id=c9203c4d-b429-44e2-b1ca-08de2e4470c6&E=System.String[];5;BILLWELD OÜ | Stålverket 20 96140 Boden | 3 | Läs mer
2026-09-30;10:27:23+0000;Bilfinger Finland Oy;Stålverket 20 96140 Boden;46;Boden;https://www.av.se/arbetsmiljoarbete-och-inspektioner/e-tjanster-och-blanketter/sok-utstationering/?id=5fc086e4-04a2-42f1-9754-08dd5235564d&E=System.String[];5;Bilfinger Finland Oy | Stålverket 20 96140 Boden | 46 | Läs mer
2026-09-30;10:27:23+0000;Betoniperhe AB;Stålverket 20 96140 Boden;12;Boden;https://www.av.se/arbetsmiljoarbete-och-inspektioner/e-tjanster-och-blanketter/sok-utstationering/?id=968a1785-dbd8-4743-9df1-08dc8483f4a7&E=System.String[];5;Betoniperhe AB | Stålverket 20 96140 Boden | 12 | Läs mer
2026-09-30;10:27:23+0000;Betoniperhe AB;Stålverket 20 96140 Boden;12;Boden;https://www.av.se/arbetsmiljoarbete-och-inspektioner/e-tjanster-och-blanketter/sok-utstationering/?id=93315fac-839e-4771-9def-08dc8483f4a7&E=System.String[];5;Betoniperhe AB | Stålverket 20 96140 Boden | 12 | Läs mer
2026-09-30;10:27:23+0000;Betoniperhe AB;Stålverket 20 96140 Boden;12;Boden;https://www.av.se/arbetsmiljoarbete-och-inspektioner/e-tjanster-och-blanketter/sok-utstationering/?id=de510697-ad55-44be-9df2-08dc8483f4a7&E=System.String[];5;Betoniperhe AB | Stålverket 20 96140 Boden | 12 | Läs mer
2026-09-30;10:27:23+0000;Betomik Oy;Stålverket 20 96140 Boden;27;Boden;https://www.av.se/arbetsmiljoarbete-och-inspektioner/e-tjanster-och-blanketter/sok-utstationering/?id=9a44c7ba-90e9-45d9-3803-08dbc5c053d7&E=System.String[];5;Betomik Oy | Stålverket 20 96140 Boden | 27 | Läs mer
2026-09-30;10:27:23+0000;Betomik Oy;Stålverket 20 96140 Boden;28;Boden;https://www.av.se/arbetsmiljoarbete-och-inspektioner/e-tjanster-och-blanketter/sok-utstationering/?id=efc0070a-135c-486d-92f2-08de3b9651cc&E=System.String[];5;Betomik Oy | Stålverket 20 96140 Boden | 28 | Läs mer
2026-09-30;10:27:23+0000;Barrage d.o.o. (LLC);Hangargränd 1 96143 Boden;1;Boden;https://www.av.se/arbetsmiljoarbete-och-inspektioner/e-tjanster-och-blanketter/sok-utstationering/?id=06c15c95-9263-45e9-9813-08d9977978b1&E=System.String[];5;Barrage d.o.o. (LLC) | Hangargränd 1 96143 Boden | 1 | Läs mer
2026-09-30;10:27:23+0000;B & M TILL IREM SPA ITALY Filial;Stålverket 20 96140 Boden;34;Boden;https://www.av.se/arbetsmiljoarbete-och-inspektioner/e-tjanster-och-blanketter/sok-utstationering/?id=1956e9b6-b25b-41a8-669f-08dcecd6a1cd&E=System.String[];5;B & M TILL IREM SPA ITALY Filial | Stålverket 20 96140 Boden | 34 | Läs mer
2026-09-30;10:27:23+0000;Aumaint Oy;Stålverket 20 96140 Boden;2;Boden;https://www.av.se/arbetsmiljoarbete-och-inspektioner/e-tjanster-och-blanketter/sok-utstationering/?id=df4c7393-daf9-48aa-cfca-08dd3c3bcfa4&E=System.String[];5;Aumaint Oy | Stålverket 20 96140 Boden | 2 | Läs mer
2026-09-30;10:27:23+0000;Arnberg Oy;Teknikvägen 3 96150 Boden;1;Boden;https://www.av.se/arbetsmiljoarbete-och-inspektioner/e-tjanster-och-blanketter/sok-utstationering/?id=990f118d-1cf9-4ddd-7fc3-08de1c314707&E=System.String[];5;Arnberg Oy | Teknikvägen 3 96150 Boden | 1 | Läs mer
2026-09-30;10:27:23+0000;Arctic Rebar Oy;Stålverket 20 96140 Boden;19;Boden;https://www.av.se/arbetsmiljoarbete-och-inspektioner/e-tjanster-och-blanketter/sok-utstationering/?id=598c3d3b-1dfe-4095-cbce-08dcb542ea83&E=System.String[];5;Arctic Rebar Oy | Stålverket 20 96140 Boden | 19 | Läs mer
2026-09-30;10:27:23+0000;Arctic Rebar Oy;Stålverket 20 96140 Boden;25;Boden;https://www.av.se/arbetsmiljoarbete-och-inspektioner/e-tjanster-och-blanketter/sok-utstationering/?id=70b08801-2d46-40fa-01f7-08dcb6a0c782&E=System.String[];5;Arctic Rebar Oy | Stålverket 20 96140 Boden | 25 | Läs mer
2026-09-30;10:27:23+0000;Arctic Rebar Oy;Stålverket 20 96140 Boden;10;Boden;https://www.av.se/arbetsmiljoarbete-och-inspektioner/e-tjanster-och-blanketter/sok-utstationering/?id=2092d77f-e78e-491e-227d-08ddd0b305fd&E=System.String[];5;Arctic Rebar Oy | Stålverket 20 96140 Boden | 10 | Läs mer
2026-09-30;10:27:23+0000;Apex Core Oy;Stålverket 20 96140 Boden;4;Boden;https://www.av.se/arbetsmiljoarbete-och-inspektioner/e-tjanster-och-blanketter/sok-utstationering/?id=6429b1a9-7e9f-4f7c-534c-08ddf40e5521&E=System.String[];5;Apex Core Oy | Stålverket 20 96140 Boden | 4 | Läs mer
2026-09-30;10:27:23+0000;ANTMAR SP. Z O.O.;Stålverket 20 96140 Boden;12;Boden;https://www.av.se/arbetsmiljoarbete-och-inspektioner/e-tjanster-och-blanketter/sok-utstationering/?id=76528b85-49f3-41d1-3993-08dee3cc7e9b&E=System.String[];5;ANTMAR SP. Z O.O. | Stålverket 20 96140 Boden | 12 | Läs mer
2026-09-30;10:27:23+0000;AnDi retro OÜ;Stålverket 20 96140 Boden;5;Boden;https://www.av.se/arbetsmiljoarbete-och-inspektioner/e-tjanster-och-blanketter/sok-utstationering/?id=ee7c182e-dae6-491d-2058-08de83f1238a&E=System.String[];5;AnDi retro OÜ | Stålverket 20 96140 Boden | 5 | Läs mer
2026-09-30;10:27:23+0000;AnDi retro OÜ;Hedenbrovägen 2 96136 Boden;5;Boden;https://www.av.se/arbetsmiljoarbete-och-inspektioner/e-tjanster-och-blanketter/sok-utstationering/?id=2f785497-ca23-4b5a-1248-08de831ce4ca&E=System.String[];5;AnDi retro OÜ | Hedenbrovägen 2 96136 Boden | 5 | Läs mer
2026-09-30;10:27:23+0000;AnDi retro OÜ;Stålverket 20 96140 Boden;19;Boden;https://www.av.se/arbetsmiljoarbete-och-inspektioner/e-tjanster-och-blanketter/sok-utstationering/?id=f552518d-788d-47da-2060-08de83f1238a&E=System.String[];5;AnDi retro OÜ | Stålverket 20 96140 Boden | 19 | Läs mer
2026-09-30;10:27:23+0000;AMADORA WOODHOUSE SRL;Solskensvägen 25 Boden;5;Boden;https://www.av.se/arbetsmiljoarbete-och-inspektioner/e-tjanster-och-blanketter/sok-utstationering/?id=d1779f9e-4bb2-4c23-1d36-08de526ad5b1&E=System.String[];5;AMADORA WOODHOUSE SRL | Solskensvägen 25 Boden | 5 | Läs mer
2026-09-30;10:27:23+0000;Alpi Rakennus Oy;Stålverket 20 96140 Boden;13;Boden;https://www.av.se/arbetsmiljoarbete-och-inspektioner/e-tjanster-och-blanketter/sok-utstationering/?id=eb59188c-453a-4ce7-701d-08dee7b829f5&E=System.String[];5;Alpi Rakennus Oy | Stålverket 20 96140 Boden | 13 | Läs mer
2026-09-30;10:27:23+0000;ahc GmbH;Stålverket 20 96140 Boden;2;Boden;https://www.av.se/arbetsmiljoarbete-och-inspektioner/e-tjanster-och-blanketter/sok-utstationering/?id=fec8988d-de7e-43a3-4ca9-08dd6c2f2332&E=System.String[];5;ahc GmbH | Stålverket 20 96140 Boden | 2 | Läs mer
2026-09-30;10:27:23+0000;Acinel d.o.o.;Stålverket 20 96140 Boden;2;Boden;https://www.av.se/arbetsmiljoarbete-och-inspektioner/e-tjanster-och-blanketter/sok-utstationering/?id=58ed393a-df27-4c4f-2ec7-08de26697691&E=System.String[];5;Acinel d.o.o. | Stålverket 20 96140 Boden | 2 | Läs mer
2026-09-30;10:27:23+0000;Accero Baltic OÜ;Stålverket 20 96140 Boden;7;Boden;https://www.av.se/arbetsmiljoarbete-och-inspektioner/e-tjanster-och-blanketter/sok-utstationering/?id=5f6290b4-e52e-4436-2a66-08deb561d804&E=System.String[];5;Accero Baltic OÜ | Stålverket 20 96140 Boden | 7 | Läs mer
2026-09-30;10:27:23+0000;Accero Baltic OÜ;Stålverket 20 96140 Boden;16;Boden;https://www.av.se/arbetsmiljoarbete-och-inspektioner/e-tjanster-och-blanketter/sok-utstationering/?id=3885772d-72e5-4398-ddd3-08deb6274b19&E=System.String[];6;Accero Baltic OÜ | Stålverket 20 96140 Boden | 16 | Läs mer
2026-09-30;10:27:23+0000;AB Viamatika;Stålverket 20 96140 Boden;1;Boden;https://www.av.se/arbetsmiljoarbete-och-inspektioner/e-tjanster-och-blanketter/sok-utstationering/?id=0e537121-7be5-4d5c-bf9e-08dee6179cd8&E=System.String[];6;AB Viamatika | Stålverket 20 96140 Boden | 1 | Läs mer
2026-10-01;10:54:40+0000;Österlunds Jordbyggnad;Svartövägen 10 97437 Luleå;2;Luleå;https://www.av.se/arbetsmiljoarbete-och-inspektioner/e-tjanster-och-blanketter/sok-utstationering/?id=f25f2d16-79d6-4335-dc40-08df1f7efe2b&E=System.String[];1;Österlunds Jordbyggnad | Svartövägen 10 97437 Luleå | 2 | Läs mer
2026-10-01;10:54:40+0000;Vaseliinimonni Holding Oy;Kärrviolgatan 3 97636 Luleå;9;Luleå;https://www.av.se/arbetsmiljoarbete-och-inspektioner/e-tjanster-och-blanketter/sok-utstationering/?id=b271556e-9b41-4cfd-f728-08df07e709c2&E=System.String[];1;Vaseliinimonni Holding Oy | Kärrviolgatan 3 97636 Luleå | 9 | Läs mer
2026-10-01;10:54:40+0000;UAB Izolitas;Strömörvägen 2C 97437 Luleå;4;Luleå;https://www.av.se/arbetsmiljoarbete-och-inspektioner/e-tjanster-och-blanketter/sok-utstationering/?id=b60d675d-202d-4ade-6465-08def82f4ed9&E=System.String[];1;UAB Izolitas | Strömörvägen 2C 97437 Luleå | 4 | Läs mer
2026-10-01;10:54:40+0000;UAB IGMABALT;Svartövägen 22 97437 Luleå;5;Luleå;https://www.av.se/arbetsmiljoarbete-och-inspektioner/e-tjanster-och-blanketter/sok-utstationering/?id=08adbd9b-c0d3-4454-4c28-08de571a37cb&E=System.String[];1;UAB IGMABALT | Svartövägen 22 97437 Luleå | 5 | Läs mer
2026-10-01;10:54:40+0000;UAB ESP Projects;Svartövägen 22 97437 Luleå;2;Luleå;https://www.av.se/arbetsmiljoarbete-och-inspektioner/e-tjanster-och-blanketter/sok-utstationering/?id=aa06e5c9-3cf5-4c30-d22e-08de9c40cdc8&E=System.String[];1;UAB ESP Projects | Svartövägen 22 97437 Luleå | 2 | Läs mer
2026-10-01;10:54:40+0000;UAB Cebeco grupe;Torpslingan 23A 97347 Luleå;8;Luleå;https://www.av.se/arbetsmiljoarbete-och-inspektioner/e-tjanster-och-blanketter/sok-utstationering/?id=90763578-0938-4a34-7ee1-08deac0005ec&E=System.String[];1;UAB Cebeco grupe | Torpslingan 23A 97347 Luleå | 8 | Läs mer
2026-10-01;10:54:40+0000;UAB Cebeco grupe;Torpslingan 19A 97347 Luleå;8;Luleå;https://www.av.se/arbetsmiljoarbete-och-inspektioner/e-tjanster-och-blanketter/sok-utstationering/?id=e7b6d759-43d7-4f84-7573-08deb17c1a5b&E=System.String[];1;UAB Cebeco grupe | Torpslingan 19A 97347 Luleå | 8 | Läs mer
2026-10-01;10:54:40+0000;UAB Cebeco grupe;Torpslingan 25A 97347 Luleå;8;Luleå;https://www.av.se/arbetsmiljoarbete-och-inspektioner/e-tjanster-och-blanketter/sok-utstationering/?id=9ba6fbb7-d710-4414-2a40-08deb561d804&E=System.String[];1;UAB Cebeco grupe | Torpslingan 25A 97347 Luleå | 8 | Läs mer
2026-10-01;10:54:40+0000;UAB Cebeco grupe;Magasinsgatan 13A 97241 Luleå;8;Luleå;https://www.av.se/arbetsmiljoarbete-och-inspektioner/e-tjanster-och-blanketter/sok-utstationering/?id=3d2d9563-7a82-4dae-701b-08dee7b829f5&E=System.String[];1;UAB Cebeco grupe | Magasinsgatan 13A 97241 Luleå | 8 | Läs mer
2026-10-01;10:54:40+0000;Turun Nostopalvelu Oy;Svartövägen 22 97437 Luleå;24;Luleå;https://www.av.se/arbetsmiljoarbete-och-inspektioner/e-tjanster-och-blanketter/sok-utstationering/?id=c24154f7-6049-4fa6-4ddf-08dec7d735a1&E=System.String[];1;Turun Nostopalvelu Oy | Svartövägen 22 97437 Luleå | 24 | Läs mer
2026-10-01;10:54:40+0000;Trondecom OÜ;Svartövägen 22 97437 Luleå;1;Luleå;https://www.av.se/arbetsmiljoarbete-och-inspektioner/e-tjanster-och-blanketter/sok-utstationering/?id=b236b410-62e6-4894-0fac-08de95274a1e&E=System.String[];1;Trondecom OÜ | Svartövägen 22 97437 Luleå | 1 | Läs mer
2026-10-01;10:54:40+0000;Trondecom OÜ;Svartövägen 20 97437 Luleå;1;Luleå;https://www.av.se/arbetsmiljoarbete-och-inspektioner/e-tjanster-och-blanketter/sok-utstationering/?id=acb2a0c3-70a2-4a1c-0fa6-08de95274a1e&E=System.String[];1;Trondecom OÜ | Svartövägen 20 97437 Luleå | 1 | Läs mer
2026-10-01;10:54:40+0000;Sweco Polska Sp.z o.o.;Västra Varvsgatan 11 97236 Luleå;2;Luleå;https://www.av.se/arbetsmiljoarbete-och-inspektioner/e-tjanster-och-blanketter/sok-utstationering/?id=5ed6c50a-0715-40b0-fd56-08dc79536504&E=System.String[];1;Sweco Polska Sp.z o.o. | Västra Varvsgatan 11 97236 Luleå | 2 | Läs mer
2026-10-01;10:54:40+0000;Sweco Polska Sp.z o.o.;Svartövägen 22 97437 Luleå;6;Luleå;https://www.av.se/arbetsmiljoarbete-och-inspektioner/e-tjanster-och-blanketter/sok-utstationering/?id=8579ff33-e953-4e00-a72e-08de781a88b3&E=System.String[];1;Sweco Polska Sp.z o.o. | Svartövägen 22 97437 Luleå | 6 | Läs mer
2026-10-01;10:54:40+0000;SWECO PM OY;Svartövägen 22 97437 Luleå;2;Luleå;https://www.av.se/arbetsmiljoarbete-och-inspektioner/e-tjanster-och-blanketter/sok-utstationering/?id=084d2e66-0dce-4a35-889c-08df1de1d6c4&E=System.String[];1;SWECO PM OY | Svartövägen 22 97437 Luleå | 2 | Läs mer
2026-10-01;10:54:40+0000;SprayPro OY;Betongvägen 34 97345 Luleå;1;Luleå;https://www.av.se/arbetsmiljoarbete-och-inspektioner/e-tjanster-och-blanketter/sok-utstationering/?id=2d501cad-1a42-4d7f-e1c8-08dea67520c8&E=System.String[];1;SprayPro OY | Betongvägen 34 97345 Luleå | 1 | Läs mer
2026-10-01;10:54:40+0000;Scaff-Tech Maja Laskowska;Maskinvägen 16 97254 Luleå;6;Luleå;https://www.av.se/arbetsmiljoarbete-och-inspektioner/e-tjanster-och-blanketter/sok-utstationering/?id=461a4b6d-a3ee-42ba-c7af-08ddad63622e&E=System.String[];1;Scaff-Tech Maja Laskowska | Maskinvägen 16 97254 Luleå | 6 | Läs mer
2026-10-01;10:54:40+0000;SBS MANAGEMENT SP. Z O.O.;Småbåtsgatan 1 97235 Luleå;19;Luleå;https://www.av.se/arbetsmiljoarbete-och-inspektioner/e-tjanster-och-blanketter/sok-utstationering/?id=a52db6cf-1b51-4053-5477-08de4ce56eeb&E=System.String[];1;SBS MANAGEMENT SP. Z O.O. | Småbåtsgatan 1 97235 Luleå | 19 | Läs mer
2026-10-01;10:54:40+0000;RSK NORD;Handelsvägen 19 97345 Luleå;2;Luleå;https://www.av.se/arbetsmiljoarbete-och-inspektioner/e-tjanster-och-blanketter/sok-utstationering/?id=6afc0d3d-aac5-4796-83e5-08de12bfcc0c&E=System.String[];1;RSK NORD | Handelsvägen 19 97345 Luleå | 2 | Läs mer
2026-10-01;10:54:40+0000;Restak Tornio Oy;Holmarvägen 153 97598 Luleå;18;Luleå;https://www.av.se/arbetsmiljoarbete-och-inspektioner/e-tjanster-och-blanketter/sok-utstationering/?id=fb6d2424-c199-4b1b-63e4-08df13a80524&E=System.String[];1;Restak Tornio Oy | Holmarvägen 153 97598 Luleå | 18 | Läs mer
2026-10-01;10:54:40+0000;Restak Tornio Oy;Björnmossevägen 17 97441 Luleå;18;Luleå;https://www.av.se/arbetsmiljoarbete-och-inspektioner/e-tjanster-och-blanketter/sok-utstationering/?id=7dd607fd-c2f1-4f73-dc5f-08df1f7efe2b&E=System.String[];1;Restak Tornio Oy | Björnmossevägen 17 97441 Luleå | 18 | Läs mer
2026-10-01;10:54:40+0000;Restak Tornio Oy;Långnäsvägen 30 97593 Luleå;18;Luleå;https://www.av.se/arbetsmiljoarbete-och-inspektioner/e-tjanster-och-blanketter/sok-utstationering/?id=bf84580b-ac01-4387-63e6-08df13a80524&E=System.String[];1;Restak Tornio Oy | Långnäsvägen 30 97593 Luleå | 18 | Läs mer
2026-10-01;10:54:40+0000;Rejlers Finland Oy;Svartövägen 22 97437 Luleå;1;Luleå;https://www.av.se/arbetsmiljoarbete-och-inspektioner/e-tjanster-och-blanketter/sok-utstationering/?id=cd98fb1a-a7be-4699-3f0c-08de7f357c80&E=System.String[];1;Rejlers Finland Oy | Svartövägen 22 97437 Luleå | 1 | Läs mer
2026-10-01;10:54:40+0000;RBTEAM SP Z O.O;Svartövägen 22 97437 Luleå;3;Luleå;https://www.av.se/arbetsmiljoarbete-och-inspektioner/e-tjanster-och-blanketter/sok-utstationering/?id=3606adfc-1511-481f-74a6-08de00565b6e&E=System.String[];1;RBTEAM SP Z O.O | Svartövägen 22 97437 Luleå | 3 | Läs mer
2026-10-01;10:54:40+0000;QSI Consulting Ltd;Svartövägen 20 97437 Luleå;5;Luleå;https://www.av.se/arbetsmiljoarbete-och-inspektioner/e-tjanster-och-blanketter/sok-utstationering/?id=a20c4128-07a7-4afc-c18a-08de715aebcf&E=System.String[];1;QSI Consulting Ltd | Svartövägen 20 97437 Luleå | 5 | Läs mer
2026-10-01;10:54:40+0000;Proside OÜ;Teknikens hus väg 2 97754 Luleå;6;Luleå;https://www.av.se/arbetsmiljoarbete-och-inspektioner/e-tjanster-och-blanketter/sok-utstationering/?id=9dd5c854-dbe5-45ad-da40-08df03347e6c&E=System.String[];1;Proside OÜ | Teknikens hus väg 2 97754 Luleå | 6 | Läs mer
2026-10-01;10:54:40+0000;ProPiling Oy;Svartövägen 22 97437 Luleå;11;Luleå;https://www.av.se/arbetsmiljoarbete-och-inspektioner/e-tjanster-och-blanketter/sok-utstationering/?id=3482cb1e-e747-4fea-09a2-08deeb94af0b&E=System.String[];1;ProPiling Oy | Svartövägen 22 97437 Luleå | 11 | Läs mer
2026-10-01;10:54:40+0000;ProPiling oy;Svartövägen 22 97437 Luleå;5;Luleå;https://www.av.se/arbetsmiljoarbete-och-inspektioner/e-tjanster-och-blanketter/sok-utstationering/?id=36d7cee9-73fc-463c-e037-08dea5ad07be&E=System.String[];1;ProPiling oy | Svartövägen 22 97437 Luleå | 5 | Läs mer
2026-10-01;10:54:40+0000;PROACTS s.à.r.l.;Svartövägen 20 97437 Luleå;2;Luleå;https://www.av.se/arbetsmiljoarbete-och-inspektioner/e-tjanster-och-blanketter/sok-utstationering/?id=47e09487-8d0d-42f0-9e7c-08de57ecfe68&E=System.String[];1;PROACTS s.à.r.l. | Svartövägen 20 97437 Luleå | 2 | Läs mer
2026-10-01;10:54:40+0000;OÜ Moodul Ekspert;Teknikens hus väg 2 97754 Luleå;17;Luleå;https://www.av.se/arbetsmiljoarbete-och-inspektioner/e-tjanster-och-blanketter/sok-utstationering/?id=7bb40a20-f9f8-4926-3db5-08defc0ccd4d&E=System.String[];1;OÜ Moodul Ekspert | Teknikens hus väg 2 97754 Luleå | 17 | Läs mer
2026-10-01;10:54:40+0000;OÜ Moodul Ekspert;Haparandavägen 300 97596 Luleå;10;Luleå;https://www.av.se/arbetsmiljoarbete-och-inspektioner/e-tjanster-och-blanketter/sok-utstationering/?id=19e7cbcb-78e7-4db0-708a-08deaf089016&E=System.String[];1;OÜ Moodul Ekspert | Haparandavägen 300 97596 Luleå | 10 | Läs mer
2026-10-01;10:54:40+0000;Osterlunds Jordbyggnad;Svartövägen 10 97437 Luleå;1;Luleå;https://www.av.se/arbetsmiljoarbete-och-inspektioner/e-tjanster-och-blanketter/sok-utstationering/?id=06cab273-1718-460a-dc3f-08df1f7efe2b&E=System.String[];1;Osterlunds Jordbyggnad | Svartövägen 10 97437 Luleå | 1 | Läs mer
2026-10-01;10:54:40+0000;Osterlunds Jordbyggnad;Svartövägen 22 97437 Luleå;2;Luleå;https://www.av.se/arbetsmiljoarbete-och-inspektioner/e-tjanster-och-blanketter/sok-utstationering/?id=4bad3d26-6b61-49b8-5278-08de8fa033d3&E=System.String[];1;Osterlunds Jordbyggnad | Svartövägen 22 97437 Luleå | 2 | Läs mer
2026-10-01;10:54:40+0000;Niskasen Maansiirto Oy;Svartövägen 22 97437 Luleå;14;Luleå;https://www.av.se/arbetsmiljoarbete-och-inspektioner/e-tjanster-och-blanketter/sok-utstationering/?id=e7cb19fa-daae-4093-708c-08deaf089016&E=System.String[];1;Niskasen Maansiirto Oy | Svartövägen 22 97437 Luleå | 14 | Läs mer
2026-10-01;10:54:40+0000;Mitta Oy;Svartövägen 22 97437 Luleå;4;Luleå;https://www.av.se/arbetsmiljoarbete-och-inspektioner/e-tjanster-och-blanketter/sok-utstationering/?id=1a073ab4-af30-47c9-4172-08dea4148c97&E=System.String[];1;Mitta Oy | Svartövägen 22 97437 Luleå | 4 | Läs mer
2026-10-01;10:54:40+0000;Mercury Engineering Limited;Datavägen 10 97754 Luleå;1;Luleå;https://www.av.se/arbetsmiljoarbete-och-inspektioner/e-tjanster-och-blanketter/sok-utstationering/?id=a6a2c592-2d41-4215-a9bb-08de387cb537&E=System.String[];1;Mercury Engineering Limited | Datavägen 10 97754 Luleå | 1 | Läs mer
2026-10-01;10:54:40+0000;KLM Ehitus OÜ;Haparandavägen 300 97596 Luleå;11;Luleå;https://www.av.se/arbetsmiljoarbete-och-inspektioner/e-tjanster-och-blanketter/sok-utstationering/?id=c8357ab5-ee0d-4f1b-70a1-08deaf089016&E=System.String[];1;KLM Ehitus OÜ | Haparandavägen 300 97596 Luleå | 11 | Läs mer
2026-10-01;10:54:40+0000;K-LAGAN ESPAÑA, S.L.U.;Svartövägen 22 97437 Luleå;1;Luleå;https://www.av.se/arbetsmiljoarbete-och-inspektioner/e-tjanster-och-blanketter/sok-utstationering/?id=45bbe1db-54ee-4e31-4bec-08dedb16682e&E=System.String[];1;K-LAGAN ESPAÑA, S.L.U. | Svartövägen 22 97437 Luleå | 1 | Läs mer
2026-10-01;10:54:40+0000;K-LAGAN ESPAÑA, S.L.U.;Svartövägen 22 97437 Luleå;1;Luleå;https://www.av.se/arbetsmiljoarbete-och-inspektioner/e-tjanster-och-blanketter/sok-utstationering/?id=d9d54db4-c6d7-48b0-00ca-08df097a13d5&E=System.String[];1;K-LAGAN ESPAÑA, S.L.U. | Svartövägen 22 97437 Luleå | 1 | Läs mer
2026-10-01;10:54:40+0000;KINTEC RECRUITMENT LIMITED;Svartövägen 22 97437 Luleå;6;Luleå;https://www.av.se/arbetsmiljoarbete-och-inspektioner/e-tjanster-och-blanketter/sok-utstationering/?id=07f55b79-68ef-4e17-3fa8-08de5ef121a2&E=System.String[];1;KINTEC RECRUITMENT LIMITED | Svartövägen 22 97437 Luleå | 6 | Läs mer
2026-10-01;10:54:40+0000;KGS Keller Geräte & Service GmbH;Svartövägen 22 97437 Luleå;3;Luleå;https://www.av.se/arbetsmiljoarbete-och-inspektioner/e-tjanster-och-blanketter/sok-utstationering/?id=35ecf3ea-781d-4c93-e827-08de75bfad34&E=System.String[];1;KGS Keller Geräte & Service GmbH | Svartövägen 22 97437 Luleå | 3 | Läs mer
2026-10-01;10:54:40+0000;Keller Grundbau GmbH;Svartövägen 22 97437 Luleå;6;Luleå;https://www.av.se/arbetsmiljoarbete-och-inspektioner/e-tjanster-och-blanketter/sok-utstationering/?id=56434c09-8b8d-480f-485b-08de7d9afff4&E=System.String[];1;Keller Grundbau GmbH | Svartövägen 22 97437 Luleå | 6 | Läs mer
2026-10-01;10:54:40+0000;Keller Group Plc;Svartövägen 22 97437 Luleå;3;Luleå;https://www.av.se/arbetsmiljoarbete-och-inspektioner/e-tjanster-och-blanketter/sok-utstationering/?id=ff9b6f87-6b62-454a-897a-08dea1bee328&E=System.String[];1;Keller Group Plc | Svartövägen 22 97437 Luleå | 3 | Läs mer
2026-10-01;10:54:40+0000;Keller Group Plc;Svartövägen 22 97437 Luleå;1;Luleå;https://www.av.se/arbetsmiljoarbete-och-inspektioner/e-tjanster-och-blanketter/sok-utstationering/?id=cd75e774-1a2c-4034-8a14-08df19f7e3f2&E=System.String[];1;Keller Group Plc | Svartövägen 22 97437 Luleå | 1 | Läs mer
2026-10-01;10:54:40+0000;Keller Fondazioni SRL;Svartövägen 22 97437 Luleå;1;Luleå;https://www.av.se/arbetsmiljoarbete-och-inspektioner/e-tjanster-och-blanketter/sok-utstationering/?id=52c36e9c-187a-4d19-4ab2-08df146b5fd2&E=System.String[];1;Keller Fondazioni SRL | Svartövägen 22 97437 Luleå | 1 | Läs mer
2026-10-01;10:54:40+0000;JIS-Urakointi Oy;Svartövägen 22 97437 Luleå;3;Luleå;https://www.av.se/arbetsmiljoarbete-och-inspektioner/e-tjanster-och-blanketter/sok-utstationering/?id=df279731-69e3-453d-50d5-08df1d1886e1&E=System.String[];1;JIS-Urakointi Oy | Svartövägen 22 97437 Luleå | 3 | Läs mer
2026-10-01;10:54:40+0000;IDOM ENGENHARIA - SERVIÇOS DE ENGENHARIA E CONSULTORIA, LDA;Svartövägen 22 97437 Luleå;1;Luleå;https://www.av.se/arbetsmiljoarbete-och-inspektioner/e-tjanster-och-blanketter/sok-utstationering/?id=05b93bae-f42b-4dff-e5e6-08de6475ef08&E=System.String[];1;IDOM ENGENHARIA - SERVIÇOS DE ENGENHARIA E CONSULTORIA, LDA | Svartövägen 22 97437 Luleå | 1 | Läs mer
2026-10-01;10:54:40+0000;IDOM CONSULTING ENGINEERING ARCHITECTURE SAU;Svartövägen 22 97437 Luleå;13;Luleå;https://www.av.se/arbetsmiljoarbete-och-inspektioner/e-tjanster-och-blanketter/sok-utstationering/?id=e13d76b4-d889-475b-c1c3-08de51987b9a&E=System.String[];1;IDOM CONSULTING ENGINEERING ARCHITECTURE SAU | Svartövägen 22 97437 Luleå | 13 | Läs mer
2026-10-01;10:54:40+0000;Geosystems s.r.o.;Svartövägen 22 97437 Luleå;6;Luleå;https://www.av.se/arbetsmiljoarbete-och-inspektioner/e-tjanster-och-blanketter/sok-utstationering/?id=33d5e7d2-ec0b-42c2-5ed6-08de4c2495f0&E=System.String[];1;Geosystems s.r.o. | Svartövägen 22 97437 Luleå | 6 | Läs mer
2026-10-01;10:54:40+0000;GEO Fundamentering & Bergboring AS;Svartövägen 22 97437 Luleå;4;Luleå;https://www.av.se/arbetsmiljoarbete-och-inspektioner/e-tjanster-och-blanketter/sok-utstationering/?id=a9ca633f-9c04-4ac2-eb5c-08dec83892d0&E=System.String[];1;GEO Fundamentering & Bergboring AS | Svartövägen 22 97437 Luleå | 4 | Läs mer
2026-10-01;10:54:40+0000;Geis Eurocargo GmbH;Sjukhusvägen 10 95442 Södra Sunderbyn;4;Luleå;https://www.av.se/arbetsmiljoarbete-och-inspektioner/e-tjanster-och-blanketter/sok-utstationering/?id=48293330-7c4f-49b5-b16d-08d9db175799&E=System.String[];2;Geis Eurocargo GmbH | Sjukhusvägen 10 95442 Södra Sunderbyn | 4 | Läs mer
2026-10-01;10:54:40+0000;Fortis Associates Ltd;Svartövägen 22 97437 Luleå;8;Luleå;https://www.av.se/arbetsmiljoarbete-och-inspektioner/e-tjanster-och-blanketter/sok-utstationering/?id=10512d5c-4473-4a2a-0938-08de290aab5b&E=System.String[];2;Fortis Associates Ltd | Svartövägen 22 97437 Luleå | 8 | Läs mer
2026-10-01;10:54:40+0000;FIRESCUE ApS;Betongvägen 15 97345 Luleå;1;Luleå;https://www.av.se/arbetsmiljoarbete-och-inspektioner/e-tjanster-och-blanketter/sok-utstationering/?id=0ca5632c-b60e-4695-dd2e-08de6c86c4d3&E=System.String[];2;FIRESCUE ApS | Betongvägen 15 97345 Luleå | 1 | Läs mer
2026-10-01;10:54:40+0000;Fimpec PMO Oy;Svartövägen 22 97437 Luleå;2;Luleå;https://www.av.se/arbetsmiljoarbete-och-inspektioner/e-tjanster-och-blanketter/sok-utstationering/?id=65473ec7-2c4c-4acd-8152-08de7e5e8497&E=System.String[];2;Fimpec PMO Oy | Svartövägen 22 97437 Luleå | 2 | Läs mer
2026-10-01;10:54:40+0000;Fimpec PMO Oy;Svartövägen 20 97437 Luleå;1;Luleå;https://www.av.se/arbetsmiljoarbete-och-inspektioner/e-tjanster-och-blanketter/sok-utstationering/?id=50245ce8-de92-4dcc-8150-08de7e5e8497&E=System.String[];2;Fimpec PMO Oy | Svartövägen 20 97437 Luleå | 1 | Läs mer
2026-10-01;10:54:40+0000;Emerald Core Construction Trading as The Advantage Ireland;Uddebovägen 1 97437 Luleå;1;Luleå;https://www.av.se/arbetsmiljoarbete-och-inspektioner/e-tjanster-och-blanketter/sok-utstationering/?id=8da4f1e2-e554-43df-4c02-08de704829f1&E=System.String[];2;Emerald Core Construction Trading as The Advantage Ireland | Uddebovägen 1 97437 Luleå | 1 | Läs mer
2026-10-01;10:54:40+0000;Emerald Core Construction Trading as The Advantage Ireland;Svartövägen 22 97437 Luleå;2;Luleå;https://www.av.se/arbetsmiljoarbete-och-inspektioner/e-tjanster-och-blanketter/sok-utstationering/?id=ffa85eb9-183a-4ef6-4d6d-08de75022dc1&E=System.String[];2;Emerald Core Construction Trading as The Advantage Ireland | Svartövägen 22 97437 Luleå | 2 | Läs mer
2026-10-01;10:54:40+0000;Destia Oy;Svartövägen 22 97437 Luleå;5;Luleå;https://www.av.se/arbetsmiljoarbete-och-inspektioner/e-tjanster-och-blanketter/sok-utstationering/?id=c5b78ca9-993c-4e1e-2a3f-08deb561d804&E=System.String[];2;Destia Oy | Svartövägen 22 97437 Luleå | 5 | Läs mer
2026-10-01;10:54:40+0000;Destia Oy;Svartövägen 22 97437 Luleå;8;Luleå;https://www.av.se/arbetsmiljoarbete-och-inspektioner/e-tjanster-och-blanketter/sok-utstationering/?id=aa7f1251-1cb3-4dcd-2a4b-08deb561d804&E=System.String[];2;Destia Oy | Svartövägen 22 97437 Luleå | 8 | Läs mer
2026-10-01;10:54:40+0000;Deel Germany GmbH;Svartövägen 22 97437 Luleå;1;Luleå;https://www.av.se/arbetsmiljoarbete-och-inspektioner/e-tjanster-och-blanketter/sok-utstationering/?id=a23b74c0-cb77-46fa-4ab1-08df146b5fd2&E=System.String[];2;Deel Germany GmbH | Svartövägen 22 97437 Luleå | 1 | Läs mer
2026-10-01;10:54:40+0000;Crane Norway Midt-Norge AS;Svartövägen 22 97437 Luleå;3;Luleå;https://www.av.se/arbetsmiljoarbete-och-inspektioner/e-tjanster-och-blanketter/sok-utstationering/?id=53e4169d-601b-4770-e036-08de5c97ab07&E=System.String[];2;Crane Norway Midt-Norge AS | Svartövägen 22 97437 Luleå | 3 | Läs mer
2026-10-01;10:54:40+0000;Construction Solutions sp. z o.o;Maskinvägen 16 97254 Luleå;6;Luleå;https://www.av.se/arbetsmiljoarbete-och-inspektioner/e-tjanster-och-blanketter/sok-utstationering/?id=7cc83e20-8146-4367-86b6-08dec6a966a4&E=System.String[];2;Construction Solutions sp. z o.o | Maskinvägen 16 97254 Luleå | 6 | Läs mer
2026-10-01;10:54:40+0000;Construction Solutions sp. z o.o;Långbackavägen 10 97595 Luleå;1;Luleå;https://www.av.se/arbetsmiljoarbete-och-inspektioner/e-tjanster-och-blanketter/sok-utstationering/?id=e817cf90-3d8a-4168-6007-08df179bc8c0&E=System.String[];2;Construction Solutions sp. z o.o | Långbackavägen 10 97595 Luleå | 1 | Läs mer
2026-10-01;10:54:40+0000;Carina Solutions Oy;Svartövägen 22 97437 Luleå;7;Luleå;https://www.av.se/arbetsmiljoarbete-och-inspektioner/e-tjanster-och-blanketter/sok-utstationering/?id=a1d3e2df-bebc-451a-4fe5-08de10608a63&E=System.String[];2;Carina Solutions Oy | Svartövägen 22 97437 Luleå | 7 | Läs mer
2026-10-01;10:54:40+0000;BMS Heavy Cranes A/S;Betongvägen 15 97345 Luleå;2;Luleå;https://www.av.se/arbetsmiljoarbete-och-inspektioner/e-tjanster-och-blanketter/sok-utstationering/?id=61497395-2aac-4f67-f20f-08df1ea82e22&E=System.String[];2;BMS Heavy Cranes A/S | Betongvägen 15 97345 Luleå | 2 | Läs mer
2026-10-01;10:54:40+0000;Binks Overseas Nordics ApS;Svartövägen 22 97437 Luleå;1;Luleå;https://www.av.se/arbetsmiljoarbete-och-inspektioner/e-tjanster-och-blanketter/sok-utstationering/?id=1d7a6c55-6e6b-4f90-9cd3-08decc209259&E=System.String[];2;Binks Overseas Nordics ApS | Svartövägen 22 97437 Luleå | 1 | Läs mer
2026-10-01;10:54:40+0000;AFRY Finland Oy;Svartövägen 22 97437 Luleå;42;Luleå;https://www.av.se/arbetsmiljoarbete-och-inspektioner/e-tjanster-och-blanketter/sok-utstationering/?id=af9de40e-42f9-434b-4bf2-08de704829f1&E=System.String[];2;AFRY Finland Oy | Svartövägen 22 97437 Luleå | 42 | Läs mer
2026-10-01;10:54:40+0000;AETHERIZE SYSTEMS, SL;Svartövägen 22 97437 Luleå;1;Luleå;https://www.av.se/arbetsmiljoarbete-och-inspektioner/e-tjanster-och-blanketter/sok-utstationering/?id=029c27a3-c841-497a-4f3a-08de8bc612a9&E=System.String[];2;AETHERIZE SYSTEMS, SL | Svartövägen 22 97437 Luleå | 1 | Läs mer
2026-10-01;10:54:40+0000;AETHERIZE SL;Svartövägen 22 97437 Luleå;1;Luleå;https://www.av.se/arbetsmiljoarbete-och-inspektioner/e-tjanster-och-blanketter/sok-utstationering/?id=75b3150c-bc29-4a74-3dae-08defc0ccd4d&E=System.String[];2;AETHERIZE SL | Svartövägen 22 97437 Luleå | 1 | Läs mer
2026-10-01;10:54:40+0000;Österlunds Jordbyggnad;Stålverket 20 96140 Boden;1;Boden;https://www.av.se/arbetsmiljoarbete-och-inspektioner/e-tjanster-och-blanketter/sok-utstationering/?id=b8cb0b9f-eeb0-4404-50f7-08df1d1886e1&E=System.String[];1;Österlunds Jordbyggnad | Stålverket 20 96140 Boden | 1 | Läs mer
2026-10-01;10:54:40+0000;"ZAKLAD OBSLUGI HOLDINGU ""ZOH"" Sp. z o.o.";Stålverket 20 96140 Boden;5;Boden;https://www.av.se/arbetsmiljoarbete-och-inspektioner/e-tjanster-och-blanketter/sok-utstationering/?id=2da14d0f-e6bf-461c-9bd1-08df0f60d3d1&E=System.String[];1;"ZAKLAD OBSLUGI HOLDINGU ""ZOH"" Sp. z o.o. | Stålverket 20 96140 Boden | 5 | Läs mer"
2026-10-01;10:54:40+0000;Vt & Kumpp. Construction Oy;Stålverket 20 96140 Boden;5;Boden;https://www.av.se/arbetsmiljoarbete-och-inspektioner/e-tjanster-och-blanketter/sok-utstationering/?id=0afa0d93-eb69-4aa6-15f5-08ddb209085d&E=System.String[];1;Vt & Kumpp. Construction Oy | Stålverket 20 96140 Boden | 5 | Läs mer
2026-10-01;10:54:40+0000;WQ Master oy;Stålverket 20 96140 Boden;1;Boden;https://www.av.se/arbetsmiljoarbete-och-inspektioner/e-tjanster-och-blanketter/sok-utstationering/?id=b557ee5f-ea4e-451c-13e3-08ddeb728b8d&E=System.String[];1;WQ Master oy | Stålverket 20 96140 Boden | 1 | Läs mer
2026-10-01;10:54:40+0000;WPI pro service;Bullerleden 5 96167 Boden;2;Boden;https://www.av.se/arbetsmiljoarbete-och-inspektioner/e-tjanster-och-blanketter/sok-utstationering/?id=62af04e0-2969-49f4-5ec5-08def11eb407&E=System.String[];1;WPI pro service | Bullerleden 5 96167 Boden | 2 | Läs mer
2026-10-01;10:54:40+0000;Workforsa Nord OÜ;Stålverket 20 96140 Boden;47;Boden;https://www.av.se/arbetsmiljoarbete-och-inspektioner/e-tjanster-och-blanketter/sok-utstationering/?id=35b2d0f3-a8b4-486f-c3ad-08def7577433&E=System.String[];1;Workforsa Nord OÜ | Stålverket 20 96140 Boden | 47 | Läs mer
2026-10-01;10:54:40+0000;Volvo Construction Equipment Finland Oy;Stålverket 20 96140 Boden;3;Boden;https://www.av.se/arbetsmiljoarbete-och-inspektioner/e-tjanster-och-blanketter/sok-utstationering/?id=d4d1045c-c60e-43a6-7c89-08dc53ebc584&E=System.String[];1;Volvo Construction Equipment Finland Oy | Stålverket 20 96140 Boden | 3 | Läs mer
2026-10-01;10:54:40+0000;VMAT CONSTRUCTION;Stålverket 20 96140 Boden;4;Boden;https://www.av.se/arbetsmiljoarbete-och-inspektioner/e-tjanster-och-blanketter/sok-utstationering/?id=b679b740-95ed-4079-8977-08dea1bee328&E=System.String[];1;VMAT CONSTRUCTION | Stålverket 20 96140 Boden | 4 | Läs mer
2026-10-01;10:54:40+0000;VLAVI Resurss;Stålverket 20 96140 Boden;13;Boden;https://www.av.se/arbetsmiljoarbete-och-inspektioner/e-tjanster-och-blanketter/sok-utstationering/?id=d2d420fb-85d3-43b6-e4fb-08df1ac5a792&E=System.String[];1;VLAVI Resurss | Stålverket 20 96140 Boden | 13 | Läs mer
2026-10-01;10:54:40+0000;Viorenicom SRL;Stålverket 20 96140 Boden;124;Boden;https://www.av.se/arbetsmiljoarbete-och-inspektioner/e-tjanster-och-blanketter/sok-utstationering/?id=00c4be3b-357f-4ed5-4bd7-08dedb16682e&E=System.String[];1;Viorenicom SRL | Stålverket 20 96140 Boden | 124 | Läs mer
2026-10-01;10:54:40+0000;Viorenicom SRL;Abramsvägen 40 96196 Boden;19;Boden;https://www.av.se/arbetsmiljoarbete-och-inspektioner/e-tjanster-och-blanketter/sok-utstationering/?id=ee626b08-338a-44d0-1ff6-08ded738b3ad&E=System.String[];1;Viorenicom SRL | Abramsvägen 40 96196 Boden | 19 | Läs mer
2026-10-01;10:54:40+0000;Welado Oy;Stålverket 20 96140 Boden;1;Boden;https://www.av.se/arbetsmiljoarbete-och-inspektioner/e-tjanster-och-blanketter/sok-utstationering/?id=8cb16077-4e3d-4fda-ac54-08de6eb16eb1&E=System.String[];1;Welado Oy | Stålverket 20 96140 Boden | 1 | Läs mer
2026-10-01;10:54:40+0000;VecTrance;Stålverket 20 96140 Boden;2;Boden;https://www.av.se/arbetsmiljoarbete-och-inspektioner/e-tjanster-och-blanketter/sok-utstationering/?id=5944e763-f927-4b70-b44f-08de1cfb8be1&E=System.String[];1;VecTrance | Stålverket 20 96140 Boden | 2 | Läs mer
2026-10-01;10:54:40+0000;Vaseliinimonni Holding Oy;Stålverket 20 96140 Boden;15;Boden;https://www.av.se/arbetsmiljoarbete-och-inspektioner/e-tjanster-och-blanketter/sok-utstationering/?id=694fc050-9a26-4c04-ce8c-08de8ee214d5&E=System.String[];1;Vaseliinimonni Holding Oy | Stålverket 20 96140 Boden | 15 | Läs mer
2026-10-01;10:54:40+0000;Vara-Ville oy;Stålverket 20 96140 Boden;1;Boden;https://www.av.se/arbetsmiljoarbete-och-inspektioner/e-tjanster-och-blanketter/sok-utstationering/?id=a2fb6c00-cebc-4bf0-5f63-08dd9370e1bd&E=System.String[];1;Vara-Ville oy | Stålverket 20 96140 Boden | 1 | Läs mer
2026-10-01;10:54:40+0000;UAB/JSC WELDWORK;Stålverket 20 96140 Boden;1;Boden;https://www.av.se/arbetsmiljoarbete-och-inspektioner/e-tjanster-och-blanketter/sok-utstationering/?id=d0ac8163-c1cc-4ba4-bf32-08df12e5d714&E=System.String[];1;UAB/JSC WELDWORK | Stålverket 20 96140 Boden | 1 | Läs mer
2026-10-01;10:54:40+0000;UAB Vaibloka;Bullerleden 5 96167 Boden;5;Boden;https://www.av.se/arbetsmiljoarbete-och-inspektioner/e-tjanster-och-blanketter/sok-utstationering/?id=f5860d99-4df4-44ce-5fce-08ddc4f010f9&E=System.String[];1;UAB Vaibloka | Bullerleden 5 96167 Boden | 5 | Läs mer
2026-10-01;10:54:40+0000;UAB NORDMONTA;Stålverket 20 96140 Boden;47;Boden;https://www.av.se/arbetsmiljoarbete-och-inspektioner/e-tjanster-och-blanketter/sok-utstationering/?id=30588316-2efb-4b5e-4369-08dd968d3614&E=System.String[];1;UAB NORDMONTA | Stålverket 20 96140 Boden | 47 | Läs mer
2026-10-01;10:54:40+0000;UAB NDT POWER;Stålverket 20 96140 Boden;6;Boden;https://www.av.se/arbetsmiljoarbete-och-inspektioner/e-tjanster-och-blanketter/sok-utstationering/?id=2555f7ab-5efe-4ce2-9e2e-08de99e7e689&E=System.String[];1;UAB NDT POWER | Stålverket 20 96140 Boden | 6 | Läs mer
2026-10-01;10:54:40+0000;UAB NDT POWER;Stålverket 20 96140 Boden;4;Boden;https://www.av.se/arbetsmiljoarbete-och-inspektioner/e-tjanster-och-blanketter/sok-utstationering/?id=f5564993-fd6c-4be6-68bf-08de8964fe7e&E=System.String[];1;UAB NDT POWER | Stålverket 20 96140 Boden | 4 | Läs mer
2026-10-01;10:54:40+0000;UAB LITLAFTAS;Brogatan 32 96164 Boden;2;Boden;https://www.av.se/arbetsmiljoarbete-och-inspektioner/e-tjanster-och-blanketter/sok-utstationering/?id=5fec89f1-5f1c-4332-3dc6-08defc0ccd4d&E=System.String[];1;UAB LITLAFTAS | Brogatan 32 96164 Boden | 2 | Läs mer
2026-10-01;10:54:40+0000;UAB ESP Projects;Stålverket 20 96140 Boden;8;Boden;https://www.av.se/arbetsmiljoarbete-och-inspektioner/e-tjanster-och-blanketter/sok-utstationering/?id=3e180d4a-9313-40e6-e0cd-08de857c7a9f&E=System.String[];1;UAB ESP Projects | Stålverket 20 96140 Boden | 8 | Läs mer
2026-10-01;10:54:40+0000;UAB Co-techna;Stålverket 20 96140 Boden;2;Boden;https://www.av.se/arbetsmiljoarbete-och-inspektioner/e-tjanster-och-blanketter/sok-utstationering/?id=fcd1454c-e713-41fb-f620-08ded59cff7c&E=System.String[];1;UAB Co-techna | Stålverket 20 96140 Boden | 2 | Läs mer
2026-10-01;10:54:40+0000;UAB Cebeco grupe;Stålverket 20 96140 Boden;4;Boden;https://www.av.se/arbetsmiljoarbete-och-inspektioner/e-tjanster-och-blanketter/sok-utstationering/?id=40adaca7-ccf6-4664-099f-08deeb94af0b&E=System.String[];1;UAB Cebeco grupe | Stålverket 20 96140 Boden | 4 | Läs mer
2026-10-01;10:54:40+0000;UAB BSW Engineering;Stålverket 20 96140 Boden;5;Boden;https://www.av.se/arbetsmiljoarbete-och-inspektioner/e-tjanster-och-blanketter/sok-utstationering/?id=f0e8927c-dd09-4ba4-4be2-08dd7bdd3c23&E=System.String[];1;UAB BSW Engineering | Stålverket 20 96140 Boden | 5 | Läs mer
2026-10-01;10:54:40+0000;Turun Nostopalvelu Oy;Stålverket 20 96140 Boden;25;Boden;https://www.av.se/arbetsmiljoarbete-och-inspektioner/e-tjanster-och-blanketter/sok-utstationering/?id=6b507b8d-98e4-4eca-c586-08dcd5acc077&E=System.String[];1;Turun Nostopalvelu Oy | Stålverket 20 96140 Boden | 25 | Läs mer
2026-10-01;10:54:40+0000;Turun Nostopalvelu Oy;Stålverket 20 96140 Boden;1;Boden;https://www.av.se/arbetsmiljoarbete-och-inspektioner/e-tjanster-och-blanketter/sok-utstationering/?id=bf61e8f1-2de7-48ba-052c-08de8b01447d&E=System.String[];1;Turun Nostopalvelu Oy | Stålverket 20 96140 Boden | 1 | Läs mer
2026-10-01;10:54:40+0000;TSN GROUP OÜ;Stålverket 20 96140 Boden;13;Boden;https://www.av.se/arbetsmiljoarbete-och-inspektioner/e-tjanster-och-blanketter/sok-utstationering/?id=833d2055-7ba0-4355-b9e7-08de112f3026&E=System.String[];1;TSN GROUP OÜ | Stålverket 20 96140 Boden | 13 | Läs mer
2026-10-01;10:54:40+0000;TSN GROUP OÜ;Stålverket 20 96140 Boden;24;Boden;https://www.av.se/arbetsmiljoarbete-och-inspektioner/e-tjanster-och-blanketter/sok-utstationering/?id=30dec422-8166-4811-33de-08de11ef3b7e&E=System.String[];1;TSN GROUP OÜ | Stålverket 20 96140 Boden | 24 | Läs mer
2026-10-01;10:54:40+0000;Transhouse Viitala Oy;Stålverket 20 96140 Boden;1;Boden;https://www.av.se/arbetsmiljoarbete-och-inspektioner/e-tjanster-och-blanketter/sok-utstationering/?id=03f142b3-be88-4b0d-def0-08de95f55368&E=System.String[];1;Transhouse Viitala Oy | Stålverket 20 96140 Boden | 1 | Läs mer
2026-10-01;10:54:40+0000;Tornion Harjateräs Oy;Stålverket 20 96140 Boden;58;Boden;https://www.av.se/arbetsmiljoarbete-och-inspektioner/e-tjanster-och-blanketter/sok-utstationering/?id=2634f3b6-ee87-4b47-768a-08ded3402585&E=System.String[];1;Tornion Harjateräs Oy | Stålverket 20 96140 Boden | 58 | Läs mer
2026-10-01;10:54:40+0000;Tornion Harjateräs Oy;Flarkenvägen 15 Boden;5;Boden;https://www.av.se/arbetsmiljoarbete-och-inspektioner/e-tjanster-och-blanketter/sok-utstationering/?id=c79f1013-33f9-422e-e1de-08dea67520c8&E=System.String[];1;Tornion Harjateräs Oy | Flarkenvägen 15 Boden | 5 | Läs mer
2026-10-01;10:54:40+0000;Tornion Harjateräs Oy;Råbäcken 1 96193 Boden;14;Boden;https://www.av.se/arbetsmiljoarbete-och-inspektioner/e-tjanster-och-blanketter/sok-utstationering/?id=8de227a1-c7be-4a66-3e1e-08def373c9dd&E=System.String[];1;Tornion Harjateräs Oy | Råbäcken 1 96193 Boden | 14 | Läs mer
2026-10-01;10:54:40+0000;Tornion Harjateräs Oy;Flarkenvägen 15 Boden;13;Boden;https://www.av.se/arbetsmiljoarbete-och-inspektioner/e-tjanster-och-blanketter/sok-utstationering/?id=653e4db3-0ec6-43c6-7696-08ded3402585&E=System.String[];1;Tornion Harjateräs Oy | Flarkenvägen 15 Boden | 13 | Läs mer
2026-10-01;10:54:40+0000;TM Kran AS;Stålverket 20 96140 Boden;2;Boden;https://www.av.se/arbetsmiljoarbete-och-inspektioner/e-tjanster-och-blanketter/sok-utstationering/?id=b1c68657-fb37-4408-8f87-08dca08e048d&E=System.String[];1;TM Kran AS | Stålverket 20 96140 Boden | 2 | Läs mer
2026-10-01;10:54:40+0000;thyssenkrupp nucera Italy s.r.l.;Stålverket 20 96140 Boden;3;Boden;https://www.av.se/arbetsmiljoarbete-och-inspektioner/e-tjanster-och-blanketter/sok-utstationering/?id=ca9f1cbf-fd51-47bb-d325-08dd99b4d4cf&E=System.String[];1;thyssenkrupp nucera Italy s.r.l. | Stålverket 20 96140 Boden | 3 | Läs mer
2026-10-01;10:54:40+0000;thyssenkrupp nucera AG & Co. KGaA;Stålverket 20 96140 Boden;1;Boden;https://www.av.se/arbetsmiljoarbete-och-inspektioner/e-tjanster-och-blanketter/sok-utstationering/?id=90b7064a-58cc-4204-40a2-08dd9dae5d32&E=System.String[];1;thyssenkrupp nucera AG & Co. KGaA | Stålverket 20 96140 Boden | 1 | Läs mer
2026-10-01;10:54:40+0000;thyssenkrupp nucera AG & Co. KGaA;Stålverket 20 96140 Boden;1;Boden;https://www.av.se/arbetsmiljoarbete-och-inspektioner/e-tjanster-och-blanketter/sok-utstationering/?id=0d80cd20-aee4-4864-d348-08dd99b4d4cf&E=System.String[];1;thyssenkrupp nucera AG & Co. KGaA | Stålverket 20 96140 Boden | 1 | Läs mer
2026-10-01;10:54:40+0000;Techno Services SRL;Stålverket 20 96140 Boden;1;Boden;https://www.av.se/arbetsmiljoarbete-och-inspektioner/e-tjanster-och-blanketter/sok-utstationering/?id=d60acdb3-66bd-4837-fdfc-08dd68421f52&E=System.String[];1;Techno Services SRL | Stålverket 20 96140 Boden | 1 | Läs mer
2026-10-01;10:54:40+0000;TECH ENGINEERING SERVICE PROVIDER SRL;Stålverket 20 96140 Boden;1;Boden;https://www.av.se/arbetsmiljoarbete-och-inspektioner/e-tjanster-och-blanketter/sok-utstationering/?id=a85b6afd-9906-403b-dad3-08deca9bf7a7&E=System.String[];1;TECH ENGINEERING SERVICE PROVIDER SRL | Stålverket 20 96140 Boden | 1 | Läs mer
2026-10-01;10:54:40+0000;TECH ENGINEERING SERVICE PROVIDER S.R.L.;Sturegatan 5A 96173 Boden;1;Boden;https://www.av.se/arbetsmiljoarbete-och-inspektioner/e-tjanster-och-blanketter/sok-utstationering/?id=5d69b68e-287a-45bf-1216-08debf98a1d5&E=System.String[];1;TECH ENGINEERING SERVICE PROVIDER S.R.L. | Sturegatan 5A 96173 Boden | 1 | Läs mer
2026-10-01;10:54:40+0000;team jussila oy;Stålverket 20 96140 Boden;6;Boden;https://www.av.se/arbetsmiljoarbete-och-inspektioner/e-tjanster-och-blanketter/sok-utstationering/?id=66b34f87-c588-4b29-1dfb-08dc46d18999&E=System.String[];1;team jussila oy | Stålverket 20 96140 Boden | 6 | Läs mer
2026-10-01;10:54:40+0000;Sähköpalvelu Juha Palonen oy;Stålverket 20 96140 Boden;1;Boden;https://www.av.se/arbetsmiljoarbete-och-inspektioner/e-tjanster-och-blanketter/sok-utstationering/?id=3f97d986-f838-43c8-1565-08ddb62845f9&E=System.String[];1;Sähköpalvelu Juha Palonen oy | Stålverket 20 96140 Boden | 1 | Läs mer
2026-10-01;10:54:40+0000;Sweco Polska Sp.z o.o.;Stålverket 20 96140 Boden;9;Boden;https://www.av.se/arbetsmiljoarbete-och-inspektioner/e-tjanster-och-blanketter/sok-utstationering/?id=3bf3827e-70fb-4160-fd53-08dc79536504&E=System.String[];1;Sweco Polska Sp.z o.o. | Stålverket 20 96140 Boden | 9 | Läs mer
2026-10-01;10:54:40+0000;STS SOCIETE TRAVAUX SPECIAUX ALPES;Stålverket 20 96140 Boden;6;Boden;https://www.av.se/arbetsmiljoarbete-och-inspektioner/e-tjanster-och-blanketter/sok-utstationering/?id=d25a3c06-50f4-42bd-2ebc-08de26697691&E=System.String[];1;STS SOCIETE TRAVAUX SPECIAUX ALPES | Stålverket 20 96140 Boden | 6 | Läs mer
2026-10-01;10:54:40+0000;Streams;Teknikvägen 3 96150 Boden;1;Boden;https://www.av.se/arbetsmiljoarbete-och-inspektioner/e-tjanster-och-blanketter/sok-utstationering/?id=b5f531b4-8cb6-423d-3ed2-08de763cb9a9&E=System.String[];1;Streams | Teknikvägen 3 96150 Boden | 1 | Läs mer
2026-10-01;10:54:40+0000;Specialist Technical Services;Stålverket 20 96140 Boden;1;Boden;https://www.av.se/arbetsmiljoarbete-och-inspektioner/e-tjanster-och-blanketter/sok-utstationering/?id=225e13be-acfa-4cdc-a8dd-08de177be62c&E=System.String[];1;Specialist Technical Services | Stålverket 20 96140 Boden | 1 | Läs mer
2026-10-01;10:54:40+0000;Sorox Oy;Stålverket 20 96140 Boden;4;Boden;https://www.av.se/arbetsmiljoarbete-och-inspektioner/e-tjanster-och-blanketter/sok-utstationering/?id=74444fd6-79d8-48c1-6e40-08dde45e170a&E=System.String[];1;Sorox Oy | Stålverket 20 96140 Boden | 4 | Läs mer
2026-10-01;10:54:40+0000;SMS Group GmbH;Stålverket 20 96140 Boden;26;Boden;https://www.av.se/arbetsmiljoarbete-och-inspektioner/e-tjanster-och-blanketter/sok-utstationering/?id=4c91875e-a0a0-4ea2-f8b3-08dd0d0e1d83&E=System.String[];1;SMS Group GmbH | Stålverket 20 96140 Boden | 26 | Läs mer
2026-10-01;10:54:40+0000;SMS group GmbH;Stålverket 20 96140 Boden;1;Boden;https://www.av.se/arbetsmiljoarbete-och-inspektioner/e-tjanster-och-blanketter/sok-utstationering/?id=44e8114b-f080-435f-3699-08de8a2e6bd7&E=System.String[];1;SMS group GmbH | Stålverket 20 96140 Boden | 1 | Läs mer
2026-10-01;10:54:40+0000;SMS group GmbH;Stålverket 20 96140 Boden;16;Boden;https://www.av.se/arbetsmiljoarbete-och-inspektioner/e-tjanster-och-blanketter/sok-utstationering/?id=e2f5c957-c880-4e72-5c58-08deb4955a23&E=System.String[];2;SMS group GmbH | Stålverket 20 96140 Boden | 16 | Läs mer
2026-10-01;10:54:40+0000;SMART GLOBAL ENERGY SRL;Stålverket 20 96140 Boden;94;Boden;https://www.av.se/arbetsmiljoarbete-och-inspektioner/e-tjanster-och-blanketter/sok-utstationering/?id=9089c6be-164c-473e-59ea-08dd9827acca&E=System.String[];2;SMART GLOBAL ENERGY SRL | Stålverket 20 96140 Boden | 94 | Läs mer
2026-10-01;10:54:40+0000;Skanska SK a.s.;Lavettvägen 1 96143 Boden;26;Boden;https://www.av.se/arbetsmiljoarbete-och-inspektioner/e-tjanster-och-blanketter/sok-utstationering/?id=724834dc-1645-441e-69e2-08de96bb1da4&E=System.String[];2;Skanska SK a.s. | Lavettvägen 1 96143 Boden | 26 | Läs mer
2026-10-01;10:54:40+0000;Sisärakenne Kukkola Oy;Stålverket 20 96140 Boden;2;Boden;https://www.av.se/arbetsmiljoarbete-och-inspektioner/e-tjanster-och-blanketter/sok-utstationering/?id=4e0cb3a9-d576-47fd-5ffe-08df179bc8c0&E=System.String[];2;Sisärakenne Kukkola Oy | Stålverket 20 96140 Boden | 2 | Läs mer
2026-10-01;10:54:40+0000;Silverback Staffing Ltd;Stålverket 20 96140 Boden;1;Boden;https://www.av.se/arbetsmiljoarbete-och-inspektioner/e-tjanster-och-blanketter/sok-utstationering/?id=19c11394-1426-4f9d-7519-08ddae2a7822&E=System.String[];2;Silverback Staffing Ltd | Stålverket 20 96140 Boden | 1 | Läs mer
2026-10-01;10:54:40+0000;Silverback Staffing Ltd;Stålverket 20 96140 Boden;3;Boden;https://www.av.se/arbetsmiljoarbete-och-inspektioner/e-tjanster-och-blanketter/sok-utstationering/?id=a471c6b7-d3e3-4f6e-e1c5-08dea67520c8&E=System.String[];2;Silverback Staffing Ltd | Stålverket 20 96140 Boden | 3 | Läs mer
2026-10-01;10:54:40+0000;sigma3D GmbH;Stålverket 20 96140 Boden;2;Boden;https://www.av.se/arbetsmiljoarbete-och-inspektioner/e-tjanster-och-blanketter/sok-utstationering/?id=bf40b732-b75e-4755-85e1-08ded1b3d552&E=System.String[];2;sigma3D GmbH | Stålverket 20 96140 Boden | 2 | Läs mer
2026-10-01;10:54:40+0000;Sibecamontagens Lda;Stålverket 20 96140 Boden;9;Boden;https://www.av.se/arbetsmiljoarbete-och-inspektioner/e-tjanster-och-blanketter/sok-utstationering/?id=19d061c3-de02-4f17-03ae-08df07151491&E=System.String[];2;Sibecamontagens Lda | Stålverket 20 96140 Boden | 9 | Läs mer
2026-10-01;10:54:40+0000;SIA VLAVI RESURSS;Stålverket 20 96140 Boden;13;Boden;https://www.av.se/arbetsmiljoarbete-och-inspektioner/e-tjanster-och-blanketter/sok-utstationering/?id=546e29d0-63d5-4d79-bccd-08ded8b936ef&E=System.String[];2;SIA VLAVI RESURSS | Stålverket 20 96140 Boden | 13 | Läs mer
2026-10-01;10:54:40+0000;"SIA ""FN-SERVISS""";Stålverket 20 96140 Boden;5;Boden;https://www.av.se/arbetsmiljoarbete-och-inspektioner/e-tjanster-och-blanketter/sok-utstationering/?id=ba7e49ea-90cc-4085-18f3-08deb22eb7a0&E=System.String[];2;"SIA ""FN-SERVISS"" | Stålverket 20 96140 Boden | 5 | Läs mer"
2026-10-01;10:54:40+0000;SERVICE POMPAGE FIXE;Stålverket 20 96140 Boden;5;Boden;https://www.av.se/arbetsmiljoarbete-och-inspektioner/e-tjanster-och-blanketter/sok-utstationering/?id=dfa65381-d226-4a0c-aed8-08de322b74da&E=System.String[];2;SERVICE POMPAGE FIXE | Stålverket 20 96140 Boden | 5 | Läs mer
2026-10-01;10:54:40+0000;Sendin;Stålverket 20 96140 Boden;36;Boden;https://www.av.se/arbetsmiljoarbete-och-inspektioner/e-tjanster-och-blanketter/sok-utstationering/?id=28b11e65-ccec-4797-7172-08ddde14e1aa&E=System.String[];2;Sendin | Stålverket 20 96140 Boden | 36 | Läs mer
2026-10-01;10:54:40+0000;SEMISUL POLAND SP Z.O.O;Stålverket 20 96140 Boden;19;Boden;https://www.av.se/arbetsmiljoarbete-och-inspektioner/e-tjanster-och-blanketter/sok-utstationering/?id=46a25629-7a04-49a5-18bd-08de2cb33c5c&E=System.String[];2;SEMISUL POLAND SP Z.O.O | Stålverket 20 96140 Boden | 19 | Läs mer
2026-10-01;10:54:40+0000;Seaside industries UAB;Stålverket 20 96140 Boden;18;Boden;https://www.av.se/arbetsmiljoarbete-och-inspektioner/e-tjanster-och-blanketter/sok-utstationering/?id=30ba8b71-dc3f-41f5-7163-08def2b8250b&E=System.String[];2;Seaside industries UAB | Stålverket 20 96140 Boden | 18 | Läs mer
2026-10-01;10:54:40+0000;SCHWARTZ HAUTMONT, CONSTRUCCIONES METALICAS, S.A.;Stålverket 20 96140 Boden;8;Boden;https://www.av.se/arbetsmiljoarbete-och-inspektioner/e-tjanster-och-blanketter/sok-utstationering/?id=8ab2b746-8085-41d6-d2ce-08dd9757872b&E=System.String[];2;SCHWARTZ HAUTMONT, CONSTRUCCIONES METALICAS, S.A. | Stålverket 20 96140 Boden | 8 | Läs mer
2026-10-01;10:54:40+0000;Schneider Electric Romania SRL;Stålverket 20 96140 Boden;1;Boden;https://www.av.se/arbetsmiljoarbete-och-inspektioner/e-tjanster-och-blanketter/sok-utstationering/?id=fc4f71d5-f3d4-4af5-e1d7-08dea67520c8&E=System.String[];2;Schneider Electric Romania SRL | Stålverket 20 96140 Boden | 1 | Läs mer
2026-10-01;10:54:40+0000;Scanpiping oy;Stålverket 20 96140 Boden;1;Boden;https://www.av.se/arbetsmiljoarbete-och-inspektioner/e-tjanster-och-blanketter/sok-utstationering/?id=80629353-2ffe-4595-2537-08df0d66df3c&E=System.String[];2;Scanpiping oy | Stålverket 20 96140 Boden | 1 | Läs mer
2026-10-01;10:54:40+0000;Scanpiping oy;Stålverket 20 96140 Boden;11;Boden;https://www.av.se/arbetsmiljoarbete-och-inspektioner/e-tjanster-och-blanketter/sok-utstationering/?id=e25ed396-19e6-4b87-ee15-08dee15cb58e&E=System.String[];2;Scanpiping oy | Stålverket 20 96140 Boden | 11 | Läs mer
2026-10-01;10:54:40+0000;Scaff-Tech Maja Laskowska;Stålverket 20 96140 Boden;2;Boden;https://www.av.se/arbetsmiljoarbete-och-inspektioner/e-tjanster-och-blanketter/sok-utstationering/?id=9375bf92-cf50-4926-eb64-08ddb473b801&E=System.String[];2;Scaff-Tech Maja Laskowska | Stålverket 20 96140 Boden | 2 | Läs mer
2026-10-01;10:54:40+0000;Scaff-Mont Group Sp.z.o.o.;Stålverket 20 96140 Boden;78;Boden;https://www.av.se/arbetsmiljoarbete-och-inspektioner/e-tjanster-och-blanketter/sok-utstationering/?id=d9e7430b-3f3d-45db-19fa-08dda324109d&E=System.String[];2;Scaff-Mont Group Sp.z.o.o. | Stålverket 20 96140 Boden | 78 | Läs mer
2026-10-01;10:54:40+0000;Samuli Kalliosalo Oy;Stålverket 20 96140 Boden;1;Boden;https://www.av.se/arbetsmiljoarbete-och-inspektioner/e-tjanster-och-blanketter/sok-utstationering/?id=91c05714-3859-4d03-ca2a-08de20192a63&E=System.String[];2;Samuli Kalliosalo Oy | Stålverket 20 96140 Boden | 1 | Läs mer
2026-10-01;10:54:40+0000;S.S. By Strazzer Solutions;Stålverket 20 96140 Boden;1;Boden;https://www.av.se/arbetsmiljoarbete-och-inspektioner/e-tjanster-och-blanketter/sok-utstationering/?id=3ba28f9e-58dc-4d1b-a2c2-08dd57c0344c&E=System.String[];2;S.S. By Strazzer Solutions | Stålverket 20 96140 Boden | 1 | Läs mer
2026-10-01;10:54:40+0000;Rudus Oy;Stålverket 20 96140 Boden;20;Boden;https://www.av.se/arbetsmiljoarbete-och-inspektioner/e-tjanster-och-blanketter/sok-utstationering/?id=edd711b2-b811-4d58-30e9-08de21b2f932&E=System.String[];2;Rudus Oy | Stålverket 20 96140 Boden | 20 | Läs mer
2026-10-01;10:54:40+0000;Rudus Oy;Stålverket 20 96140 Boden;17;Boden;https://www.av.se/arbetsmiljoarbete-och-inspektioner/e-tjanster-och-blanketter/sok-utstationering/?id=913ffa19-4500-4a52-5ef5-08dbbf3eac14&E=System.String[];2;Rudus Oy | Stålverket 20 96140 Boden | 17 | Läs mer
2026-10-01;10:54:40+0000;RSK NORD;Stålverket 20 96140 Boden;1;Boden;https://www.av.se/arbetsmiljoarbete-och-inspektioner/e-tjanster-och-blanketter/sok-utstationering/?id=92cd0039-2d58-4d8d-c85e-08ddf29d13e0&E=System.String[];2;RSK NORD | Stålverket 20 96140 Boden | 1 | Läs mer
2026-10-01;10:54:40+0000;RNDV Group;Stålverket 20 96140 Boden;7;Boden;https://www.av.se/arbetsmiljoarbete-och-inspektioner/e-tjanster-och-blanketter/sok-utstationering/?id=dd3da091-6443-44c8-f5f6-08ded59cff7c&E=System.String[];2;RNDV Group | Stålverket 20 96140 Boden | 7 | Läs mer
2026-10-01;10:54:40+0000;RM Ylimäki Oy;Stålverket 20 96140 Boden;1;Boden;https://www.av.se/arbetsmiljoarbete-och-inspektioner/e-tjanster-och-blanketter/sok-utstationering/?id=0622b62c-bb08-4b0f-85da-08ded1b3d552&E=System.String[];2;RM Ylimäki Oy | Stålverket 20 96140 Boden | 1 | Läs mer
2026-10-01;10:54:40+0000;Rivest OÜ;Stålverket 20 96140 Boden;7;Boden;https://www.av.se/arbetsmiljoarbete-och-inspektioner/e-tjanster-och-blanketter/sok-utstationering/?id=03cf45f6-fd94-4617-42ee-08de889d29a3&E=System.String[];2;Rivest OÜ | Stålverket 20 96140 Boden | 7 | Läs mer
2026-10-01;10:54:40+0000;Rigger rent sp. z o.o;Stålverket 20 96140 Boden;1;Boden;https://www.av.se/arbetsmiljoarbete-och-inspektioner/e-tjanster-och-blanketter/sok-utstationering/?id=d45de76f-36a6-4704-09b8-08deeb94af0b&E=System.String[];2;Rigger rent sp. z o.o | Stålverket 20 96140 Boden | 1 | Läs mer
2026-10-01;10:54:40+0000;Reston Industries;Stålverket 20 96140 Boden;5;Boden;https://www.av.se/arbetsmiljoarbete-och-inspektioner/e-tjanster-och-blanketter/sok-utstationering/?id=9d348fb1-f8c9-45b9-5a53-08deacb3102c&E=System.String[];2;Reston Industries | Stålverket 20 96140 Boden | 5 | Läs mer
2026-10-01;10:54:40+0000;Restak Tornio Oy;Sjövägen 2A 96137 Boden;18;Boden;https://www.av.se/arbetsmiljoarbete-och-inspektioner/e-tjanster-och-blanketter/sok-utstationering/?id=ac437f2e-9fb8-4287-63e7-08df13a80524&E=System.String[];2;Restak Tornio Oy | Sjövägen 2A 96137 Boden | 18 | Läs mer
2026-10-01;10:54:40+0000;Restak Tornio Oy;Sturegatan 34 96133 Boden;18;Boden;https://www.av.se/arbetsmiljoarbete-och-inspektioner/e-tjanster-och-blanketter/sok-utstationering/?id=6d0ce70b-896e-4e36-63e3-08df13a80524&E=System.String[];2;Restak Tornio Oy | Sturegatan 34 96133 Boden | 18 | Läs mer
2026-10-01;10:54:40+0000;Rentop Oy;Stålverket 20 96140 Boden;1;Boden;https://www.av.se/arbetsmiljoarbete-och-inspektioner/e-tjanster-och-blanketter/sok-utstationering/?id=6f0046d0-25d9-4dae-5a07-08ddf66c9fef&E=System.String[];2;Rentop Oy | Stålverket 20 96140 Boden | 1 | Läs mer
2026-10-01;10:54:40+0000;PROXA (PTY) LTD;Stålverket 20 96140 Boden;1;Boden;https://www.av.se/arbetsmiljoarbete-och-inspektioner/e-tjanster-och-blanketter/sok-utstationering/?id=666da03a-cce9-4694-288e-08deedff0851&E=System.String[];2;PROXA (PTY) LTD | Stålverket 20 96140 Boden | 1 | Läs mer
2026-10-01;10:54:40+0000;PROJECT MANAGEMENT ORGANISATION;Stålverket 20 96140 Boden;1;Boden;https://www.av.se/arbetsmiljoarbete-och-inspektioner/e-tjanster-och-blanketter/sok-utstationering/?id=2c714118-330b-45b5-13c5-08de736d751d&E=System.String[];2;PROJECT MANAGEMENT ORGANISATION | Stålverket 20 96140 Boden | 1 | Läs mer
2026-10-01;10:54:40+0000;PRIMEKSS SIA;Stålverket 20 96140 Boden;210;Boden;https://www.av.se/arbetsmiljoarbete-och-inspektioner/e-tjanster-och-blanketter/sok-utstationering/?id=0d143341-2e66-4f8b-e5bd-08de3d3313b3&E=System.String[];2;PRIMEKSS SIA | Stålverket 20 96140 Boden | 210 | Läs mer
2026-10-01;10:54:40+0000;Prefabricación y Montajes del Noroeste;Stålverket 20 96140 Boden;8;Boden;https://www.av.se/arbetsmiljoarbete-och-inspektioner/e-tjanster-och-blanketter/sok-utstationering/?id=56fd87f9-ed16-4769-98e9-08dcba3c502b&E=System.String[];2;Prefabricación y Montajes del Noroeste | Stålverket 20 96140 Boden | 8 | Läs mer
2026-10-01;10:54:40+0000;Pohjois-Suomen Perustuspalvelu Oy;Stålverket 20 96140 Boden;6;Boden;https://www.av.se/arbetsmiljoarbete-och-inspektioner/e-tjanster-och-blanketter/sok-utstationering/?id=44f3f79b-232f-40ba-3325-08def1e8c19e&E=System.String[];2;Pohjois-Suomen Perustuspalvelu Oy | Stålverket 20 96140 Boden | 6 | Läs mer
2026-10-01;10:54:40+0000;Pohjois-Suomen Perustuspalvelu Oy;Stålverket 20 96140 Boden;3;Boden;https://www.av.se/arbetsmiljoarbete-och-inspektioner/e-tjanster-och-blanketter/sok-utstationering/?id=caa581aa-5265-4259-59fd-08dd9827acca&E=System.String[];2;Pohjois-Suomen Perustuspalvelu Oy | Stålverket 20 96140 Boden | 3 | Läs mer
2026-10-01;10:54:40+0000;Pohjanmaan Talotekniikka Oy;Stålverket 20 96140 Boden;3;Boden;https://www.av.se/arbetsmiljoarbete-och-inspektioner/e-tjanster-och-blanketter/sok-utstationering/?id=42279fcf-ce69-4a1c-5918-08de6545b7a6&E=System.String[];2;Pohjanmaan Talotekniikka Oy | Stålverket 20 96140 Boden | 3 | Läs mer
2026-10-01;10:54:40+0000;Piller Germany GmbH & Co. KG;Hydrogränd 2 96143 Boden;1;Boden;https://www.av.se/arbetsmiljoarbete-och-inspektioner/e-tjanster-och-blanketter/sok-utstationering/?id=da410103-86d6-4e56-8803-08d957d5c7d8&E=System.String[];2;Piller Germany GmbH & Co. KG | Hydrogränd 2 96143 Boden | 1 | Läs mer
2026-10-01;10:54:40+0000;Peri Suomi Ltd Oy;Stålverket 20 96140 Boden;1;Boden;https://www.av.se/arbetsmiljoarbete-och-inspektioner/e-tjanster-och-blanketter/sok-utstationering/?id=73a09fe2-6fa3-4656-254b-08df0d66df3c&E=System.String[];2;Peri Suomi Ltd Oy | Stålverket 20 96140 Boden | 1 | Läs mer
2026-10-01;10:54:40+0000;PERI A/S;Stålverket 20 96140 Boden;1;Boden;https://www.av.se/arbetsmiljoarbete-och-inspektioner/e-tjanster-och-blanketter/sok-utstationering/?id=1135a395-b5f3-41e8-65b7-08df1867849e&E=System.String[];2;PERI A/S | Stålverket 20 96140 Boden | 1 | Läs mer
2026-10-01;10:54:40+0000;Peak Power Service Oy;Stålverket 20 96140 Boden;3;Boden;https://www.av.se/arbetsmiljoarbete-och-inspektioner/e-tjanster-och-blanketter/sok-utstationering/?id=bd09fb58-4df1-4643-9859-08dea4e9bc99&E=System.String[];2;Peak Power Service Oy | Stålverket 20 96140 Boden | 3 | Läs mer
2026-10-01;10:54:40+0000;Peak Power Service Oy;Stålverket 20 96140 Boden;1;Boden;https://www.av.se/arbetsmiljoarbete-och-inspektioner/e-tjanster-och-blanketter/sok-utstationering/?id=8ef1be35-626b-4e49-3301-08def1e8c19e&E=System.String[];2;Peak Power Service Oy | Stålverket 20 96140 Boden | 1 | Läs mer
2026-10-01;10:54:40+0000;Paul Wurth Italia S.P.A;Stålverket 20 96140 Boden;2;Boden;https://www.av.se/arbetsmiljoarbete-och-inspektioner/e-tjanster-och-blanketter/sok-utstationering/?id=864560c3-b9f9-4eb5-f1ab-08dd4a653a40&E=System.String[];2;Paul Wurth Italia S.P.A | Stålverket 20 96140 Boden | 2 | Läs mer
2026-10-01;10:54:40+0000;Oy NordWest Engineering Ab Ltd.;Lakaträsk 404 Boden;2;Boden;https://www.av.se/arbetsmiljoarbete-och-inspektioner/e-tjanster-och-blanketter/sok-utstationering/?id=a7b6237f-7824-4da7-6489-08def82f4ed9&E=System.String[];2;Oy NordWest Engineering Ab Ltd. | Lakaträsk 404 Boden | 2 | Läs mer
2026-10-01;10:54:40+0000;OÜ Maleva Betoon;Stålverket 20 96140 Boden;9;Boden;https://www.av.se/arbetsmiljoarbete-och-inspektioner/e-tjanster-och-blanketter/sok-utstationering/?id=6accba05-9d05-41b7-43b5-08dd968d3614&E=System.String[];2;OÜ Maleva Betoon | Stålverket 20 96140 Boden | 9 | Läs mer
2026-10-01;10:54:40+0000;OÜ Maleva Betoon;Stålverket 20 96140 Boden;17;Boden;https://www.av.se/arbetsmiljoarbete-och-inspektioner/e-tjanster-och-blanketter/sok-utstationering/?id=7f80e970-400a-4af7-e60d-08defcf0c49c&E=System.String[];2;OÜ Maleva Betoon | Stålverket 20 96140 Boden | 17 | Läs mer
2026-10-01;10:54:40+0000;Oulun Timanttiporaus Oy;Stålverket 20 96140 Boden;1;Boden;https://www.av.se/arbetsmiljoarbete-och-inspektioner/e-tjanster-och-blanketter/sok-utstationering/?id=d7aab501-bfbe-4870-6eb5-08dce8eb0cdb&E=System.String[];2;Oulun Timanttiporaus Oy | Stålverket 20 96140 Boden | 1 | Läs mer
2026-10-01;10:54:40+0000;Osterlunds Jordbyggnad;Stålverket 20 96140 Boden;2;Boden;https://www.av.se/arbetsmiljoarbete-och-inspektioner/e-tjanster-och-blanketter/sok-utstationering/?id=197a30e7-a0cb-472d-f736-08df07e709c2&E=System.String[];3;Osterlunds Jordbyggnad | Stålverket 20 96140 Boden | 2 | Läs mer
2026-10-01;10:54:40+0000;Osterlunds Jordbyggnad;Stålverket 20 96140 Boden;1;Boden;https://www.av.se/arbetsmiljoarbete-och-inspektioner/e-tjanster-och-blanketter/sok-utstationering/?id=c72f6465-89ef-4c9c-2ed5-08de26697691&E=System.String[];3;Osterlunds Jordbyggnad | Stålverket 20 96140 Boden | 1 | Läs mer
2026-10-01;10:54:40+0000;Osterlunds Jordbyggnad;Teknikvägen 13 96150 Boden;1;Boden;https://www.av.se/arbetsmiljoarbete-och-inspektioner/e-tjanster-och-blanketter/sok-utstationering/?id=d2c0e6f0-8671-413c-f733-08df07e709c2&E=System.String[];3;Osterlunds Jordbyggnad | Teknikvägen 13 96150 Boden | 1 | Läs mer
2026-10-01;10:54:40+0000;Ortek EL OÜ;Stålverket 20 96140 Boden;8;Boden;https://www.av.se/arbetsmiljoarbete-och-inspektioner/e-tjanster-och-blanketter/sok-utstationering/?id=66e95281-dcc7-4312-9769-08dd5235564d&E=System.String[];3;Ortek EL OÜ | Stålverket 20 96140 Boden | 8 | Läs mer
2026-10-01;10:54:40+0000;ORGANISATION PRODUCTIVITE PERFORMANCE;Stålverket 20 96140 Boden;1;Boden;https://www.av.se/arbetsmiljoarbete-och-inspektioner/e-tjanster-och-blanketter/sok-utstationering/?id=485a6542-8b31-4bda-5cf1-08ddffdeccca&E=System.String[];3;ORGANISATION PRODUCTIVITE PERFORMANCE | Stålverket 20 96140 Boden | 1 | Läs mer
2026-10-01;10:54:40+0000;Opti Solutions Ab;Lakaträsk 404 Boden;3;Boden;https://www.av.se/arbetsmiljoarbete-och-inspektioner/e-tjanster-och-blanketter/sok-utstationering/?id=098e5480-d516-4667-ee10-08df02639f17&E=System.String[];3;Opti Solutions Ab | Lakaträsk 404 Boden | 3 | Läs mer
2026-10-01;10:54:40+0000;OP2 SAS;Drottninggatan 4 96135 Boden;3;Boden;https://www.av.se/arbetsmiljoarbete-och-inspektioner/e-tjanster-och-blanketter/sok-utstationering/?id=0f25118e-3a70-41de-9969-08ddf98fe64f&E=System.String[];3;OP2 SAS | Drottninggatan 4 96135 Boden | 3 | Läs mer
2026-10-01;10:54:40+0000;OBERON TEHNIKA;Stålverket 20 96140 Boden;10;Boden;https://www.av.se/arbetsmiljoarbete-och-inspektioner/e-tjanster-och-blanketter/sok-utstationering/?id=8b446304-777e-44fc-813d-08de7e5e8497&E=System.String[];3;OBERON TEHNIKA | Stålverket 20 96140 Boden | 10 | Läs mer
2026-10-01;10:54:40+0000;Nousujohde Raudoitus Oy;Stålverket 20 96140 Boden;1;Boden;https://www.av.se/arbetsmiljoarbete-och-inspektioner/e-tjanster-och-blanketter/sok-utstationering/?id=04bbba26-1bea-4416-9f69-08de4daeba9e&E=System.String[];3;Nousujohde Raudoitus Oy | Stålverket 20 96140 Boden | 1 | Läs mer
2026-10-01;10:54:40+0000;Nostolava-auto Jalo & Jalo Oy;Stålverket 20 96140 Boden;1;Boden;https://www.av.se/arbetsmiljoarbete-och-inspektioner/e-tjanster-och-blanketter/sok-utstationering/?id=fc3624a1-836d-4a53-3dc1-08defc0ccd4d&E=System.String[];3;Nostolava-auto Jalo & Jalo Oy | Stålverket 20 96140 Boden | 1 | Läs mer
2026-10-01;10:54:40+0000;Nostolava-auto Jalo & Jalo Oy;Stålverket 20 96140 Boden;3;Boden;https://www.av.se/arbetsmiljoarbete-och-inspektioner/e-tjanster-och-blanketter/sok-utstationering/?id=66c6e0b1-5ef7-42cf-791e-08dc498c348c&E=System.String[];3;Nostolava-auto Jalo & Jalo Oy | Stålverket 20 96140 Boden | 3 | Läs mer
2026-10-01;10:54:40+0000;Norpinus OÜ;Stålverket 20 96140 Boden;43;Boden;https://www.av.se/arbetsmiljoarbete-och-inspektioner/e-tjanster-och-blanketter/sok-utstationering/?id=9df2b404-65b5-4eb6-7005-08dee7b829f5&E=System.String[];3;Norpinus OÜ | Stålverket 20 96140 Boden | 43 | Läs mer
2026-10-01;10:54:40+0000;Nordic Special Project AS;Stålverket 20 96140 Boden;4;Boden;https://www.av.se/arbetsmiljoarbete-och-inspektioner/e-tjanster-och-blanketter/sok-utstationering/?id=b2f8cae8-540c-4e76-f6fa-08df07e709c2&E=System.String[];3;Nordic Special Project AS | Stålverket 20 96140 Boden | 4 | Läs mer
2026-10-01;10:54:40+0000;NORDGEO PRO SP. Z O.O;Stålverket 20 96140 Boden;2;Boden;https://www.av.se/arbetsmiljoarbete-och-inspektioner/e-tjanster-och-blanketter/sok-utstationering/?id=bfb74389-bf12-49b8-83d8-08de12bfcc0c&E=System.String[];3;NORDGEO PRO SP. Z O.O | Stålverket 20 96140 Boden | 2 | Läs mer
2026-10-01;10:54:40+0000;NORDGEO PRO SP. Z O.O;Stålverket 20 96140 Boden;3;Boden;https://www.av.se/arbetsmiljoarbete-och-inspektioner/e-tjanster-och-blanketter/sok-utstationering/?id=6c19fea4-917b-4bb7-500e-08de10608a63&E=System.String[];3;NORDGEO PRO SP. Z O.O | Stålverket 20 96140 Boden | 3 | Läs mer
2026-10-01;10:54:40+0000;Nord Raudoitus Oy;Stålverket 20 96140 Boden;1;Boden;https://www.av.se/arbetsmiljoarbete-och-inspektioner/e-tjanster-och-blanketter/sok-utstationering/?id=a93beabe-a3b1-4ddc-ee2c-08df02639f17&E=System.String[];3;Nord Raudoitus Oy | Stålverket 20 96140 Boden | 1 | Läs mer
2026-10-01;10:54:40+0000;Nakkila Works Oy;Stålverket 20 96140 Boden;2;Boden;https://www.av.se/arbetsmiljoarbete-och-inspektioner/e-tjanster-och-blanketter/sok-utstationering/?id=de1f500e-3b58-474b-11ee-08debf98a1d5&E=System.String[];3;Nakkila Works Oy | Stålverket 20 96140 Boden | 2 | Läs mer
2026-10-01;10:54:40+0000;MTO Industries Oy;Stålverket 20 96140 Boden;8;Boden;https://www.av.se/arbetsmiljoarbete-och-inspektioner/e-tjanster-och-blanketter/sok-utstationering/?id=7c59c762-1b63-44ad-73a0-08de06f61b32&E=System.String[];3;MTO Industries Oy | Stålverket 20 96140 Boden | 8 | Läs mer
2026-10-01;10:54:40+0000;M-SOLUTION INDUSTRIAL SERVICES;Stålverket 20 96140 Boden;3;Boden;https://www.av.se/arbetsmiljoarbete-och-inspektioner/e-tjanster-och-blanketter/sok-utstationering/?id=d3c17f64-0750-47bb-0cb2-08decb6c2122&E=System.String[];3;M-SOLUTION INDUSTRIAL SERVICES | Stålverket 20 96140 Boden | 3 | Läs mer
2026-10-01;10:54:40+0000;Midrex Technologies Inc;Stålverket 20 96140 Boden;1;Boden;https://www.av.se/arbetsmiljoarbete-och-inspektioner/e-tjanster-och-blanketter/sok-utstationering/?id=ef9db87b-3cf1-4268-276a-08de9069cad6&E=System.String[];3;Midrex Technologies Inc | Stålverket 20 96140 Boden | 1 | Läs mer
2026-10-01;10:54:40+0000;Midrex Technologies Inc;Stålverket 20 96140 Boden;3;Boden;https://www.av.se/arbetsmiljoarbete-och-inspektioner/e-tjanster-och-blanketter/sok-utstationering/?id=e6420342-fc18-4329-44dd-08dcfee77a9f&E=System.String[];3;Midrex Technologies Inc | Stålverket 20 96140 Boden | 3 | Läs mer
2026-10-01;10:54:40+0000;MIDAS INDUSTRIES SP Z OO;Stålverket 20 96140 Boden;3;Boden;https://www.av.se/arbetsmiljoarbete-och-inspektioner/e-tjanster-och-blanketter/sok-utstationering/?id=823d2379-2a6d-4b11-a54c-08df1219aa16&E=System.String[];3;MIDAS INDUSTRIES SP Z OO | Stålverket 20 96140 Boden | 3 | Läs mer
2026-10-01;10:54:40+0000;MGCT Consulting & Services srl;Stålverket 20 96140 Boden;1;Boden;https://www.av.se/arbetsmiljoarbete-och-inspektioner/e-tjanster-och-blanketter/sok-utstationering/?id=dc85ff88-2f60-4dcf-3e3e-08def373c9dd&E=System.String[];3;MGCT Consulting & Services srl | Stålverket 20 96140 Boden | 1 | Läs mer
2026-10-01;10:54:40+0000;METRUM, SIA;Stålverket 20 96140 Boden;3;Boden;https://www.av.se/arbetsmiljoarbete-och-inspektioner/e-tjanster-och-blanketter/sok-utstationering/?id=74cd7685-e236-4c4a-0f94-08de95274a1e&E=System.String[];3;METRUM, SIA | Stålverket 20 96140 Boden | 3 | Läs mer
2026-10-01;10:54:40+0000;Meri-Lapin huolto Oy;Stålverket 20 96140 Boden;1;Boden;https://www.av.se/arbetsmiljoarbete-och-inspektioner/e-tjanster-och-blanketter/sok-utstationering/?id=8c222d31-434b-49d9-c3c5-08def7577433&E=System.String[];3;Meri-Lapin huolto Oy | Stålverket 20 96140 Boden | 1 | Läs mer
2026-10-01;10:54:40+0000;MB JOLTERA;Stålverket 20 96140 Boden;65;Boden;https://www.av.se/arbetsmiljoarbete-och-inspektioner/e-tjanster-och-blanketter/sok-utstationering/?id=8134f2ea-0504-42f0-781e-08ddfbf48b88&E=System.String[];3;MB JOLTERA | Stålverket 20 96140 Boden | 65 | Läs mer
2026-10-01;10:54:40+0000;MaxPro Solutions;Stålverket 20 96140 Boden;251;Boden;https://www.av.se/arbetsmiljoarbete-och-inspektioner/e-tjanster-och-blanketter/sok-utstationering/?id=20d90ffb-6952-4c71-5abc-08de3fc9c116&E=System.String[];3;MaxPro Solutions | Stålverket 20 96140 Boden | 251 | Läs mer
2026-10-01;10:54:40+0000;Maanrakennus Kallinen Oy;Stålverket 20 96140 Boden;1;Boden;https://www.av.se/arbetsmiljoarbete-och-inspektioner/e-tjanster-och-blanketter/sok-utstationering/?id=91906299-ad7a-4ab4-5edf-08def11eb407&E=System.String[];3;Maanrakennus Kallinen Oy | Stålverket 20 96140 Boden | 1 | Läs mer
2026-10-01;10:54:40+0000;Maanrakennus Kallinen Oy;Stålverket 20 96140 Boden;2;Boden;https://www.av.se/arbetsmiljoarbete-och-inspektioner/e-tjanster-och-blanketter/sok-utstationering/?id=2f8964ea-e056-4d41-00be-08deeec141db&E=System.String[];3;Maanrakennus Kallinen Oy | Stålverket 20 96140 Boden | 2 | Läs mer
2026-10-01;10:54:40+0000;LTR-Rakennus Oy;Stålverket 20 96140 Boden;4;Boden;https://www.av.se/arbetsmiljoarbete-och-inspektioner/e-tjanster-och-blanketter/sok-utstationering/?id=a3c76054-834d-4266-8b35-08ddf5a331a2&E=System.String[];3;LTR-Rakennus Oy | Stålverket 20 96140 Boden | 4 | Läs mer
2026-10-01;10:54:40+0000;LK Bygg UAB;Stålverket 20 96140 Boden;65;Boden;https://www.av.se/arbetsmiljoarbete-och-inspektioner/e-tjanster-och-blanketter/sok-utstationering/?id=eb3ed4e8-45d5-4bb4-19ea-08dda324109d&E=System.String[];3;LK Bygg UAB | Stålverket 20 96140 Boden | 65 | Läs mer
2026-10-01;10:54:40+0000;LIZMONTAGENS - EMPRESA DE MONTAGENS TERM INDUSTRIAIS SA;Stålverket 20 96140 Boden;46;Boden;https://www.av.se/arbetsmiljoarbete-och-inspektioner/e-tjanster-och-blanketter/sok-utstationering/?id=dfc04437-0365-492d-9d83-08ddda2cfd6c&E=System.String[];3;LIZMONTAGENS - EMPRESA DE MONTAGENS TERM INDUSTRIAIS SA | Stålverket 20 96140 Boden | 46 | Läs mer
2026-10-01;10:54:40+0000;Kymsol;Stålverket 20 96140 Boden;2;Boden;https://www.av.se/arbetsmiljoarbete-och-inspektioner/e-tjanster-och-blanketter/sok-utstationering/?id=dcab1d58-2a7b-4931-7f98-08ddf1bc39bb&E=System.String[];3;Kymsol | Stålverket 20 96140 Boden | 2 | Läs mer
2026-10-01;10:54:40+0000;Kuljetusliike Thoden Oy;Stålverket 20 96140 Boden;7;Boden;https://www.av.se/arbetsmiljoarbete-och-inspektioner/e-tjanster-och-blanketter/sok-utstationering/?id=4fb4a1e8-6c4d-48b6-1da7-08dc3299b4b3&E=System.String[];3;Kuljetusliike Thoden Oy | Stålverket 20 96140 Boden | 7 | Läs mer
2026-10-01;10:54:40+0000;Kuljetusliike Aleksi Rytkönen Oy;Stålverket 20 96140 Boden;1;Boden;https://www.av.se/arbetsmiljoarbete-och-inspektioner/e-tjanster-och-blanketter/sok-utstationering/?id=c28b5f08-0ecc-4b17-3817-08dbc5c053d7&E=System.String[];3;Kuljetusliike Aleksi Rytkönen Oy | Stålverket 20 96140 Boden | 1 | Läs mer
2026-10-01;10:54:40+0000;KSH Steel sp. z o.o.;Stålverket 20 96140 Boden;6;Boden;https://www.av.se/arbetsmiljoarbete-och-inspektioner/e-tjanster-och-blanketter/sok-utstationering/?id=cfa519b7-7b50-4fd1-96c3-08de055cb329&E=System.String[];3;KSH Steel sp. z o.o. | Stålverket 20 96140 Boden | 6 | Läs mer
2026-10-01;10:54:40+0000;KMD Teknik AB;Svedjebergsvägen 10 96140 Boden;5;Boden;https://www.av.se/arbetsmiljoarbete-och-inspektioner/e-tjanster-och-blanketter/sok-utstationering/?id=c4ec6c1a-1c5a-48f5-b1b3-08dd86d25287&E=System.String[];3;KMD Teknik AB | Svedjebergsvägen 10 96140 Boden | 5 | Läs mer
2026-10-01;10:54:40+0000;KLM Ehitus OÜ;Moråsleden 1 96167 Boden;17;Boden;https://www.av.se/arbetsmiljoarbete-och-inspektioner/e-tjanster-och-blanketter/sok-utstationering/?id=1fab2ab9-fc5e-4892-8cda-08def69a8c01&E=System.String[];3;KLM Ehitus OÜ | Moråsleden 1 96167 Boden | 17 | Läs mer
2026-10-01;10:54:40+0000;KINTEC RECRUITMENT LIMITED;Stålverket 20 96140 Boden;15;Boden;https://www.av.se/arbetsmiljoarbete-och-inspektioner/e-tjanster-och-blanketter/sok-utstationering/?id=f1055d29-653a-4c2b-d2fa-08dd9757872b&E=System.String[];3;KINTEC RECRUITMENT LIMITED | Stålverket 20 96140 Boden | 15 | Läs mer
2026-10-01;10:54:40+0000;KINTEC RECRUITMENT LIMITED;Stålverket 20 96140 Boden;2;Boden;https://www.av.se/arbetsmiljoarbete-och-inspektioner/e-tjanster-och-blanketter/sok-utstationering/?id=32a77240-c41a-4500-6bd2-08de9aaf411a&E=System.String[];3;KINTEC RECRUITMENT LIMITED | Stålverket 20 96140 Boden | 2 | Läs mer
2026-10-01;10:54:40+0000;KINGA SZYMCZYK S-ASSIST;Stålverket 20 96140 Boden;3;Boden;https://www.av.se/arbetsmiljoarbete-och-inspektioner/e-tjanster-och-blanketter/sok-utstationering/?id=29a56001-4336-4746-6bd5-08dee0a293ed&E=System.String[];3;KINGA SZYMCZYK S-ASSIST | Stålverket 20 96140 Boden | 3 | Läs mer
2026-10-01;10:54:40+0000;Kavamet-Konepaja Oy;Stålverket 20 96140 Boden;2;Boden;https://www.av.se/arbetsmiljoarbete-och-inspektioner/e-tjanster-och-blanketter/sok-utstationering/?id=6a01f71d-c553-47b1-734d-08dcee6c08e1&E=System.String[];3;Kavamet-Konepaja Oy | Stålverket 20 96140 Boden | 2 | Läs mer
2026-10-01;10:54:40+0000;Kantojärven Metalli Oy;Stålverket 20 96140 Boden;3;Boden;https://www.av.se/arbetsmiljoarbete-och-inspektioner/e-tjanster-och-blanketter/sok-utstationering/?id=9f297a22-d6e0-46c9-45a7-08de2279daeb&E=System.String[];3;Kantojärven Metalli Oy | Stålverket 20 96140 Boden | 3 | Läs mer
2026-10-01;10:54:40+0000;Kametal bv;Stålverket 20 96140 Boden;3;Boden;https://www.av.se/arbetsmiljoarbete-och-inspektioner/e-tjanster-och-blanketter/sok-utstationering/?id=9237703e-ab65-44e0-751a-08ddae2a7822&E=System.String[];3;Kametal bv | Stålverket 20 96140 Boden | 3 | Läs mer
2026-10-01;10:54:40+0000;KADDGROUP SERVICES OÜ;Stålverket 20 96140 Boden;3;Boden;https://www.av.se/arbetsmiljoarbete-och-inspektioner/e-tjanster-och-blanketter/sok-utstationering/?id=7509f404-0ed3-472f-1d87-08de5d6ca7a5&E=System.String[];3;KADDGROUP SERVICES OÜ | Stålverket 20 96140 Boden | 3 | Läs mer
2026-10-01;10:54:40+0000;Izoref iberia Unipessoal LDA;Stålverket 20 96140 Boden;4;Boden;https://www.av.se/arbetsmiljoarbete-och-inspektioner/e-tjanster-och-blanketter/sok-utstationering/?id=12a0364d-22da-4992-2eff-08deec14c22e&E=System.String[];3;Izoref iberia Unipessoal LDA | Stålverket 20 96140 Boden | 4 | Läs mer
2026-10-01;10:54:40+0000;Izoref Constructii srl;Stålverket 20 96140 Boden;13;Boden;https://www.av.se/arbetsmiljoarbete-och-inspektioner/e-tjanster-och-blanketter/sok-utstationering/?id=324f1a41-757a-4542-09ba-08deeb94af0b&E=System.String[];3;Izoref Constructii srl | Stålverket 20 96140 Boden | 13 | Läs mer
2026-10-01;10:54:40+0000;Ilmastointi Salminen Oy;Stålverket 20 96140 Boden;2;Boden;https://www.av.se/arbetsmiljoarbete-och-inspektioner/e-tjanster-och-blanketter/sok-utstationering/?id=e44e189d-e43f-495c-6a36-08ddcb3df1b2&E=System.String[];3;Ilmastointi Salminen Oy | Stålverket 20 96140 Boden | 2 | Läs mer
2026-10-01;10:54:40+0000;IDOM CONSULTING ENGINEERING ARCHITECTURE SAU;Stålverket 20 96140 Boden;17;Boden;https://www.av.se/arbetsmiljoarbete-och-inspektioner/e-tjanster-och-blanketter/sok-utstationering/?id=c15529d6-df31-4efe-8001-08de1c314707&E=System.String[];3;IDOM CONSULTING ENGINEERING ARCHITECTURE SAU | Stålverket 20 96140 Boden | 17 | Läs mer
2026-10-01;10:54:40+0000;Hitspe Oy;Stålverket 20 96140 Boden;2;Boden;https://www.av.se/arbetsmiljoarbete-och-inspektioner/e-tjanster-och-blanketter/sok-utstationering/?id=9507b4b0-ffbb-49b9-668d-08df019d5369&E=System.String[];3;Hitspe Oy | Stålverket 20 96140 Boden | 2 | Läs mer
2026-10-01;10:54:40+0000;HELB d.o.o.;Stålverket 20 96140 Boden;10;Boden;https://www.av.se/arbetsmiljoarbete-och-inspektioner/e-tjanster-och-blanketter/sok-utstationering/?id=fcfc8e74-4e7b-4b83-ca9b-08deed26fd81&E=System.String[];4;HELB d.o.o. | Stålverket 20 96140 Boden | 10 | Läs mer
2026-10-01;10:54:40+0000;Havator Oy;Stålverket 20 96140 Boden;73;Boden;https://www.av.se/arbetsmiljoarbete-och-inspektioner/e-tjanster-och-blanketter/sok-utstationering/?id=b0fd023a-3aef-4a4a-123d-08dd2ede08ee&E=System.String[];4;Havator Oy | Stålverket 20 96140 Boden | 73 | Läs mer
2026-10-01;10:54:40+0000;Hallix Finland Oy;Stålverket 20 96140 Boden;4;Boden;https://www.av.se/arbetsmiljoarbete-och-inspektioner/e-tjanster-och-blanketter/sok-utstationering/?id=e945dd38-3d51-4c4d-e1ea-08ddc3551bc8&E=System.String[];4;Hallix Finland Oy | Stålverket 20 96140 Boden | 4 | Läs mer
2026-10-01;10:54:40+0000;Haaponiemi Infra Oy;Stålverket 20 96140 Boden;2;Boden;https://www.av.se/arbetsmiljoarbete-och-inspektioner/e-tjanster-och-blanketter/sok-utstationering/?id=83db1eb2-d559-4a28-e027-08de5c97ab07&E=System.String[];4;Haaponiemi Infra Oy | Stålverket 20 96140 Boden | 2 | Läs mer
2026-10-01;10:54:40+0000;Haaponiemi Infra Oy;Stålverket 20 96140 Boden;1;Boden;https://www.av.se/arbetsmiljoarbete-och-inspektioner/e-tjanster-och-blanketter/sok-utstationering/?id=d8ecc996-f721-44ae-24e0-08dcce356a8b&E=System.String[];4;Haaponiemi Infra Oy | Stålverket 20 96140 Boden | 1 | Läs mer
2026-10-01;10:54:40+0000;GT Polen Sp.z.o.o.;Baldersgatan 1 96133 Boden;4;Boden;https://www.av.se/arbetsmiljoarbete-och-inspektioner/e-tjanster-och-blanketter/sok-utstationering/?id=307a5f33-ea69-4a02-3fc3-08de5ef121a2&E=System.String[];4;GT Polen Sp.z.o.o. | Baldersgatan 1 96133 Boden | 4 | Läs mer
2026-10-01;10:54:40+0000;Give Steel A/S;Stålverket 20 96140 Boden;2;Boden;https://www.av.se/arbetsmiljoarbete-och-inspektioner/e-tjanster-och-blanketter/sok-utstationering/?id=4131b51b-3fd3-471c-57d6-08dd3f640025&E=System.String[];4;Give Steel A/S | Stålverket 20 96140 Boden | 2 | Läs mer
2026-10-01;10:54:40+0000;GF Engineering SRL;Stålverket 20 96140 Boden;61;Boden;https://www.av.se/arbetsmiljoarbete-och-inspektioner/e-tjanster-och-blanketter/sok-utstationering/?id=00a0922e-c6b9-4419-fae0-08dd91d84c26&E=System.String[];4;GF Engineering SRL | Stålverket 20 96140 Boden | 61 | Läs mer
2026-10-01;10:54:40+0000;Fortis Associates Ltd;Stålverket 20 96140 Boden;2;Boden;https://www.av.se/arbetsmiljoarbete-och-inspektioner/e-tjanster-och-blanketter/sok-utstationering/?id=8749ec26-dd61-49af-52c1-08dca2489d76&E=System.String[];4;Fortis Associates Ltd | Stålverket 20 96140 Boden | 2 | Läs mer
2026-10-01;10:54:40+0000;Fortis Associates Ltd;Stålverket 20 96140 Boden;32;Boden;https://www.av.se/arbetsmiljoarbete-och-inspektioner/e-tjanster-och-blanketter/sok-utstationering/?id=c83a09cb-8b92-4712-69b3-08dc3d082c36&E=System.String[];4;Fortis Associates Ltd | Stålverket 20 96140 Boden | 32 | Läs mer
2026-10-01;10:54:40+0000;Fortis Associates Ltd;Stålverket 20 96140 Boden;2;Boden;https://www.av.se/arbetsmiljoarbete-och-inspektioner/e-tjanster-och-blanketter/sok-utstationering/?id=e4c5d00c-3f32-4cb2-317c-08dcf3298406&E=System.String[];4;Fortis Associates Ltd | Stålverket 20 96140 Boden | 2 | Läs mer
2026-10-01;10:54:40+0000;Fortis Associates Ltd;Kungsgatan 41 96134 Boden;1;Boden;https://www.av.se/arbetsmiljoarbete-och-inspektioner/e-tjanster-och-blanketter/sok-utstationering/?id=937ceac4-f19a-4094-c3a2-08def7577433&E=System.String[];4;Fortis Associates Ltd | Kungsgatan 41 96134 Boden | 1 | Läs mer
2026-10-01;10:54:40+0000;Fluor South Africa (Pty) Ltd;Stålverket 20 96140 Boden;2;Boden;https://www.av.se/arbetsmiljoarbete-och-inspektioner/e-tjanster-och-blanketter/sok-utstationering/?id=349096f3-fc9d-421a-9f08-08dc165da14c&E=System.String[];4;Fluor South Africa (Pty) Ltd | Stålverket 20 96140 Boden | 2 | Läs mer
2026-10-01;10:54:40+0000;Fluor Daniel Technical Services;Stålverket 20 96140 Boden;1;Boden;https://www.av.se/arbetsmiljoarbete-och-inspektioner/e-tjanster-och-blanketter/sok-utstationering/?id=d457bd80-695f-4d22-cbd8-08dbc98af9f7&E=System.String[];4;Fluor Daniel Technical Services | Stålverket 20 96140 Boden | 1 | Läs mer
2026-10-01;10:54:40+0000;Fluor B.V.;Stålverket 20 96140 Boden;1;Boden;https://www.av.se/arbetsmiljoarbete-och-inspektioner/e-tjanster-och-blanketter/sok-utstationering/?id=9b20934b-98ff-4971-99e3-08dba96f5f4d&E=System.String[];4;Fluor B.V. | Stålverket 20 96140 Boden | 1 | Läs mer
2026-10-01;10:54:40+0000;Five-P Enterprises Oy;Stålverket 20 96140 Boden;1;Boden;https://www.av.se/arbetsmiljoarbete-och-inspektioner/e-tjanster-och-blanketter/sok-utstationering/?id=d54e01c5-c8c3-4946-7619-08dce07b542c&E=System.String[];4;Five-P Enterprises Oy | Stålverket 20 96140 Boden | 1 | Läs mer
2026-10-01;10:54:40+0000;Finrak OÜ;Stålverket 20 96140 Boden;2;Boden;https://www.av.se/arbetsmiljoarbete-och-inspektioner/e-tjanster-och-blanketter/sok-utstationering/?id=908397b8-fedf-49c6-d53a-08ddcff1dc10&E=System.String[];4;Finrak OÜ | Stålverket 20 96140 Boden | 2 | Läs mer
2026-10-01;10:54:40+0000;Fimpec PMO Oy;Stålverket 20 96140 Boden;2;Boden;https://www.av.se/arbetsmiljoarbete-och-inspektioner/e-tjanster-och-blanketter/sok-utstationering/?id=0d3391b2-d4d3-4119-e990-08ddd3dcf80e&E=System.String[];4;Fimpec PMO Oy | Stålverket 20 96140 Boden | 2 | Läs mer
2026-10-01;10:54:40+0000;Fimpec PMO Oy;Teknikvägen 3 96150 Boden;1;Boden;https://www.av.se/arbetsmiljoarbete-och-inspektioner/e-tjanster-och-blanketter/sok-utstationering/?id=ab9a8eea-bcfa-4c98-d21f-08ddcd90f4a9&E=System.String[];4;Fimpec PMO Oy | Teknikvägen 3 96150 Boden | 1 | Läs mer
2026-10-01;10:54:40+0000;FERRMIX CONSTRUCTION OÜ;Stålverket 20 96140 Boden;16;Boden;https://www.av.se/arbetsmiljoarbete-och-inspektioner/e-tjanster-och-blanketter/sok-utstationering/?id=af79d267-593e-4bbd-0a4a-08dd352e6bf4&E=System.String[];4;FERRMIX CONSTRUCTION OÜ | Stålverket 20 96140 Boden | 16 | Läs mer
2026-10-01;10:54:40+0000;FERRETTI CONSTRUCTION SRL;Teknikvägen 3 96150 Boden;29;Boden;https://www.av.se/arbetsmiljoarbete-och-inspektioner/e-tjanster-och-blanketter/sok-utstationering/?id=65231aca-32f0-420b-c3aa-08de743c6266&E=System.String[];4;FERRETTI CONSTRUCTION SRL | Teknikvägen 3 96150 Boden | 29 | Läs mer
2026-10-01;10:54:40+0000;Ferretti Construction;Stålverket 20 96140 Boden;34;Boden;https://www.av.se/arbetsmiljoarbete-och-inspektioner/e-tjanster-och-blanketter/sok-utstationering/?id=9e0e1ec1-8c9e-4daf-e99d-08ddd3dcf80e&E=System.String[];4;Ferretti Construction | Stålverket 20 96140 Boden | 34 | Läs mer
2026-10-01;10:54:40+0000;EXACT Geomark AS;Stålverket 20 96140 Boden;1;Boden;https://www.av.se/arbetsmiljoarbete-och-inspektioner/e-tjanster-och-blanketter/sok-utstationering/?id=e3760e21-b783-429a-2f4f-08de316986e1&E=System.String[];4;EXACT Geomark AS | Stålverket 20 96140 Boden | 1 | Läs mer
2026-10-01;10:54:40+0000;Exact Czech s.r.o.;Stålverket 20 96140 Boden;6;Boden;https://www.av.se/arbetsmiljoarbete-och-inspektioner/e-tjanster-och-blanketter/sok-utstationering/?id=a90a1c24-5177-44b7-5fbd-08ddc4f010f9&E=System.String[];4;Exact Czech s.r.o. | Stålverket 20 96140 Boden | 6 | Läs mer
2026-10-01;10:54:40+0000;Euromontas, UAB;Bullerleden 5 96167 Boden;8;Boden;https://www.av.se/arbetsmiljoarbete-och-inspektioner/e-tjanster-och-blanketter/sok-utstationering/?id=7a79064f-b648-4ddc-617d-08dd726cb317&E=System.String[];4;Euromontas, UAB | Bullerleden 5 96167 Boden | 8 | Läs mer
2026-10-01;10:54:40+0000;Euromontas Suomi Oy;Stålverket 20 96140 Boden;1;Boden;https://www.av.se/arbetsmiljoarbete-och-inspektioner/e-tjanster-och-blanketter/sok-utstationering/?id=ed22282d-2170-43eb-7f13-08dd758e981a&E=System.String[];4;Euromontas Suomi Oy | Stålverket 20 96140 Boden | 1 | Läs mer
2026-10-01;10:54:40+0000;EUPTECH;Stålverket 20 96140 Boden;2;Boden;https://www.av.se/arbetsmiljoarbete-och-inspektioner/e-tjanster-och-blanketter/sok-utstationering/?id=7188a517-7f94-4bac-5286-08de8fa033d3&E=System.String[];4;EUPTECH | Stålverket 20 96140 Boden | 2 | Läs mer
2026-10-01;10:54:40+0000;ETT-INTERIM;Stålverket 20 96140 Boden;126;Boden;https://www.av.se/arbetsmiljoarbete-och-inspektioner/e-tjanster-och-blanketter/sok-utstationering/?id=c28dbf47-cfad-4d31-7179-08ddde14e1aa&E=System.String[];4;ETT-INTERIM | Stålverket 20 96140 Boden | 126 | Läs mer
2026-10-01;10:54:40+0000;Erko elektro s.r.o.;Stålverket 20 96140 Boden;1;Boden;https://www.av.se/arbetsmiljoarbete-och-inspektioner/e-tjanster-och-blanketter/sok-utstationering/?id=b7b38542-9079-4379-d659-08dda700024b&E=System.String[];4;Erko elektro s.r.o. | Stålverket 20 96140 Boden | 1 | Läs mer
2026-10-01;10:54:40+0000;Enersense Works Oy;Stålverket 20 96140 Boden;21;Boden;https://www.av.se/arbetsmiljoarbete-och-inspektioner/e-tjanster-och-blanketter/sok-utstationering/?id=6825275d-2b43-4b72-155b-08de016fc431&E=System.String[];4;Enersense Works Oy | Stålverket 20 96140 Boden | 21 | Läs mer
2026-10-01;10:54:40+0000;Enersense Works Oy;Stålverket 20 96140 Boden;2;Boden;https://www.av.se/arbetsmiljoarbete-och-inspektioner/e-tjanster-och-blanketter/sok-utstationering/?id=70621c01-7f44-4250-f397-08dedd79a90c&E=System.String[];4;Enersense Works Oy | Stålverket 20 96140 Boden | 2 | Läs mer
2026-10-01;10:54:40+0000;EMTS;Stålverket 20 96140 Boden;1;Boden;https://www.av.se/arbetsmiljoarbete-och-inspektioner/e-tjanster-och-blanketter/sok-utstationering/?id=071ed2ae-21e6-4e00-a0be-08ddf740f46c&E=System.String[];4;EMTS | Stålverket 20 96140 Boden | 1 | Läs mer
2026-10-01;10:54:40+0000;Emerald Core Construction Trading as The Advantage Ireland;Stålverket 20 96140 Boden;1;Boden;https://www.av.se/arbetsmiljoarbete-och-inspektioner/e-tjanster-och-blanketter/sok-utstationering/?id=d503b7eb-418d-4f50-e201-08dede411cd2&E=System.String[];4;Emerald Core Construction Trading as The Advantage Ireland | Stålverket 20 96140 Boden | 1 | Läs mer
2026-10-01;10:54:40+0000;Emerald Core Construction Trading as The Advantage Ireland;Stålverket 20 96140 Boden;1;Boden;https://www.av.se/arbetsmiljoarbete-och-inspektioner/e-tjanster-och-blanketter/sok-utstationering/?id=9ff6a123-da25-4ba3-46a7-08deafe4a013&E=System.String[];4;Emerald Core Construction Trading as The Advantage Ireland | Stålverket 20 96140 Boden | 1 | Läs mer
2026-10-01;10:54:40+0000;EMC Projects;Stålverket 20 96140 Boden;12;Boden;https://www.av.se/arbetsmiljoarbete-och-inspektioner/e-tjanster-och-blanketter/sok-utstationering/?id=991b78e9-b1aa-4d5c-be0c-08dd092d41d0&E=System.String[];4;EMC Projects | Stålverket 20 96140 Boden | 12 | Läs mer
2026-10-01;10:54:40+0000;EIFFAGE GENIE CIVIL MARINE;Stålverket 20 96140 Boden;55;Boden;https://www.av.se/arbetsmiljoarbete-och-inspektioner/e-tjanster-och-blanketter/sok-utstationering/?id=67b5da9a-6779-43ba-0fec-08ddd95fa57f&E=System.String[];4;EIFFAGE GENIE CIVIL MARINE | Stålverket 20 96140 Boden | 55 | Läs mer
2026-10-01;10:54:40+0000;Egeria OÜ;Stålverket 20 96140 Boden;9;Boden;https://www.av.se/arbetsmiljoarbete-och-inspektioner/e-tjanster-och-blanketter/sok-utstationering/?id=2c03fe19-fc2a-4ac0-f3fe-08df08aedd08&E=System.String[];4;Egeria OÜ | Stålverket 20 96140 Boden | 9 | Läs mer
2026-10-01;10:54:40+0000;Efecta, UAB;Stålverket 20 96140 Boden;276;Boden;https://www.av.se/arbetsmiljoarbete-och-inspektioner/e-tjanster-och-blanketter/sok-utstationering/?id=99e29b60-6651-44ae-7581-08deb17c1a5b&E=System.String[];4;Efecta, UAB | Stålverket 20 96140 Boden | 276 | Läs mer
2026-10-01;10:54:40+0000;Efecta, UAB;Övre Buddbyn 141 96192 Boden;7;Boden;https://www.av.se/arbetsmiljoarbete-och-inspektioner/e-tjanster-och-blanketter/sok-utstationering/?id=1a3a30d0-d973-4967-4584-08df16290256&E=System.String[];4;Efecta, UAB | Övre Buddbyn 141 96192 Boden | 7 | Läs mer
2026-10-01;10:54:40+0000;E. Helaakoski Oy;Stålverket 20 96140 Boden;4;Boden;https://www.av.se/arbetsmiljoarbete-och-inspektioner/e-tjanster-och-blanketter/sok-utstationering/?id=6d062287-c699-490c-bab7-08ded667ef6a&E=System.String[];4;E. Helaakoski Oy | Stålverket 20 96140 Boden | 4 | Läs mer
2026-10-01;10:54:40+0000;Dymont Installation Oy;Stålverket 20 96140 Boden;13;Boden;https://www.av.se/arbetsmiljoarbete-och-inspektioner/e-tjanster-och-blanketter/sok-utstationering/?id=a2589ff7-360e-42ea-16ba-08dd4cba981c&E=System.String[];4;Dymont Installation Oy | Stålverket 20 96140 Boden | 13 | Läs mer
2026-10-01;10:54:40+0000;Drive Consulting GmbH;Stålverket 20 96140 Boden;6;Boden;https://www.av.se/arbetsmiljoarbete-och-inspektioner/e-tjanster-och-blanketter/sok-utstationering/?id=c6721925-9b5f-4857-02ef-08dd5bb6be5f&E=System.String[];4;Drive Consulting GmbH | Stålverket 20 96140 Boden | 6 | Läs mer
2026-10-01;10:54:40+0000;Digita Oy;Teknikvägen 3 96150 Boden;6;Boden;https://www.av.se/arbetsmiljoarbete-och-inspektioner/e-tjanster-och-blanketter/sok-utstationering/?id=f5081375-6f65-4660-7b1e-08de729848d9&E=System.String[];4;Digita Oy | Teknikvägen 3 96150 Boden | 6 | Läs mer
2026-10-01;10:54:40+0000;Digita Oy;Stålverket 20 96140 Boden;1;Boden;https://www.av.se/arbetsmiljoarbete-och-inspektioner/e-tjanster-och-blanketter/sok-utstationering/?id=44848bf1-c813-4df9-0f1a-08deab24c9d0&E=System.String[];4;Digita Oy | Stålverket 20 96140 Boden | 1 | Läs mer
2026-10-01;10:54:40+0000;Digita Oy;Stålverket 20 96140 Boden;1;Boden;https://www.av.se/arbetsmiljoarbete-och-inspektioner/e-tjanster-och-blanketter/sok-utstationering/?id=50eb7ba4-9eea-41ee-6339-08deaa6389c3&E=System.String[];4;Digita Oy | Stålverket 20 96140 Boden | 1 | Läs mer
2026-10-01;10:54:40+0000;Cubitor;Stålverket 20 96140 Boden;12;Boden;https://www.av.se/arbetsmiljoarbete-och-inspektioner/e-tjanster-och-blanketter/sok-utstationering/?id=ec7e56fe-42fe-4364-2b9c-08dd8b8c8245&E=System.String[];4;Cubitor | Stålverket 20 96140 Boden | 12 | Läs mer
2026-10-01;10:54:40+0000;Cronos Digital Safety Solutions Oy;Stålverket 20 96140 Boden;1;Boden;https://www.av.se/arbetsmiljoarbete-och-inspektioner/e-tjanster-och-blanketter/sok-utstationering/?id=17f9d9e1-9d6c-4404-4ac4-08df146b5fd2&E=System.String[];4;Cronos Digital Safety Solutions Oy | Stålverket 20 96140 Boden | 1 | Läs mer
2026-10-01;10:54:40+0000;Cronos Digital Safety Solutions Oy;Stålverket 20 96140 Boden;1;Boden;https://www.av.se/arbetsmiljoarbete-och-inspektioner/e-tjanster-och-blanketter/sok-utstationering/?id=fa1d7cbf-76fb-438b-d216-08ddcd90f4a9&E=System.String[];4;Cronos Digital Safety Solutions Oy | Stålverket 20 96140 Boden | 1 | Läs mer
2026-10-01;10:54:40+0000;Crane Norway Midt-Norge AS;Stålverket 20 96140 Boden;1;Boden;https://www.av.se/arbetsmiljoarbete-och-inspektioner/e-tjanster-och-blanketter/sok-utstationering/?id=10bc38a4-c737-42ba-e608-08defcf0c49c&E=System.String[];4;Crane Norway Midt-Norge AS | Stålverket 20 96140 Boden | 1 | Läs mer
2026-10-01;10:54:40+0000;Corsair Consulting OÜ;Stålverket 20 96140 Boden;1;Boden;https://www.av.se/arbetsmiljoarbete-och-inspektioner/e-tjanster-och-blanketter/sok-utstationering/?id=f5c8f811-1cd8-4453-bf82-08dee6179cd8&E=System.String[];4;Corsair Consulting OÜ | Stålverket 20 96140 Boden | 1 | Läs mer
2026-10-01;10:54:40+0000;Corsair Consulting OÜ;Teknikvägen 3 96150 Boden;1;Boden;https://www.av.se/arbetsmiljoarbete-och-inspektioner/e-tjanster-och-blanketter/sok-utstationering/?id=03be4aea-1c02-43fe-c292-08ded01aebb7&E=System.String[];5;Corsair Consulting OÜ | Teknikvägen 3 96150 Boden | 1 | Läs mer
2026-10-01;10:54:40+0000;Construction Solutions sp. z o.o;Stålverket 20 96140 Boden;7;Boden;https://www.av.se/arbetsmiljoarbete-och-inspektioner/e-tjanster-och-blanketter/sok-utstationering/?id=82d16450-6e80-4f04-102b-08ddbd14078a&E=System.String[];5;Construction Solutions sp. z o.o | Stålverket 20 96140 Boden | 7 | Läs mer
2026-10-01;10:54:40+0000;Conpech Resources;Stålverket 20 96140 Boden;1;Boden;https://www.av.se/arbetsmiljoarbete-och-inspektioner/e-tjanster-och-blanketter/sok-utstationering/?id=f2fc2b11-1967-4c4c-7805-08ddfbf48b88&E=System.String[];5;Conpech Resources | Stålverket 20 96140 Boden | 1 | Läs mer
2026-10-01;10:54:40+0000;CN Heavy Transport AS;Stålverket 20 96140 Boden;2;Boden;https://www.av.se/arbetsmiljoarbete-och-inspektioner/e-tjanster-och-blanketter/sok-utstationering/?id=96bb9cf8-5ea2-4a0b-f60c-08ded59cff7c&E=System.String[];5;CN Heavy Transport AS | Stålverket 20 96140 Boden | 2 | Läs mer
2026-10-01;10:54:40+0000;Chart Ferox a.s.;Stålverket 20 96140 Boden;7;Boden;https://www.av.se/arbetsmiljoarbete-och-inspektioner/e-tjanster-och-blanketter/sok-utstationering/?id=aa0ef812-633c-43b1-a0ed-08de048b9df6&E=System.String[];5;Chart Ferox a.s. | Stålverket 20 96140 Boden | 7 | Läs mer
2026-10-01;10:54:40+0000;Centum Servico Ltd;Stålverket 20 96140 Boden;51;Boden;https://www.av.se/arbetsmiljoarbete-och-inspektioner/e-tjanster-och-blanketter/sok-utstationering/?id=21279f08-fa32-4ea2-866c-08de2b16bc5a&E=System.String[];5;Centum Servico Ltd | Stålverket 20 96140 Boden | 51 | Läs mer
2026-10-01;10:54:40+0000;Centum Engineering Services (SE) Ltd;Stålverket 20 96140 Boden;3;Boden;https://www.av.se/arbetsmiljoarbete-och-inspektioner/e-tjanster-och-blanketter/sok-utstationering/?id=09d44346-8837-45f5-ee3d-08dee15cb58e&E=System.String[];5;Centum Engineering Services (SE) Ltd | Stålverket 20 96140 Boden | 3 | Läs mer
2026-10-01;10:54:40+0000;CB&l Nederland B.V;Stålverket 20 96140 Boden;8;Boden;https://www.av.se/arbetsmiljoarbete-och-inspektioner/e-tjanster-och-blanketter/sok-utstationering/?id=6b56a271-c931-48d6-2f4b-08de316986e1&E=System.String[];5;CB&l Nederland B.V | Stålverket 20 96140 Boden | 8 | Läs mer
2026-10-01;10:54:40+0000;CB&I Global Operations International PTE. LTD.;Stålverket 20 96140 Boden;125;Boden;https://www.av.se/arbetsmiljoarbete-och-inspektioner/e-tjanster-och-blanketter/sok-utstationering/?id=25c36c56-3833-45b5-fe6d-08dca62d57e0&E=System.String[];5;CB&I Global Operations International PTE. LTD. | Stålverket 20 96140 Boden | 125 | Läs mer
2026-10-01;10:54:40+0000;Broderna Nygard Ab;Lakaträsk 404 Boden;12;Boden;https://www.av.se/arbetsmiljoarbete-och-inspektioner/e-tjanster-och-blanketter/sok-utstationering/?id=6302fceb-922f-4351-6880-08dec2c3eed1&E=System.String[];5;Broderna Nygard Ab | Lakaträsk 404 Boden | 12 | Läs mer
2026-10-01;10:54:40+0000;Boreal Paint Oy;Bullerleden 5 96167 Boden;5;Boden;https://www.av.se/arbetsmiljoarbete-och-inspektioner/e-tjanster-och-blanketter/sok-utstationering/?id=42094bb9-37ce-445d-ad53-08df0a44061d&E=System.String[];5;Boreal Paint Oy | Bullerleden 5 96167 Boden | 5 | Läs mer
2026-10-01;10:54:40+0000;BMS Heavy Cranes A/S;Stålverket 20 96140 Boden;2;Boden;https://www.av.se/arbetsmiljoarbete-och-inspektioner/e-tjanster-och-blanketter/sok-utstationering/?id=e413ffd8-de19-4f79-f221-08df1ea82e22&E=System.String[];5;BMS Heavy Cranes A/S | Stålverket 20 96140 Boden | 2 | Läs mer
2026-10-01;10:54:40+0000;BMS Heavy Cranes A/S;Teknikvägen 3 96150 Boden;3;Boden;https://www.av.se/arbetsmiljoarbete-och-inspektioner/e-tjanster-och-blanketter/sok-utstationering/?id=5c4c7c90-a7f4-4e8e-6416-08df13a80524&E=System.String[];5;BMS Heavy Cranes A/S | Teknikvägen 3 96150 Boden | 3 | Läs mer
2026-10-01;10:54:40+0000;BLT Ammunet OY;Stålverket 20 96140 Boden;2;Boden;https://www.av.se/arbetsmiljoarbete-och-inspektioner/e-tjanster-och-blanketter/sok-utstationering/?id=4f2967b7-dedf-4ae0-6d70-08dcd1d03edc&E=System.String[];5;BLT Ammunet OY | Stålverket 20 96140 Boden | 2 | Läs mer
2026-10-01;10:54:40+0000;Binks Overseas Nordics ApS;Stålverket 20 96140 Boden;1;Boden;https://www.av.se/arbetsmiljoarbete-och-inspektioner/e-tjanster-och-blanketter/sok-utstationering/?id=cb38172c-0e29-482b-df56-08dec06ee9e8&E=System.String[];5;Binks Overseas Nordics ApS | Stålverket 20 96140 Boden | 1 | Läs mer
2026-10-01;10:54:40+0000;Binks Overseas Nordics ApS;Stålverket 20 96140 Boden;1;Boden;https://www.av.se/arbetsmiljoarbete-och-inspektioner/e-tjanster-och-blanketter/sok-utstationering/?id=b2d88ab0-d105-43cb-8428-08de62f2656a&E=System.String[];5;Binks Overseas Nordics ApS | Stålverket 20 96140 Boden | 1 | Läs mer
2026-10-01;10:54:40+0000;Binks Overseas;Stålverket 20 96140 Boden;1;Boden;https://www.av.se/arbetsmiljoarbete-och-inspektioner/e-tjanster-och-blanketter/sok-utstationering/?id=41723e7c-947d-4ea6-3fa1-08de5ef121a2&E=System.String[];5;Binks Overseas | Stålverket 20 96140 Boden | 1 | Läs mer
2026-10-01;10:54:40+0000;Binks Overseas;Stålverket 20 96140 Boden;1;Boden;https://www.av.se/arbetsmiljoarbete-och-inspektioner/e-tjanster-och-blanketter/sok-utstationering/?id=500948b5-b83d-4e12-3fa0-08de5ef121a2&E=System.String[];5;Binks Overseas | Stålverket 20 96140 Boden | 1 | Läs mer
2026-10-01;10:54:40+0000;BILLWELD OÜ;Stålverket 20 96140 Boden;3;Boden;https://www.av.se/arbetsmiljoarbete-och-inspektioner/e-tjanster-och-blanketter/sok-utstationering/?id=c9203c4d-b429-44e2-b1ca-08de2e4470c6&E=System.String[];5;BILLWELD OÜ | Stålverket 20 96140 Boden | 3 | Läs mer
2026-10-01;10:54:40+0000;Bilfinger Finland Oy;Stålverket 20 96140 Boden;46;Boden;https://www.av.se/arbetsmiljoarbete-och-inspektioner/e-tjanster-och-blanketter/sok-utstationering/?id=5fc086e4-04a2-42f1-9754-08dd5235564d&E=System.String[];5;Bilfinger Finland Oy | Stålverket 20 96140 Boden | 46 | Läs mer
2026-10-01;10:54:40+0000;Betoniperhe AB;Stålverket 20 96140 Boden;12;Boden;https://www.av.se/arbetsmiljoarbete-och-inspektioner/e-tjanster-och-blanketter/sok-utstationering/?id=de510697-ad55-44be-9df2-08dc8483f4a7&E=System.String[];5;Betoniperhe AB | Stålverket 20 96140 Boden | 12 | Läs mer
2026-10-01;10:54:40+0000;Betoniperhe AB;Stålverket 20 96140 Boden;12;Boden;https://www.av.se/arbetsmiljoarbete-och-inspektioner/e-tjanster-och-blanketter/sok-utstationering/?id=968a1785-dbd8-4743-9df1-08dc8483f4a7&E=System.String[];5;Betoniperhe AB | Stålverket 20 96140 Boden | 12 | Läs mer
2026-10-01;10:54:40+0000;Betoniperhe AB;Stålverket 20 96140 Boden;12;Boden;https://www.av.se/arbetsmiljoarbete-och-inspektioner/e-tjanster-och-blanketter/sok-utstationering/?id=93315fac-839e-4771-9def-08dc8483f4a7&E=System.String[];5;Betoniperhe AB | Stålverket 20 96140 Boden | 12 | Läs mer
2026-10-01;10:54:40+0000;Betomik Oy;Stålverket 20 96140 Boden;27;Boden;https://www.av.se/arbetsmiljoarbete-och-inspektioner/e-tjanster-och-blanketter/sok-utstationering/?id=9a44c7ba-90e9-45d9-3803-08dbc5c053d7&E=System.String[];5;Betomik Oy | Stålverket 20 96140 Boden | 27 | Läs mer
2026-10-01;10:54:40+0000;Betomik Oy;Stålverket 20 96140 Boden;28;Boden;https://www.av.se/arbetsmiljoarbete-och-inspektioner/e-tjanster-och-blanketter/sok-utstationering/?id=efc0070a-135c-486d-92f2-08de3b9651cc&E=System.String[];5;Betomik Oy | Stålverket 20 96140 Boden | 28 | Läs mer
2026-10-01;10:54:40+0000;Barrage d.o.o. (LLC);Hangargränd 1 96143 Boden;1;Boden;https://www.av.se/arbetsmiljoarbete-och-inspektioner/e-tjanster-och-blanketter/sok-utstationering/?id=06c15c95-9263-45e9-9813-08d9977978b1&E=System.String[];5;Barrage d.o.o. (LLC) | Hangargränd 1 96143 Boden | 1 | Läs mer
2026-10-01;10:54:40+0000;B & M TILL IREM SPA ITALY Filial;Stålverket 20 96140 Boden;35;Boden;https://www.av.se/arbetsmiljoarbete-och-inspektioner/e-tjanster-och-blanketter/sok-utstationering/?id=1956e9b6-b25b-41a8-669f-08dcecd6a1cd&E=System.String[];5;B & M TILL IREM SPA ITALY Filial | Stålverket 20 96140 Boden | 35 | Läs mer
2026-10-01;10:54:40+0000;Aumaint Oy;Stålverket 20 96140 Boden;2;Boden;https://www.av.se/arbetsmiljoarbete-och-inspektioner/e-tjanster-och-blanketter/sok-utstationering/?id=df4c7393-daf9-48aa-cfca-08dd3c3bcfa4&E=System.String[];5;Aumaint Oy | Stålverket 20 96140 Boden | 2 | Läs mer
2026-10-01;10:54:40+0000;Arctic Rebar Oy;Stålverket 20 96140 Boden;25;Boden;https://www.av.se/arbetsmiljoarbete-och-inspektioner/e-tjanster-och-blanketter/sok-utstationering/?id=70b08801-2d46-40fa-01f7-08dcb6a0c782&E=System.String[];5;Arctic Rebar Oy | Stålverket 20 96140 Boden | 25 | Läs mer
2026-10-01;10:54:40+0000;Arctic Rebar Oy;Stålverket 20 96140 Boden;10;Boden;https://www.av.se/arbetsmiljoarbete-och-inspektioner/e-tjanster-och-blanketter/sok-utstationering/?id=2092d77f-e78e-491e-227d-08ddd0b305fd&E=System.String[];5;Arctic Rebar Oy | Stålverket 20 96140 Boden | 10 | Läs mer
2026-10-01;10:54:40+0000;Arctic Rebar Oy;Stålverket 20 96140 Boden;19;Boden;https://www.av.se/arbetsmiljoarbete-och-inspektioner/e-tjanster-och-blanketter/sok-utstationering/?id=598c3d3b-1dfe-4095-cbce-08dcb542ea83&E=System.String[];5;Arctic Rebar Oy | Stålverket 20 96140 Boden | 19 | Läs mer
2026-10-01;10:54:40+0000;Apex Core Oy;Stålverket 20 96140 Boden;4;Boden;https://www.av.se/arbetsmiljoarbete-och-inspektioner/e-tjanster-och-blanketter/sok-utstationering/?id=6429b1a9-7e9f-4f7c-534c-08ddf40e5521&E=System.String[];5;Apex Core Oy | Stålverket 20 96140 Boden | 4 | Läs mer
2026-10-01;10:54:40+0000;ANTMAR SP. Z O.O.;Stålverket 20 96140 Boden;12;Boden;https://www.av.se/arbetsmiljoarbete-och-inspektioner/e-tjanster-och-blanketter/sok-utstationering/?id=76528b85-49f3-41d1-3993-08dee3cc7e9b&E=System.String[];5;ANTMAR SP. Z O.O. | Stålverket 20 96140 Boden | 12 | Läs mer
2026-10-01;10:54:40+0000;AnDi retro OÜ;Hedenbrovägen 2 96136 Boden;5;Boden;https://www.av.se/arbetsmiljoarbete-och-inspektioner/e-tjanster-och-blanketter/sok-utstationering/?id=2f785497-ca23-4b5a-1248-08de831ce4ca&E=System.String[];5;AnDi retro OÜ | Hedenbrovägen 2 96136 Boden | 5 | Läs mer
2026-10-01;10:54:40+0000;AnDi retro OÜ;Stålverket 20 96140 Boden;19;Boden;https://www.av.se/arbetsmiljoarbete-och-inspektioner/e-tjanster-och-blanketter/sok-utstationering/?id=f552518d-788d-47da-2060-08de83f1238a&E=System.String[];5;AnDi retro OÜ | Stålverket 20 96140 Boden | 19 | Läs mer
2026-10-01;10:54:40+0000;AnDi retro OÜ;Stålverket 20 96140 Boden;5;Boden;https://www.av.se/arbetsmiljoarbete-och-inspektioner/e-tjanster-och-blanketter/sok-utstationering/?id=ee7c182e-dae6-491d-2058-08de83f1238a&E=System.String[];5;AnDi retro OÜ | Stålverket 20 96140 Boden | 5 | Läs mer
2026-10-01;10:54:40+0000;AMADORA WOODHOUSE SRL;Solskensvägen 25 Boden;5;Boden;https://www.av.se/arbetsmiljoarbete-och-inspektioner/e-tjanster-och-blanketter/sok-utstationering/?id=d1779f9e-4bb2-4c23-1d36-08de526ad5b1&E=System.String[];5;AMADORA WOODHOUSE SRL | Solskensvägen 25 Boden | 5 | Läs mer
2026-10-01;10:54:40+0000;Alpi Rakennus Oy;Stålverket 20 96140 Boden;13;Boden;https://www.av.se/arbetsmiljoarbete-och-inspektioner/e-tjanster-och-blanketter/sok-utstationering/?id=eb59188c-453a-4ce7-701d-08dee7b829f5&E=System.String[];5;Alpi Rakennus Oy | Stålverket 20 96140 Boden | 13 | Läs mer
2026-10-01;10:54:40+0000;ahc GmbH;Stålverket 20 96140 Boden;2;Boden;https://www.av.se/arbetsmiljoarbete-och-inspektioner/e-tjanster-och-blanketter/sok-utstationering/?id=fec8988d-de7e-43a3-4ca9-08dd6c2f2332&E=System.String[];5;ahc GmbH | Stålverket 20 96140 Boden | 2 | Läs mer
2026-10-01;10:54:40+0000;Acinel d.o.o.;Stålverket 20 96140 Boden;2;Boden;https://www.av.se/arbetsmiljoarbete-och-inspektioner/e-tjanster-och-blanketter/sok-utstationering/?id=58ed393a-df27-4c4f-2ec7-08de26697691&E=System.String[];5;Acinel d.o.o. | Stålverket 20 96140 Boden | 2 | Läs mer
2026-10-01;10:54:40+0000;Accero Baltic OÜ;Stålverket 20 96140 Boden;16;Boden;https://www.av.se/arbetsmiljoarbete-och-inspektioner/e-tjanster-och-blanketter/sok-utstationering/?id=3885772d-72e5-4398-ddd3-08deb6274b19&E=System.String[];5;Accero Baltic OÜ | Stålverket 20 96140 Boden | 16 | Läs mer
2026-10-01;10:54:40+0000;Accero Baltic OÜ;Stålverket 20 96140 Boden;7;Boden;https://www.av.se/arbetsmiljoarbete-och-inspektioner/e-tjanster-och-blanketter/sok-utstationering/?id=5f6290b4-e52e-4436-2a66-08deb561d804&E=System.String[];5;Accero Baltic OÜ | Stålverket 20 96140 Boden | 7 | Läs mer
2026-10-01;10:54:40+0000;AB Viamatika;Stålverket 20 96140 Boden;1;Boden;https://www.av.se/arbetsmiljoarbete-och-inspektioner/e-tjanster-och-blanketter/sok-utstationering/?id=0e537121-7be5-4d5c-bf9e-08dee6179cd8&E=System.String[];5;AB Viamatika | Stålverket 20 96140 Boden | 1 | Läs mer
